{"files":{"LICENSE":{"checkedAt":1708590266505,"integrity":"sha512-P6dI5Z+zrwxSk1MIRPqpYG2ScYNkidLIATQXd50QzBgBh/XmcEd/nsd9NB4O9k6rfc+4dsY5DwJ7xvhpoS0PRg==","mode":420,"size":765},"bin/semver":{"checkedAt":1708590266505,"integrity":"sha512-EnkQD+/jK8djDtYIjE6kMak0YKul+7rF5R6Q6rZuRBF+OYc0XEVbRl4hn7lsul+21EtFRNPjFwracHS+zUYMuQ==","mode":493,"size":4418},"range.bnf":{"checkedAt":1708590266506,"integrity":"sha512-QFWaLEiQU1s/JlrBiOQMDjjkPPmcgrV2EXQZ398F8wdbGszuVgmkqJC/yPJ5zEDXGKsgFteRUnpGI4Ed4TLnGw==","mode":420,"size":619},"semver.js":{"checkedAt":1708590266506,"integrity":"sha512-AAchN3HMv987ICfgJ1zO14Nvp/u7ENSaz3PrG7D4x0yVYcGaPNSR61z5L1lQLuD6l3xsYZQJ3YPQ5+o7GsU+KQ==","mode":420,"size":40812},"package.json":{"checkedAt":1708590266507,"integrity":"sha512-Cx5sdtE78nIwzJy48O4WEO2S/JapHRAUgP4QrxHDtb7Jv1Hh6UqP6APhDxlnWfaRXBtnGiSttryEcpf7JA3N+g==","mode":420,"size":978},"README.md":{"checkedAt":1708590266508,"integrity":"sha512-YzgdJcDIhj6NV7qbk1hspxRIyHFkweLF+YoVG4Jj218J+ffWxqjYZmudTfejNkzZ/J2JjrsWP24s9o2Ci3ewuQ==","mode":420,"size":15723}}}