{"files":{"LICENSE":{"checkedAt":1708590277184,"integrity":"sha512-vFbgxYbFh3RSvKsHL3xNeAcw2cy7dNn/td2GdZkiTPTAdJcXuCywRnNfQ/Ooh+isZJqABNKitk40B/VuthMPzg==","mode":420,"size":1118},"index.js":{"checkedAt":1708590277185,"integrity":"sha512-JIbD1nhdA3hqlE4JZFXjJipXM10/jeTKs23R2F7NbyxadYd0oM/wUuus+nV3b9bH9XNmpn8OXQSbo8u1DRIDKw==","mode":420,"size":45},"dist/js.cookie.js":{"checkedAt":1708590277185,"integrity":"sha512-F/dia2jKME12jwqiYDayeD+Rr/8jTWUD2wfbuJB0bzSwenSEnXsn4qQ/wVyXUCix5bmCAj8xJdtFr2OqUtjLAw==","mode":420,"size":4189},"dist/js.cookie.min.js":{"checkedAt":1708590277186,"integrity":"sha512-nlp9/l96/EpjYBx7EP7pGASVXNe80hGhYAUrjeXnu/fyF5Py0/RXav4BBNs7n5Hx1WFhOEOWSAVjGeC3oKxDVQ==","mode":420,"size":1731},"package.json":{"checkedAt":1708590277187,"integrity":"sha512-dmn9Nl3xCmhA/JOZ/wx40bXOBZRI5b8TXJFBTG0RYkZYIuAj+pn9FXcCJbCB9B0UkVazxomqHBjeMM7tQMp6Cw==","mode":420,"size":1785},"README.md":{"checkedAt":1708590277187,"integrity":"sha512-9W/Q7wvVzLh+nGcg22AVC9hJ9XRQvNVduHm6pjbDlKQ+srJ99haOegBuj2QU+Ah0nAQCXdGZjtxY/nLCDfabfA==","mode":420,"size":12387},"dist/js.cookie.min.mjs":{"checkedAt":1708590277188,"integrity":"sha512-Ippr8rFw3Jcn080BMLLvrjow1QTwh2RhpdNvSJaq91vlgi9G6P2MGxpV3LKW3eTKwJnpwM4S3CmacFDfkznJLA==","mode":420,"size":1428},"dist/js.cookie.mjs":{"checkedAt":1708590277189,"integrity":"sha512-E04aKqAqStyJkJC3TUxg1Fg4nUly5/4gFBTwSFytWzxSTObaE+v2F7B8btbvudqzJgGeCohGdEpp0+IALivJ5w==","mode":420,"size":3475}}}