{"files":{"LICENSE":{"checkedAt":1708590285493,"integrity":"sha512-rJe0G7xLLqgyNhMJJ4PuerXHNGXDTzau0ZW4bf48rmlL1v26WSBQa5uSQS2QEvSKApfFDtB+ldbHp0Dd4/FgGA==","mode":420,"size":1079},"source-map-url.js":{"checkedAt":1708590285494,"integrity":"sha512-flOtKhJbBAkNXtejUFFZV6e2EDdj3/gdPxux+kEH2vqbi5wsPbnCyxYQhaglwvDcqSYvpdRBhJsPIuA8xxU2cw==","mode":420,"size":1197},"package.json":{"checkedAt":1708590285495,"integrity":"sha512-IPA18JNmgNYvyvwleN/r1QV5kytsnF63lIgLFGDI+7w1p6oZLBpgdAVQX05sLQMd98/HsxANqbeskllBUTdKtw==","mode":420,"size":837},"changelog.md":{"checkedAt":1708590285496,"integrity":"sha512-9oI7M1Dv8V1JnePLYm8zQ5nR4y7imoKg/gZHdru9WCN3OBPMmVnnfKCzpLAJvcjt6tZgOynE72hTR/yK+EBVig==","mode":420,"size":2150},"readme.md":{"checkedAt":1708590285496,"integrity":"sha512-9RRlTNjsa6tboJJhKddn+zUkqauXmsQzqMVVCv96YpMb7KKxziwMY9vWJ9GlOANOTBwxatnRgf8HckTinRhMag==","mode":420,"size":2395}}}