{"files":{"package.json":{"checkedAt":1708590288192,"integrity":"sha512-JjmqnPovG1aA+7bHG2l181k7VF6rkJuonm3O4AYmSDhs9tYoKdnaGSGZSk8a4kw/yU80Jq2uz2yfbmV6IM1O0w==","mode":420,"size":811},"index.js":{"checkedAt":1708590288192,"integrity":"sha512-6uluNmHaakUWGJtOgF78MRwZO3MNT44WpjodbidplB03mXYPOGxDr/JEfDxLMZ589Cut4j/h7cnNONh02wzbEg==","mode":420,"size":150},"license":{"checkedAt":1708590288193,"integrity":"sha512-nIst73auX/5NY2Fmv5Y116vWnNrEv4GaIUX3lpZG05rpXJY2S8EX+fpUS5hRjClCM0VdT2Za9DDHXXB5jdSrEw==","mode":420,"size":1109},"readme.md":{"checkedAt":1708590288193,"integrity":"sha512-gCt4qsUS/Xm7vno3j9RbRhqw/GPiMOFgHEFnFKZfvv8LC26j3FwhAPz3X126WXuPY3cTbG9HZiLKhAwEGeIiZQ==","mode":420,"size":868}}}