{"files":{"package.json":{"checkedAt":1708590282033,"integrity":"sha512-mtXIEqB9bIIuIq/LL8uLowUVuZxycqmOrtLgAusF3vZDwGKN+RY2O6898AFCsS9bbt7AEhzXywSmsSpgL8RYYw==","mode":420,"size":1571},"README.md":{"checkedAt":1708590282034,"integrity":"sha512-PBwgazDNTN0SEyVYgWFp0FKccM+T+1AXMxqDP/Yh8qxd1s9ldmAMPennpnntdGgnfospSylmxBkHMBVzphSrDw==","mode":420,"size":4420},"LICENSE":{"checkedAt":1708590282035,"integrity":"sha512-lq7/KIS38aMUNN18NX4BP1tRi9ozEmtIXAwCCZTt5964lyrKnjs3PwB73ws2p7415zW1Y4DxV6wKHIE+Ggn+cg==","mode":420,"size":1087},"index.js":{"checkedAt":1708590282035,"integrity":"sha512-eRiKi5B3ANKtv0/052kSlea/XqG2f9i9LEMemXDykzDudmtpudtWd1LKtKgLvF11l1T98TnNGiSjaLvoEcYmXQ==","mode":420,"size":420}}}