{"files":{"package.json":{"checkedAt":1708590269583,"integrity":"sha512-I+WkSYJKy0aFcsMe3vi9zde9Z3w7V+6pTaXV2PM0oHlLZFnQrwpU9Y6NEPJLK8AhvTuyYi8FhSfdyFj8JHUerA==","mode":420,"size":603},"index.d.ts":{"checkedAt":1708590269584,"integrity":"sha512-SmjGZP16nhr0UEI8ibt1ie9LM+9W7sU98K1kfPYwBFujcBLYdN/IxP2yX9/3pKt9O/pgitXDZq9XIfgPfXEv/A==","mode":420,"size":1181},"index.js":{"checkedAt":1708590269585,"integrity":"sha512-nUYtR0QVyqk3glZGRqIgXugtvahfNWJ8c0GwknW+qnP2FmYIwaMi5NBzhOZs76E2Iz+qrTGrLUZD4V11o7TXhg==","mode":420,"size":1055},"license":{"checkedAt":1708590269585,"integrity":"sha512-nIst73auX/5NY2Fmv5Y116vWnNrEv4GaIUX3lpZG05rpXJY2S8EX+fpUS5hRjClCM0VdT2Za9DDHXXB5jdSrEw==","mode":420,"size":1109},"readme.md":{"checkedAt":1708590269586,"integrity":"sha512-2CfTkBSiHLBclu+EQxEsla8AzBXV5F5X+Uct2VmQ0Kij0AY6WBTPrt9zzqv5NyBhB5vMD5KKlX8fIMkDNNCzfg==","mode":420,"size":1560}}}