{"files":{"package.json":{"checkedAt":1708590264580,"integrity":"sha512-WfnV+T6k9uWzvf0hm/JH7otJrsI0XSUeJcTfkkZ1b2CRhuZ8ToEcXbirtx7Nc39DKzboDWRHDNAi3ghZDOi0pA==","mode":420,"size":1659},"LICENSE":{"checkedAt":1708590264581,"integrity":"sha512-R1qZo3n7cXJxC9ZzdngynR7EdzihR8ida78WEhvRhu6OKF5Tnw8IHgaJhVM4vuMCLfOUIvMRX2pSIfBlwreh4Q==","mode":420,"size":1485},"README.md":{"checkedAt":1708590264582,"integrity":"sha512-GPNaIc+bMIBMJBVudtzbl1iDdHZ5+2Qai2dXgxuWGB+X03kyqkT23VP7NrZDZ4Kw3FKU59yRd+5XoXknGnYXaw==","mode":420,"size":26248},"lib/cookie.js":{"checkedAt":1708590264584,"integrity":"sha512-QiEQB5h+4qUjAOoUu1PusotmcPIuyvX2BpZGkr3jR+LsROW+DwRXS44bAMWt16jAzrzCE3tCpygOnJ59dNqyiw==","mode":420,"size":39575},"lib/memstore.js":{"checkedAt":1708590264585,"integrity":"sha512-NZAjOjFeRJ7z4M6eZ2pMGE5u2V3tZ/E4IlpuzbHYisaV/Wu/azpgW32Se5Re4XDt0dqB1Y3kR0fvTGNiRqN1fw==","mode":420,"size":5726},"lib/pathMatch.js":{"checkedAt":1708590264586,"integrity":"sha512-dZoI9t+hdmCJJHTPZCV4jYs1oeaiD+uEsQ7QTuOWlCqFzFlNhWRG55gsKwXZ3INdeWXXCtA5ZbWoTyJzSzZZOg==","mode":420,"size":2435},"lib/permuteDomain.js":{"checkedAt":1708590264587,"integrity":"sha512-lCHl6Wk5qntLKqBRaNapK7jS8XqC/itfbbplfQG2OFRAsmRlQnBMZ8AoqkCWcwSUGM6hvB7y7kK+3x3LSLw99g==","mode":420,"size":2270},"lib/pubsuffix-psl.js":{"checkedAt":1708590264589,"integrity":"sha512-73oqwhWH2T6Yo5wLgtY7QsvG1vsL17Zd8qdXdD+b0a+88WGjJMY4dzZNT7FoVuYoVG6A0+pf3JJQvrIqtZbHUA==","mode":420,"size":1720},"lib/store.js":{"checkedAt":1708590264591,"integrity":"sha512-QM15Uqo9S1JpbtXre2qenjYtvsVbkIhbLVufosL4jEWiTDazTR24fvlKtWiPX5dBnEzwpiYGJXFZeICPOe3gRQ==","mode":420,"size":2841}}}