{"files":{"package.json":{"checkedAt":1708590284002,"integrity":"sha512-ak28gnP0KWvPUHlUqc/k8T+fOWptXMsP4QkxE2oBZ6vnA1COLWRZXRwWTAcwgkzEteC2FZK/nyvGJh0sCgmqyg==","mode":420,"size":1025},"README.md":{"checkedAt":1708590284003,"integrity":"sha512-Mb+XnBMPSLa+Mb6H5lAc65BJ5h98a0mfo3xaxTczlHYKcj3ypZ0GgSfborM1jeexuc36QcqP6Pko59VICSZMxw==","mode":420,"size":2759},"LICENSE":{"checkedAt":1708590284004,"integrity":"sha512-Pzk/oiavUErNJ+2Q1b5g1EPArVYQxVzQx4/walYwLVN7/eHoQhq7gKsPEb/xzHqN2Va5TjDYJGMyt4274Wkr6g==","mode":420,"size":1083},"index.js":{"checkedAt":1708590284004,"integrity":"sha512-xElmFtwrVnq9MGonIfFKf4qJ7D7RU9Gy+kwFkzet4CzuS7zNNU8An0VRYFnzT0kqUvHxVu2bnn5UVbyLUNhWcA==","mode":420,"size":981}}}