{"files":{"package.json":{"checkedAt":1708590290224,"integrity":"sha512-DedBEt8/EJFdzVbxankiKdSygaHBJTTwxUhs2HlcVqGS4QonhcehrnN4SIzoUslr0dmMgjzxjmqsakpMHIzPAw==","mode":420,"size":754},"index.js":{"checkedAt":1708590290225,"integrity":"sha512-YynUe0DsLYhQ6+fijyjheuXPmXOddlnUlGlvbvqHtUNgZoQWFd8cN7P7kYk9bC0rIbHX87YYpA+aE1ppW5Bq5g==","mode":420,"size":766},"license":{"checkedAt":1708590290226,"integrity":"sha512-rnnnpCCaRRrva3j3sLiBcOeiIzUSasNFUiv06v4IGNpYZarhUHxdwCJO+FRUjHId+ahDcYIvNtUMvNl/qUbu6Q==","mode":420,"size":1119},"readme.md":{"checkedAt":1708590290226,"integrity":"sha512-VvEEr5quQP88MMw8lpmI9gpnLAcYjnIsYcAaMP3Z3DFuYyXpDOS4Uoq48tCxi74zjjsu4HcYXzbOGe7VEgAPxA==","mode":420,"size":1890}}}