{"files":{"package.json":{"checkedAt":1708590282459,"integrity":"sha512-O3VrReLILfRsltS1OPfmfR6DBFuFd+yc9dQOOv5RnqfB/l5tbGfr7zVnNN6F6qgZEdctgaQ/6nbJIF0RhSGWlw==","mode":420,"size":1612},"README.md":{"checkedAt":1708590282459,"integrity":"sha512-3jM2UyLribtZ70+ZTNtR7aHmDVnxWJSTsOrKGczZSlTcLfuPNEZenFGN51962E1QC+slOXpcc0LsP/sQhjQf4A==","mode":420,"size":3439},"LICENSE":{"checkedAt":1708590282460,"integrity":"sha512-k5yaeclgrtMAXo4WduTJKbEFgallOoV5i9ZXUuAfGDmY5W2h+asbhbS1U2YqXwH3wKWtXlawnFlvOernEG0CfA==","mode":420,"size":1088},"index.js":{"checkedAt":1708590282461,"integrity":"sha512-/qKdpOb0KCEWhTSuKI1z07GL5hc9QjT50hf+7KvwYgr3SYfRT7v12DhYE8mmdGhAOjcufV9+3zRJ0ekshk9cSA==","mode":420,"size":709}}}