{"files":{"package.json":{"checkedAt":1708590287249,"integrity":"sha512-rghpzAxLkNC9QXaasREipjGPTBXkahgWe+qwlJ511FWBzf2NEhYXeImeagoeD9XTORWKJgrU4r3TDV4xDtYYFg==","mode":420,"size":775},"README.md":{"checkedAt":1708590287249,"integrity":"sha512-ZmRe3S86tUOlrHjNvb8qL/tN3I6vObbQQgC6erfze0KpadPg5zEMbIHFMtjbxFHr9+cKhnd/AC1FdqDpbhNgZA==","mode":420,"size":680},"LICENSE":{"checkedAt":1708590287250,"integrity":"sha512-K9QOZ5ULG5uHTisEiiAh1fPOUvsNVaX9t6+YLBdBi4cGmkG1dBXI6uHNL2xChwnrY0WoslGP96nMs0gwUF5Lnw==","mode":420,"size":748},"index.js":{"checkedAt":1708590287250,"integrity":"sha512-79heArDH3DhRkBHPwlhwQofhKk6RL/WiSYiHPbL3mpwGCyzYLk5d9PztH+1IScw+zDsFJfn03Qff/s2NLNca1A==","mode":420,"size":614}}}