{"files":{"package.json":{"checkedAt":1708590270530,"integrity":"sha512-WPWSDZxlS6j8OnobFrOpBMxtEfAQ1mOgU0BEeGmiFC0fPP9hxXQcvee5GCx1imh28CMqSj3W/LaqXI7Lysq+iA==","mode":420,"size":1281},"README.md":{"checkedAt":1708590270531,"integrity":"sha512-vYLnwNi0JTAt63WyuulNKpBucmBoGlMacnrvOyEpSbBmYvvulQObxYlHt5KvA18Gy4i2PjWweSieq4PbvZcQYA==","mode":420,"size":4803},"LICENSE":{"checkedAt":1708590270532,"integrity":"sha512-IlBI/ecFfFWsTftdr4pcQokKJYBEOZOhZW24ByAxG4NQEkIWRlQUbXHQKPO7qKsnFilv16bewfxJ8bNxqNYT5Q==","mode":420,"size":1168},"index.js":{"checkedAt":1708590270532,"integrity":"sha512-amRxfJuT2xX2FuDiFxRK1tfB1EuibsydVA8FPJ0aMuSGa4DleKgsxkXGPK/sFpPxnUXQL/9vVstvnHnYYPkhcA==","mode":420,"size":5758},"HISTORY.md":{"checkedAt":1708590270533,"integrity":"sha512-Se3LzDOpFy371rQwkWJt2sWda7/zVZ2U4uC1cUFstbLBacyJkNRxWLFhPs2sa72BgfHYfwgp0AyIgDq6BEjUQQ==","mode":420,"size":2819}}}