{"files":{"index.js":{"checkedAt":1708590273172,"integrity":"sha512-5+DVboCaKoQUvt3ASyyYMbMaq/5sHDscy4DpOJX6ylea886hCTUL9T+CqBNvVDph6+qXv82SJEqw5dIdmdNcRQ==","mode":420,"size":2199},"package.json":{"checkedAt":1708590273173,"integrity":"sha512-esrLKsaj5MIEP6AMAh/t4Hpc/aB/B2OECyIjaglC4rFu1dROiGUC5HAhTb0qTyNXyVXdmEtS4KOsAdc72RQ1NA==","mode":420,"size":496},"CHANGELOG.md":{"checkedAt":1708590273173,"integrity":"sha512-M3wzdhvJGRPDGBQ7/hfW93cCD4Pf+ZHkSOPWNLHCU3C5pKP0oHBBlbC3knB1qCsqZ3Thc3eOU9RoVcYKcDv+pw==","mode":420,"size":384},"LICENSE.md":{"checkedAt":1708590273174,"integrity":"sha512-fIMD2siQj0msjMDnjPxGVNpd2ygs4OlofT4IYbo+JqfAvXqUGK2kPRRFYIpVr6OEWb2uSvzDou3nv1OQa6PmuQ==","mode":420,"size":1070},"README.md":{"checkedAt":1708590273175,"integrity":"sha512-m5TH1Prg3kxhuvm1n1+1hA2r0FfRzzDS0Ea1+KcNjEBQ4CY4Xxp01aF/Vjhr0d9xRLLnjKOQU7geaO+aCPfH1Q==","mode":420,"size":1797}}}