{"files":{"package.json":{"checkedAt":1708590271837,"integrity":"sha512-B/4XCPEMblK8FIessOgJ9SHnuh4oGeyuapXnUJpAgBi11LaFNP7XUXjEcGcUaaZo6nsN+jwJq4Bi/K0W48uPTA==","mode":420,"size":1086},".editorconfig":{"checkedAt":1708590271838,"integrity":"sha512-iaIKdH7so1+7gf1QAZAZlRUYCjHt9ieN4fC2w1qaM3Lb2NyeQ34uYmKZdgUc+3YtMgjlVHLJcacDBqWeOUqfaA==","mode":420,"size":161},".gitattributes":{"checkedAt":1708590271839,"integrity":"sha512-Bjap88X40+8GHOInHmFUV7CjsEZurOWWccaWtKgbDMEryyM3R8/ASmsivrCeIXmJlvtMyzpTdrUgrwHJQRU8hA==","mode":420,"size":483},".prettierrc":{"checkedAt":1708590271839,"integrity":"sha512-m1ok2xjVEgE5N31UubeRh+40MCJFbmQIJL+KKZxZNHfrRKvu8/n4O3fTwpJpRH1uxiaivE0g7YWUsFCEE9YeUQ==","mode":420,"size":193},".travis.yml":{"checkedAt":1708590271840,"integrity":"sha512-eaxjlU0J4BuTA5sjwDItlN4p4MaEnkUPMsDW3wDl+ZYxXUuhIee14hV4/vICV65uVvxd3LKsje03JCJyIegeeQ==","mode":420,"size":53},"LICENSE":{"checkedAt":1708590271840,"integrity":"sha512-m9TLnKm50i1wnwi/q9cR8SOE8B1p6XE5bRONFkbUYbQV7EjfHK9HUAnMzxtrhte9tgksJfy7nHGceQODJV7e0g==","mode":420,"size":1058},"README.md":{"checkedAt":1708590271841,"integrity":"sha512-cJ3o+D7omuCY0ve8Zz0o9Vucvs/NlEIEAk1cXb5IhXZmZydgoc22KXayQInIaeGE6Jdzp2qGtESNToOFX6l3GA==","mode":420,"size":2027},"tsconfig.json":{"checkedAt":1708590271842,"integrity":"sha512-WzgLnepIYfwNM7zvi5uZs05BWwKTL1n9GMb6UJ6877xOu5GL4NoLwQ+Cbtu5n4VRDDRQorvXw+6zwbQd6on+kg==","mode":420,"size":119},"lib/binaryOperation.d.ts":{"checkedAt":1708590271843,"integrity":"sha512-difbDCe/DGE9RUZCc7WO4q1/6QQmlpL173lwuD7jjs+4cQfSt/m9d309G/Rle75C6EfRszbl+PSFHqIGEkpcbg==","mode":420,"size":274},"lib/binaryOperation.js":{"checkedAt":1708590271844,"integrity":"sha512-9d3GzjxqvE9Xs3uZEm0l72w4uU0mM4iBHISG5gnUcTXcpQ+HWjDUJf8/XCirNmsWa5fliUJTLfodzg1P1lRCzQ==","mode":420,"size":1337},"lib/index.d.ts":{"checkedAt":1708590271845,"integrity":"sha512-caAeN2/uWyTUcBn4/lVfkFOJZaZee+IETuzJggy+ssuD9VSup8J51BMPrkw/pyv1wIe9wZOg7t2tB56bb2uWHw==","mode":420,"size":712},"lib/index.js":{"checkedAt":1708590271846,"integrity":"sha512-lhbhizTztFcLHfhY2MPv57OiyvRaBTp3DskPANbE+7VqXO1uRPDbXZNTiUHCBxuITpqB5AadW054dL0QEztKvg==","mode":420,"size":13205},"src/binaryOperation.ts":{"checkedAt":1708590271846,"integrity":"sha512-bglbgJ660q9w8ZEVkvrVXKV93MBD60aF6VqJbMvGfG1VqhChjlcN61GIm4NxJd3RvewcdD8TuCuifCngs2wXuA==","mode":420,"size":1299},"src/index.ts":{"checkedAt":1708590271847,"integrity":"sha512-muRXixxxwqOqcbyzrZiOxKvDCRB94BMGyUV2UosmfruF9aS5J7tteDIPjoP4dYcvmpidbXLqmyGuxtjYLFF6pg==","mode":420,"size":10784},"test/index.js":{"checkedAt":1708590271848,"integrity":"sha512-nrjEDqE2gtRSd7WaunLqmOCfcfIoJqzPWoiEYW4Z+k53hFZZ/2+66XqNTFR7xBS+okjgPRB29GU5Mq6xUhVHEg==","mode":420,"size":2794}}}