{"files":{"LICENSE":{"checkedAt":1708590293122,"integrity":"sha512-5HycIj0/VBX8kQ4Xg9xMr8DtZL0DBVx2HAenWEoxkxtsqdJCPXD6rFGInPgJB9zjUw02sjYjSWEGivRstWSK4Q==","mode":420,"size":1058},"index.js":{"checkedAt":1708590293123,"integrity":"sha512-F2uDVoy7Emb2wfuqRME6N+7JDEYDWzHnZCVK+1lUGfHXCaxxUzKWm4p8cMEwT9xKfxLmlaCoxIJR+SLV/VeoYg==","mode":420,"size":3301},"package.json":{"checkedAt":1708590293123,"integrity":"sha512-EUz121+zJDhemL6/UroNaTKT1QdkOo6/EPVnYY1etZiBNJdbocTKFuNRW30r0A8x5Qtl9lfqEWUyE86SVcHDlQ==","mode":420,"size":540},"HISTORY.md":{"checkedAt":1708590293124,"integrity":"sha512-+vx7Motetog8SEQovReLrchz38b7q1ROHvN66e9Ju2SwGZhbSSwsmfwL0MdGNggRVsnZfDvxCNF1uOMVRgVLrw==","mode":420,"size":358},"README.md":{"checkedAt":1708590293125,"integrity":"sha512-gVQN45jNg7RMecgHbUezfPQxBQwS3ZQ4P+ia1VBN5Or/ZbIS0jPvkJ8mC3pB69NwP8trxKXKerTcwEzvlG5yFQ==","mode":420,"size":4076}}}