{"files":{"package.json":{"checkedAt":1708590282910,"integrity":"sha512-JQLJHOwD+rz1UtYxL/ZIVX/lKr6n8TEs/zi6Zwq5jQTEuNURlmlUYJi7/Gucnf9rSF+pTHnUkMo2pvDUobNgeQ==","mode":420,"size":1512},"README.md":{"checkedAt":1708590282911,"integrity":"sha512-hg7UgfGDKQREidLhbjZHBSZJQy7KsuTPZdBRwJjcAaDA69WT8VPQ865PYLExTac/oAiNVNUiNn0QQugeH15GWw==","mode":420,"size":4036},"LICENSE":{"checkedAt":1708590282911,"integrity":"sha512-tvfTdJiWJDiFPpsR/I9WZSs0oBmhGFXq7UhlakT0rx9viP394eXYZoTSYAH9KLC6LQkxkGWAeqY2WHVWHwxwPQ==","mode":420,"size":1087},"index.js":{"checkedAt":1708590282912,"integrity":"sha512-Xb1wrvBRaSmp2PEAZP/z5v4V+PDD32TUkSi2TjIfKqd0C9XBsRqF3qEnhqEpjf2JE4oDgeClq6y8AmHYzhfUew==","mode":420,"size":1245}}}