{"files":{"package.json":{"checkedAt":1708590290177,"integrity":"sha512-zW6eCL+/5pioRfwL7hQbz5xUVEDFPXzMQwRcfAAlFmJp74A4bCFxFHQLlGG0cQBDdYxcJqREUTWBJLmwcrA0Ww==","mode":420,"size":716},"index.js":{"checkedAt":1708590290178,"integrity":"sha512-16tkGUXUV6/Q2iRbqXGpDno14dts9NT3sGparyv57Q8llz6P86pxA9kMnGXOQhcyvl2J3dG+BoF7w+bdbYmZvA==","mode":420,"size":122},"license":{"checkedAt":1708590290179,"integrity":"sha512-rnnnpCCaRRrva3j3sLiBcOeiIzUSasNFUiv06v4IGNpYZarhUHxdwCJO+FRUjHId+ahDcYIvNtUMvNl/qUbu6Q==","mode":420,"size":1119},"readme.md":{"checkedAt":1708590290179,"integrity":"sha512-qZKlsnermbWHMe+RUH4UDqR7aCRBAFBoHHWJuZUaR7LT2ud2IM95yamOmJSEG8JcyWYa2NDTyZO6ai1ox8wQig==","mode":420,"size":620}}}