{"files":{"package.json":{"checkedAt":1708590293687,"integrity":"sha512-hJZDquhFO9p2wpe6ztc9N9E8aO9uYa6URUtk7GsUPMLyVxlH3pKB5cM/IJy9cSMPWmxLAHa+8pb30UwSg/I7Vg==","mode":438,"size":482},"README.js":{"checkedAt":1708590293687,"integrity":"sha512-aZloyWixjsvyqNwqjEHP0LDEuR7Gr6G+6LEvbYFcWOP2V8yeH7KU/ObCSYLx5IgExTKZA2Op0N0kuiDTqqUXUg==","mode":438,"size":54},"charenc.js":{"checkedAt":1708590293688,"integrity":"sha512-qHG5IsiN1C8ybAwKPOc0UKmzs8cgciTjbzKywMrOJJaYL9w2/SadHpzdSENbfJsq04LsP4gZZ0eopGOzKjPT/g==","mode":438,"size":850},"LICENSE.mkd":{"checkedAt":1708590293689,"integrity":"sha512-EZk8SoqnlaPSP4lzdgbzFGeYwKMiCYav8q3OwQBb8RaWvR0f/lcx6YSXXgOQfi6bHaeVO0cA5X7vtt1TWHS1WA==","mode":438,"size":1547}}}