{"files":{"bin/acorn":{"checkedAt":1708590279146,"integrity":"sha512-b3D+TNAiQiTQOjcyvNM1dbG/adc1uWXcjk24uXzP1QSLXdRLr77AJuVeVNR9n1E9HkLZPoJzZhIlmZbRnh2bRw==","mode":493,"size":62},"LICENSE":{"checkedAt":1708590279147,"integrity":"sha512-rNLBTaJmdMDY+WLdtWCyoEVy3etADm1saRrmu6GYPLzQ4r6/9q5tqZ1SikFgHkpQGHBGun1WWp7HYO7K4Hhhzg==","mode":420,"size":1099},"dist/acorn.js":{"checkedAt":1708590279148,"integrity":"sha512-lI4SczhLWml1F3WccuqFjnjjVdmgQFdFDnxZHGn8VnaVHUDX86jJi0DoW6bFTxvAgXRjcJ8tCeAIzEfpl/98UA==","mode":420,"size":200010},"dist/bin.js":{"checkedAt":1708590279149,"integrity":"sha512-N6QNRO8jyUwuElTRbzJZxbr3bSe2znUrLElsvy8gWXlZHD148v29OaO/zQrThf6+IV4czh34G9H8TT/dHCgoOw==","mode":420,"size":2291},"package.json":{"checkedAt":1708590279151,"integrity":"sha512-/Df+voIm7BSLBWBLItarJMGI2DNHM0B9ZW9zX3z4gF+No9eK/YWXyMKefX7K/HmZ6F4nZet3aype+8WSN3MdlQ==","mode":420,"size":832},"dist/acorn.js.map":{"checkedAt":1708590279152,"integrity":"sha512-PWVfPSwXOXHeNdsRrsSZgnbSNNsX9lnCwtW1IuDiEnZm2w052WDoN1tjeS3dBF/t6dAUZ/I0tMLvO1IPpEGZ8w==","mode":420,"size":392402},"dist/acorn.mjs.map":{"checkedAt":1708590279154,"integrity":"sha512-VEZRovm0tqzvZDx5IhctO8B3ul7Qj7jT5D67QsO45TTWDXmNpiKhbtu0PXXKyW1QrPyX2dD5j3V/p5WE41S4NA==","mode":420,"size":392368},"CHANGELOG.md":{"checkedAt":1708590279155,"integrity":"sha512-yt0aQTI02chM2l6dv0Fupc3zt9YzjDsm0exEl3y80fRPYbC2lbPc/KLhYKODSQ7bHMr/FdAEmhOtnhv4wI8ptQ==","mode":420,"size":14896},"README.md":{"checkedAt":1708590279156,"integrity":"sha512-V6c9y43rQZBw+HcQEWi+2oAmgoUeBNX/9VK9EQpdhCSSunB6JP9QjGzS85UiU74ySW8a1nd1C6GCoADsu+1MEw==","mode":420,"size":10399},"dist/acorn.mjs":{"checkedAt":1708590279158,"integrity":"sha512-kUTXKg58aWayD3ZXhHVdWkdGpEHTPkWQWcs1CRCv14lpdyu9zbFNKu4dCPWAASoUvqmfRaZcI3gSKajc3NUoCQ==","mode":420,"size":190128},"dist/acorn.d.ts":{"checkedAt":1708590279159,"integrity":"sha512-yMlDkqHkJBnZQrc7SPQnClHgqstJ3vM+B2/2LrjfWQxRZSu1zhDFnJ6IK+5v+KGwZ0Hzf5dDwglwDc1X4r3yvw==","mode":420,"size":5224},"dist/acorn.mjs.d.ts":{"checkedAt":1708590279160,"integrity":"sha512-a6PFdmlibaHxVNNcWWk5jaZ2zIaBozhO0i07j1yBGJOrwNIreilJKW4lzAHWZ2QMu+J1lPWjq5Jy71gSv7zUBA==","mode":420,"size":49}}}