{"files":{"LICENSE":{"checkedAt":1708590265553,"integrity":"sha512-kUNaSudr3oFelR5CZj+LZI645SXrXybwmMu3E9V/JfRHYL4ydGdNrdTEB/F0xUkqq5sp6AX8JPXg07nfFh3F5Q==","mode":420,"size":1089},"index.js":{"checkedAt":1708590265555,"integrity":"sha512-1Fj4li9E7DC/UZpUrvBjlg2crCqVRJM4P8LvRngcMkR0DxjH2vGCG04Lq71Ws1Yij3JHzkDenzJ23pGnHGbHjA==","mode":420,"size":5002},"package.json":{"checkedAt":1708590265556,"integrity":"sha512-nzJAgGevp0ivjSO0u74mV+VmAXQ11OrR5jttEvi+u2ceqCNTowI0C7bxzNSFKjy47TQKOor5zQWL02ZTs81Lyw==","mode":420,"size":1075},"HISTORY.md":{"checkedAt":1708590265557,"integrity":"sha512-FCZrOZJ5TpWebO0JrvSJEvh6j1ndYHDOzJI9XKhrnrSCHy/l61B4wB24Mu6f9Y9spwrmh6nh0d5hRMr+RKD2yg==","mode":420,"size":523},"README.md":{"checkedAt":1708590265558,"integrity":"sha512-WJkdncxHL1bZO/abZe9sXQsfStCglKgSQR510yrb6aVP+zc53etx3O1ZG/K+IgdAvBev9+kIcGnA3OlKmbNGjw==","mode":420,"size":2782}}}