{"files":{"package.json":{"checkedAt":1708590264853,"integrity":"sha512-9hzs93eyDhqwpaHb8+DN0UbkjJc8RTy3IQNzB2/1QOPe7tyTTPmg1w/6XcJtTbMhyGPHw5AHw8KJCJK0fTc41Q==","mode":436,"size":1234},"CODEOWNERS":{"checkedAt":1708590264854,"integrity":"sha512-m+vDSJpjob5Tw0L1MS/4Lnq2bazOdCkb3yBFE5oT8Dphyfz8rhRHhun+y5dzkcW0FxhAzERmEBhLCY7KN4KQ9A==","mode":436,"size":11},"LICENSE":{"checkedAt":1708590264855,"integrity":"sha512-NpZca8SW2NOTKNfdIS1/BG3vPs4EtudB3Csp3BUsli8MepIIsdPKFXjFFzVeRIiYWeXPMHX4+c1pJ0/FUhKFng==","mode":436,"size":11312},"README.md":{"checkedAt":1708590264856,"integrity":"sha512-vHvCj+NC1/lcu7s5sovJVw6NQ4LxRqX/IN+0O8kkJRUYu0hkQmo1JXHhsq0DS8NKDh4lihGxSunO8HgrdkKnsQ==","mode":436,"size":1872},"src/ecdsa-sig-formatter.d.ts":{"checkedAt":1708590264857,"integrity":"sha512-W7e5Eb+n8urK9E5KrQuAaPZCb2hCB251M5dAXccPIWGvhzigYlmS1K5rZgwTHXCTiqymgu80W3V1bxrpXYuz/g==","mode":436,"size":694},"src/ecdsa-sig-formatter.js":{"checkedAt":1708590264858,"integrity":"sha512-cP81yGyQ7wgfvJ9YehqqyCrF8KXSBCkozrXEmhFwdX/Vj1Cx8OcveXuZgcWbv/HMsFfP7sczcc7wdxw1akpeAA==","mode":436,"size":5009},"src/param-bytes-for-alg.js":{"checkedAt":1708590264860,"integrity":"sha512-PpFU4py11u62iMfsdgfNyK70w38QYNWQvg3VWwp0OdcIamCYrjy/2mYdwTLUhfgTNSfQ3rDZtrtYpvZYAeU3GA==","mode":436,"size":456}}}