{"files":{"package.json":{"checkedAt":1708590289388,"integrity":"sha512-m/JTeqzJEgXtIzZRKRzmR4+k5rUvWf0qUJyiFahYFT9xjS0eM02Fq3FZ9e0oQ5aBZZVesULt4oRPJclxXP4qtQ==","mode":420,"size":652},"README.md":{"checkedAt":1708590289388,"integrity":"sha512-r+xy8CtSKInl7bODQ7P3Q0gPrK/lM9eEXzgUF7UxghBQbrH1Xb8k6PKpUunSSAa7dTSZ+JtRaQx39sLXF5Klpw==","mode":420,"size":4717},"LICENSE":{"checkedAt":1708590264403,"integrity":"sha512-P6dI5Z+zrwxSk1MIRPqpYG2ScYNkidLIATQXd50QzBgBh/XmcEd/nsd9NB4O9k6rfc+4dsY5DwJ7xvhpoS0PRg==","mode":420,"size":765},"iterator.js":{"checkedAt":1708590289389,"integrity":"sha512-8IQ141i7UMK1k/MsUAmY53Rq56kBIRv5+b+PQjWZbxXJdyh6MAmXD2rpkfZX7kagXIj+vnFWOvMCQtqDbgnyzw==","mode":420,"size":183},"yallist.js":{"checkedAt":1708590289391,"integrity":"sha512-ltwdwBltk3g0Fi7pTJRZMXINvF0jGOVxPjory3SUBlXkKbh1IG+pKaV/8dFlub+eQFl8cGxit87MA1yO8C/zmg==","mode":420,"size":7280}}}