{"files":{"package.json":{"checkedAt":1708590292932,"integrity":"sha512-hqzHflw0l+0WjpWFf6Hyoo9Bdz+jWl4JT3iZzvGVL1/yx+qzBPvfKf/3GK799obgspo49a+d5fR6et/XsjAinA==","mode":420,"size":1068},"History.md":{"checkedAt":1708590292933,"integrity":"sha512-gwjzmVopX9e1sHDAfo3HHzgyPk4A1o+Ln3sQhkD+Ajsxb06IucbBsRo+e0G6D7F0MjznWcHfLgbJzVeiE+K2ew==","mode":420,"size":3755},"index.d.ts":{"checkedAt":1708590292934,"integrity":"sha512-F9sd7yecKSvtCeHw9pYchKYhhbXovE7TzrGVl7sLmSDl4yVeNQCrb7T9ENGAxJ9PkpUxo8aFMU6678TSV7ciKQ==","mode":420,"size":2564},"index.js":{"checkedAt":1708590292934,"integrity":"sha512-zVHfgRCwJANkLGgAP4b4fPgClTfr9w6ooOyX1bGo9nowwnkiC5CWdE45ehaqFV7kMvA0tVHWc2l0syPWUCXcTA==","mode":420,"size":10854},"LICENSE":{"checkedAt":1708590292935,"integrity":"sha512-bYuXCL+h88+itj+QFSy28mlgwrpU+hGhbBPh1aP4X0EhUWaZAltrdZ4FGydlCbHWlRC2RCQUNOb4+Bs9+lqOYw==","mode":420,"size":1103},"Readme.md":{"checkedAt":1708590292936,"integrity":"sha512-fs91pncQKDFX4HEX/xVQ2M5u4dmkq7MzhhLXgaAS3O1Zza/EBCVrO3xDShclnTwtE/Qe0Aa5fnCpq/HXFznhww==","mode":420,"size":8375}}}