{"files":{"license":{"checkedAt":1708590276240,"integrity":"sha512-0fM2/ycrxrltyaBKfQ748Ck23VlPUUBgNAR47ldf4B1V/HoXTfWBSk+vcshGKwEpmOynu4mOP5o+hyBfuRNa8g==","mode":420,"size":1117},"index.js":{"checkedAt":1708590276241,"integrity":"sha512-iUtlaQOhh1w3xdfNmqFPp2E5Yf/b68PO2m2bp2bUb6+TaagRgnOJ9tzBAeZafJNfuD5AqnB0U/sgOmdXUjcGcA==","mode":420,"size":350},"package.json":{"checkedAt":1708590276242,"integrity":"sha512-cmai8Lu8OYxeSk8tZmcKIF0c018NEaiYQLVvIhBXd2vbVHI9fXZ929GGE3nAGsZg+76zbbtTdOU3Vq6a+8Y+jA==","mode":420,"size":958},"readme.md":{"checkedAt":1708590276243,"integrity":"sha512-u2cXHI0I9jc9NFhp5vXmvQmGX+wh6g4sesfGSUWxwTdiGcE7rCutK1bsmNK1yMCCfKhEsUyalbRgmbwPxGVylQ==","mode":420,"size":2551},"index.d.ts":{"checkedAt":1708590276243,"integrity":"sha512-ZI2p3vOTXP3gH6W2xmXWKzqaRbY/7A1lzqd5rNdaNrx26qB1f05QyhvFGefIZwNuQKvL+8B78FD1c45CVBqhEg==","mode":420,"size":691}}}