{"files":{"package.json":{"checkedAt":1708590270161,"integrity":"sha512-Ww4ZH+qMzqqjUFfOjkiUXpxaT+tU8VXxFDoazVapzNWi+CBHj3zik1CLiJkBvIZGOkp+rasnqc5HOE/a6A/dpw==","mode":420,"size":795},".travis.yml":{"checkedAt":1708590270162,"integrity":"sha512-NqYPOMMMRs32QpZpJK8dZMGHYBM54eY+NpFtvTUnizVOtPO1lF6K8YznRX+5Pp7+bOYVzk0B17A+GHscetfImQ==","mode":420,"size":899},"LICENSE":{"checkedAt":1708590270163,"integrity":"sha512-p//vQZwkqUIM4mim88fMoTa7R9KjPaN9CL1eohOj9Y6eKDde07tFfs98DBs/FDQ2baTovvIZSC/PWZ2ARXXl+w==","mode":420,"size":2338},"README.md":{"checkedAt":1708590270165,"integrity":"sha512-LPN/sX6SDBz4KvBazd582dsJ9eDVAqKbxdd6trUowitcd+/o2P0Dc2rWFzwm90QuW4bxXKo6WY8bpbj3gx7lFw==","mode":420,"size":1801},"lib/string_decoder.js":{"checkedAt":1708590270165,"integrity":"sha512-9Sf8qig4ekOk3yHDwuQ+ABsDaheTg6YcWOGUoz9nrDzkRe9pLSHo95E5N09KB0nRzr0s21mk2bTS7HG//Ys74g==","mode":420,"size":9465}}}