{"files":{"package.json":{"checkedAt":1708590265504,"integrity":"sha512-TlIJ39XCce2h//SyWRdCUnaYsSMaURGNnTwJiTG2sfq70THynHmJWmTEgFlv9/1F1UCM/KskZ2T9LopA2Eu2pQ==","mode":420,"size":752},"README.md":{"checkedAt":1708590265506,"integrity":"sha512-DIl2Kxfj1h07mklSvtF+Tr/Lcrjm6t9IOinH93HPX3IzsaJRAPfV9Tf1pupBJmuX0uDb7oFEfM3UvzAWwIZ1aQ==","mode":420,"size":474},"LICENSE":{"checkedAt":1708590265168,"integrity":"sha512-t/YCqTo2Om0BuHE/C+C/HnDEMbbFc+Iw7HdZ5m3+Ixv6eAFUYHuaWfDgMyL3zt9X0qvXoIPA8u8qq8i8IVvbMg==","mode":420,"size":1951},"index.js":{"checkedAt":1708590265507,"integrity":"sha512-dBdpcJYbeb3cCkRF+307I6RHJi+3AaVneI3Dr//Mrpqix14XRLaB/WukPJMthYDgognSo7qYPj+PCcx9eLw10w==","mode":420,"size":6036}}}