{"files":{".jshintrc":{"checkedAt":1708590278624,"integrity":"sha512-a1SvRtfK1A2vwwcwPCfKAUjzjDwZKiCILyQ0MDYOgE0znO57hrHGwMy36Ek5RnlCtTWhX9cVaglfHrt2EnONEQ==","mode":420,"size":1167},"bl.js":{"checkedAt":1708590278625,"integrity":"sha512-blRcI21Rte/5yk4t74VAcmEyUso7SYJwNgjHj0GRIOANPdvW5x7mok0bvGfVJB96d2RPNst4RxbkwxSvs/YF2A==","mode":420,"size":9689},"test/indexOf.js":{"checkedAt":1708590278626,"integrity":"sha512-zhYMyJh1Vg5w6bcOJ4nPtL0zTaG5dRw32nKGxVcra6EtMPKw7xDJSOyoq3CDyW1dUDf3Slunp0V+thIOTKeZiw==","mode":420,"size":14959},"test/test.js":{"checkedAt":1708590278627,"integrity":"sha512-2yotuVhvXKE8XxtGyt0kRXpdcGYnYOWferX69XoeedyQCITZb5PC/xSULvmA7gYbpxcpJsuWZ6oxRO647FEdpQ==","mode":420,"size":19892},"package.json":{"checkedAt":1708590278627,"integrity":"sha512-h9hTcaEnawz+cM1mj21LwLLNF4DelgrUDIeq+S+uyTgXHFKlJvGFUoi4jPVx2E7ZUVBZ3R/VcrapBgkz+F9iNQ==","mode":420,"size":886},"LICENSE.md":{"checkedAt":1708590278628,"integrity":"sha512-YWpkpeiHPO+eOKDPiMHtrkhQdbH6viq5jcpoiKbEAt8/ii0DCuoyExlagaws4B76Dzzt7t8xpob/2xZr6f6/Yg==","mode":420,"size":1216},"README.md":{"checkedAt":1708590278629,"integrity":"sha512-Lc+3kIh+wT5xwwPjYQEhvBp3xFddNSU5PrS9JW5JhQ936u7st5rs0U/nxNpEgjgfGPiyxcvONrEYqXfjQpSPlg==","mode":420,"size":11304},".travis.yml":{"checkedAt":1708590278630,"integrity":"sha512-5TLqp5MrpAAwDh7S4Va03jKds6vMmTljNibq+wJ8uKMO1ADpbLLlKhmJVfa5R/mPSdhFSZgCgACW8Umt7doAVA==","mode":420,"size":185}}}