{"files":{"package.json":{"checkedAt":1708590269241,"integrity":"sha512-t8JHXKSuqDTJvzONFc6YAbMKMwRsaL539wb4WVOyeswdTSLpdY+tELBK8moq94CIMMhXSL+LfbzV7FiMLCkQ/g==","mode":420,"size":694},"README.md":{"checkedAt":1708590269242,"integrity":"sha512-gnBkJ+KrW26XBjy0Bo6pbA/s859Tkt4qQlbdoKTgxfAipxn+1WpMGzLfgKGNOxwU79KDGncXTpWrH7dRgq61+A==","mode":420,"size":1666},"LICENSE":{"checkedAt":1708590269243,"integrity":"sha512-hElreSqhgIRnqBHxtPWF+70iv+3/gk9uLTHUdCjnckMF7c7+wGiuFhYUXP5rWupepd6bGK2MIUW5u2aY2cVXRg==","mode":420,"size":1102},"browser.js":{"checkedAt":1708590269243,"integrity":"sha512-ZGsJKmbXf2naHjO9wg8QN4ZaAzaMfo6DmU3cfmz4rCRncoFaE9QFoRUaVSNyEtCBuWaZo4kLTfVVB9LMDJdj4Q==","mode":420,"size":1614},"node.js":{"checkedAt":1708590269244,"integrity":"sha512-6GDUjKSud32WOrZmqumfNxm98za/IYsoK3aioPAmjKa3KDv4yCVUSg7P29u/8863yYZJ2J+VZl06Xisvba7cDg==","mode":420,"size":123},"History.md":{"checkedAt":1708590269245,"integrity":"sha512-TUTHdDTG8WIwOSVQ0ChcJo/5P1FeZCZJ/fMRV5/JFBJ18zqVtBuTl9/pj5aGVw8ncL6ptnGGBfNopxG/76Ej3g==","mode":420,"size":282}}}