{"files":{"package.json":{"checkedAt":1708590264261,"integrity":"sha512-XIiu4yjL6P/hCgLUfPGF5T73As1eGGN+D5GMFHPPdUNy3dnsyG6IXTjMvakY3jkV9MPgBWrE606CwQLMa4sFxA==","mode":420,"size":897},".npmignore":{"checkedAt":1708590264262,"integrity":"sha512-RN7WHBinXDtpJ454XQWKlHrk6bPw62GsVpuPpWsNhZLbtBkvn17fhKWeW9LQHMu50GPcN7yacAGfvHuHDCtK6Q==","mode":420,"size":6},"README.md":{"checkedAt":1708590264264,"integrity":"sha512-He5m2qeUr4oJqFkRxyDHZJLxSiGEmAJ0lVR/Ydoq8ujz6oIWAP3yuxtl7pv4HAmGU50NMD9ZUd3WOBjtT1Xx1g==","mode":420,"size":2424},"test.js":{"checkedAt":1708590264265,"integrity":"sha512-IntAComz98ZFFzMRwHJPNz9Fg+HUJwXUUTR76VN0IuAKHm23mUOGMH9+rKen3Z3ueRXrgf0LBfw6FlLbXAEKPw==","mode":420,"size":6975},"isstream.js":{"checkedAt":1708590264266,"integrity":"sha512-qM5lCxgBvCVfVE9NjqIrNsZ2T4/hWc69rwJzLbsVCBd8LaBjaj0BCNBxa37n679LKNqYgMibSY7OAH96PljSMQ==","mode":420,"size":588},"LICENSE.md":{"checkedAt":1708590264267,"integrity":"sha512-7D2WtCCBqTld1HzkXkqqSU79XFoc0UOsIEOKqMqAKiwg5Nz9gFx11/hAOHdUK/LblUcBCYGCPj4c1kQ7mm5z9Q==","mode":420,"size":1125},".jshintrc":{"checkedAt":1708590264268,"integrity":"sha512-RBAGaPSlirgl9dxX76B3C+sCusvW8PLy41nNiPuR9NTVFmyP2iFciPbRjPvW66tsHBFlF1TkkvwDFh4tZ11aWw==","mode":420,"size":1147},".travis.yml":{"checkedAt":1708590264269,"integrity":"sha512-2VfVdUrovTD3im/rpFc1ua309o8aDxpUEPzSlSZygZ1lKIGdnouD8guwq5JJHO8SNskxsjgMoZQQuPiEi/hWog==","mode":420,"size":150}}}