{"files":{"package.json":{"checkedAt":1708590279111,"integrity":"sha512-Ax5ozayp5oCc7+1CE8K86WHRg04X3XH4f1qGpusvg3JlrV6y69lDK1BoQj5D3tHSRA1imtH8R+IXsSajrUzkDw==","mode":436,"size":596},"index.js":{"checkedAt":1708590279112,"integrity":"sha512-6WyWF6yGr5T24yUQWWtBLF5tA6eIs6VR1GXy+h85oQnZb3ZVZJYz+dymaRUObJS8C1bxexRWnSRszJf0Asfn4g==","mode":436,"size":1841},"LICENSE":{"checkedAt":1708590279112,"integrity":"sha512-3Gto0TuM+VlkS5NfEZKwLHGqelz2U71DtEgPqJ7sjU0/FqInjsjDtAqx/bIzsxc6eP2DWQ1vc54Mno/1bCglVw==","mode":436,"size":11357},"README.md":{"checkedAt":1708590279113,"integrity":"sha512-C7R27gChLGRF6OhAhAsVzyKSzOJfDwt3iZ2w15iedAIiiEr1UAmhk5apqNYPdpLix8s4P2Ee9ota0ViGCa0m0Q==","mode":436,"size":68}}}