{"files":{"package.json":{"checkedAt":1708590270235,"integrity":"sha512-Z1QDKHSEUQxbW/UMiM4bfkEoQKAE4escXqyDX9svib+5w6GjvQo55mo0Lnv+NwEDoPu3fDZ8wCWUXev3ULhL0g==","mode":420,"size":1191},"History.md":{"checkedAt":1708590270236,"integrity":"sha512-2DUD1mgp++o81u27Y/wBDbMXUrrFLTwdMsn84n+AhR8eIqcaNc3bLmVcNn6iyIfs5W4hVrdpDcwE1H//BfsdUQ==","mode":420,"size":969},"index.js":{"checkedAt":1708590270237,"integrity":"sha512-dX4KsmrkujIEtAG5RzhvYZSla9d/qqT1dQ2M9iN5RkiWnL9v3h70f73iHDJYUPsEBXZuyYtoIUE2JMAhp8iltQ==","mode":420,"size":967},"LICENSE":{"checkedAt":1708590270237,"integrity":"sha512-vR9Ll6MhirUCLdU/m+dM4V3h/b07zD2L6tRWNjjVirHMoi2mSM/36fd98sHQZjvhzxtlMafo4uU7CqI06x3/oQ==","mode":420,"size":1137},"README.md":{"checkedAt":1708590270238,"integrity":"sha512-fTp+dR5QCxE8Ii1h+06NhOlVTe09BNmtB19t8aX7FKPrCEuz3EG7EoRwng5dwNXPG7noOMqeLAeF6v68G1onlQ==","mode":420,"size":1640}}}