{"files":{"package.json":{"checkedAt":1708590292237,"integrity":"sha512-SWlVCZxZCoUuSvd224ExEde9licDZP3Z53r7OyvBihqV9mtKxEshnsBJy55O9pymiVrkPLgI5TsmquH3c2adDg==","mode":420,"size":626},"index.js":{"checkedAt":1708590292238,"integrity":"sha512-dXbihN5ythMlb2BLnSgrBIq+pGwBs23873Nw5NRVZ2rPQbQB4CPvi7afbApC3Q4InH9NsDhf43kyhDXcaIMXdQ==","mode":420,"size":464},"license":{"checkedAt":1708590292238,"integrity":"sha512-rnnnpCCaRRrva3j3sLiBcOeiIzUSasNFUiv06v4IGNpYZarhUHxdwCJO+FRUjHId+ahDcYIvNtUMvNl/qUbu6Q==","mode":420,"size":1119},"readme.md":{"checkedAt":1708590292239,"integrity":"sha512-py8mTZOHbmP1eU4XC8Pn4e1Dhi05/NIZIRac6jdsXbG9pmepLOg+nRDbcYftiV0rAYvK+PaBiqpz+B2THmVoOA==","mode":420,"size":1026}}}