{"files":{"LICENSE":{"checkedAt":1708590266935,"integrity":"sha512-7yM/jbYJtwJeLgJzVe4LXntltTdQZBLKGk2V508r4v4oTDo/o2y52F29GjX+ZQ/hTeW02TqwcfICTB/Iz0BzDg==","mode":420,"size":1081},"index.js":{"checkedAt":1708590266935,"integrity":"sha512-srPvlBqNdkgPUZtozQXs8KrOYXosQU8+fTdaWXGLBvbnv4jvOE8+QAZCQxwpa/QA+ABI5K2O+5OGDkHWl/M3sQ==","mode":420,"size":1670},"package.json":{"checkedAt":1708590266936,"integrity":"sha512-SWlFOE7ukgmYxsPXSZ/MvGezT5AN83CCACsQiwUyg3AK61b5xvLZjaZiLsTP11sScU0JNMCbT0ep5QMwC5pHfQ==","mode":420,"size":1057},"README.md":{"checkedAt":1708590266937,"integrity":"sha512-QYUyeTTLQuhJXaRRxvwaPLX9Tj5ckaRrDAfAxKScA++GIjMuDEQdANy17N6dKT52ogvcap+mqm5xPG8q4Rpo/Q==","mode":420,"size":19555},"index.d.ts":{"checkedAt":1708590266938,"integrity":"sha512-5CDG8qFWBd6Tj3eghUU+bA6EtiqudkCqe/DldlNPawf9787qFMsnc+mn+wQohbW9EI75jpAlijfT6QcwfJ/GdA==","mode":420,"size":8738}}}