{"files":{"package.json":{"checkedAt":1708590271695,"integrity":"sha512-A5wAd6YUeABJ5gY6uCdRV4EQnrzrhixMk/wg2fzkeraAPrGtlD6hdsuFn8UdXTPvC5gcRBLhPVyeD66B88hAZQ==","mode":420,"size":394},".npmignore":{"checkedAt":1708590271696,"integrity":"sha512-5SKSP6ZQPwjZppQ5y50Dcq5t8bhXeDxfdPr1Drm5wZoQ4Daxt065TruDDsMbew0w20u33lRKGbZfJDeeXsAovA==","mode":420,"size":95},"README.md":{"checkedAt":1708590271697,"integrity":"sha512-WHOyQZsAj5p9VhLKqYROOEVw0Zk84NMeFIRINnxWfnTDM6uhjMNhnYWlq2Vp591GXvKR/2FXLiyhqo6w47bwAg==","mode":420,"size":1141},"LICENSE":{"checkedAt":1708590271697,"integrity":"sha512-sninKVyQok6a4SaJJ9Z+lCMZXY783aUHhjapGiZ7Ou+aeRutwGvRbKFYhPglcrd5GauRHGx7ikBhTB9PvARr2g==","mode":420,"size":1058},"index.js":{"checkedAt":1708590271698,"integrity":"sha512-OYy18DjyD27BEUITeY+PzpKWykz/eTQUlp0dzKHuyTWyyl1iQd5i3XDFHpIkOiYB92dlBNm8T96l5+SOmdh6HQ==","mode":420,"size":456},".travis.yml":{"checkedAt":1708590271699,"integrity":"sha512-bMb2VRyGMCDFgLfo+nayGwCIOh7s7oXuw5AydQ62tudUTlcquOuqPfQq03oTsYLSmm3y6+pH2XYUFVllEI1fOA==","mode":420,"size":38},"test/index.js":{"checkedAt":1708590271700,"integrity":"sha512-KiwbyJu68OWNPnxfG4X7uEUIbIqmNXtrcFLpB5qs09V2Rn+lsZyQ4sR1lXGLT+NZwcbf6QQUu1XmOnAJWbI6UA==","mode":420,"size":650}}}