{"files":{"LICENSE":{"checkedAt":1708590263917,"integrity":"sha512-deXHLIQmpcLNz2lK8Q0LqQNuWIP0OafvylOiGxYDEP08E9q+vY/PGIT343kV4H9eGYcVpnq1Bzm8bSP6q6ypaw==","mode":420,"size":11389},"dist/client.js":{"checkedAt":1708590263918,"integrity":"sha512-fQH2wF5ReSLzCwre04KqQRyKQLG1eSay1KUJmSYtl2kJxuzeCMoJHmPLICUHfUMN8eT5B9q3F7DpoAkpVHdYgg==","mode":420,"size":2312},"dist/utils/encoder.js":{"checkedAt":1708590263919,"integrity":"sha512-fJgBeqzVMWD1bpsEdS7ILOR9WsQ6KQy7N6YMj+hiA13ZDC9RqJUVOg8A/hSUT8FxFEr49jYak2QUlhk5Ba93tw==","mode":420,"size":2320},"dist/connection/index.js":{"checkedAt":1708590263920,"integrity":"sha512-9kCMeJY8rp1wMSqVEj8b22wZRcODzVkNJ9mlrFuGPrPPiN70rNNWV3LEZmo+15jMMtoKLbmlKRp8xHGId7qJLQ==","mode":420,"size":965},"dist/index.js":{"checkedAt":1708590263922,"integrity":"sha512-mTnY8d5zQeFROIfNnr/c2yAeHiiJExTZdoimdwLERUXMGt5AJeaT5i/OYhoDnJP9b0G5D8M9uszpr6b52cSe+w==","mode":420,"size":1393},"dist/utils/index.js":{"checkedAt":1708590263923,"integrity":"sha512-v3cJwqZSU/wgFedvZmtlgCUuTJfkKe0c/b9dkJFkjds57ZSJC7vc+dNhXW5PTuNNe+inbgqFsgaJzVnBWA9u+g==","mode":420,"size":972},"dist/connection/node_base_connection.js":{"checkedAt":1708590263924,"integrity":"sha512-qeBu4PUd1a18O4KaF5/H9ZxjxJhPd/5anxHHBPkraFj0Tcd6kCjEwTwJiSDk5kQC15ynQGMO/+UQVAhhzX8b8A==","mode":420,"size":16828},"dist/connection/node_http_connection.js":{"checkedAt":1708590263925,"integrity":"sha512-iMFo8RgsOjYOmUOA71PIV7eCpLxiPQP747LpYbTDMiIlenDvlX5IdSOG9ooBudOAO/r4I0LCZ5yXxNpEroY9Ug==","mode":420,"size":1289},"dist/connection/node_https_connection.js":{"checkedAt":1708590263926,"integrity":"sha512-oNMqPeyujaZI/mo/ZCq3qwqGChZe6unbCdgw7NW/2H3uGPx75tP8UPxynhcZ4SKZziW7e7NKX09KN7niaovkbQ==","mode":420,"size":2081},"dist/utils/process.js":{"checkedAt":1708590263927,"integrity":"sha512-5IZzQjt9keohcz1qmz/GoV2CjwqmTnMXmmx1GyyAZUZlJjdV6rqptxObc04N0ZDYdFQJV3yO4mkCvapoZpC1GA==","mode":420,"size":289},"dist/result_set.js":{"checkedAt":1708590263928,"integrity":"sha512-9FK6G1tiLQDlCE75hgugTookNRK3WvUl0VaQ4cYe4ew/KnjO2kWdTJKQGezf1vPPOAJTu2hP0atrvYWcH8DJ4Q==","mode":420,"size":5543},"dist/utils/stream.js":{"checkedAt":1708590263929,"integrity":"sha512-AoXThVGZoNKclTnzNU+nE70YLXO8E+cTXth4xrEPYWrZn8Zm4BOK0xeD1NuaN2TVXyAtbWM/1k/ViSC2RiuljA==","mode":420,"size":1035},"dist/utils/user_agent.js":{"checkedAt":1708590263930,"integrity":"sha512-wKNGJLtDOK/m7lISywN0y3YhU02IA+I29+9Vmrreb6o6flTRZIbp727tKaKQfoO0Q94M8cLxhKgGjE1MMNDkTg==","mode":420,"size":1887},"dist/version.js":{"checkedAt":1708590263931,"integrity":"sha512-dcmEQksRKFLpO9NtjnEYwiEs1QHFEpeYp3qwNeLHx0ByLTBH7+n1Q9vj6UXuHdbVoKehDXxAcAPb9L5D+/aeNw==","mode":420,"size":140},"package.json":{"checkedAt":1708590263932,"integrity":"sha512-9uyLGOi+kiR/V3MnWek0y+gMMGou6PqpT3iXUtzLDz2tQbLnGCGzr0ElmbqUde0+NLCcCnqFT9v+m+iDvWO8eg==","mode":420,"size":585},"dist/client.js.map":{"checkedAt":1708590263933,"integrity":"sha512-wpIu9hE9bwWR+hMyIKb7vaIJmorUxK8ZrPpaK5Bjz5zEFSfzXGkD5uzvHAYfh7raooNDGjW+w13GSvE3yhOTHA==","mode":420,"size":1652},"dist/utils/encoder.js.map":{"checkedAt":1708590263935,"integrity":"sha512-hhG5A4xe8tUS74mxMq6IE+mc9rvtuc0RJmXslxomwAyxWBhoas36MFoP9FMstwg1wLYMHgyLT+u754NfrVhMtw==","mode":420,"size":1536},"dist/connection/index.js.map":{"checkedAt":1708590263936,"integrity":"sha512-bogxAsZcoUuBz9G8ZjtEauFq//qyjkkQxZyuuEOBkx70dF+Ae8MHoB4SMUTqUBzHioWfv4Q1Rt4DplUX3PirxQ==","mode":420,"size":196},"dist/index.js.map":{"checkedAt":1708590263937,"integrity":"sha512-DKbV64iuWegq9hIipyNwozLQ/NJrKCuDdk573BrznZf8b3yc9fy41Cy42BYssBc/dcedJ9vxQzIA2/OjSCVUEw==","mode":420,"size":341},"dist/utils/index.js.map":{"checkedAt":1708590263938,"integrity":"sha512-tO7Ha86TMKU5DiIzPrTB87NfgD65ys+/dgyeGwuOae3fvKhhXDhdRJq3IjUu/Q3TNMHMQsgGx5hpamYDiETX7g==","mode":420,"size":204},"dist/connection/node_base_connection.js.map":{"checkedAt":1708590263939,"integrity":"sha512-Nf0FEYgvFDzv/XYz6KcOvJrzn/yXdbkXEj5Jm5YH+FSrJ6TltldDpyfOPI/QqlwLXku7mp+ZcDx02CAX8gepEA==","mode":420,"size":11048},"dist/connection/node_http_connection.js.map":{"checkedAt":1708590263939,"integrity":"sha512-CAAj2DAsBijNQ+3+R9fxb+t4Wz409B4ffW+pFJsdPp3hODt6mOpk730gLRj6jNALBw7uZ6tagRZ2Q0BXVhVZCA==","mode":420,"size":807},"dist/connection/node_https_connection.js.map":{"checkedAt":1708590263940,"integrity":"sha512-lQRpbPpSMVkrn2n1JKrO5gFtZ71CwNyfmyb+CFKg+l7FP8X/aU4s5mhpQB936n36C30KoHnVY7NOfqYipzXT6A==","mode":420,"size":1495},"dist/utils/process.js.map":{"checkedAt":1708590263941,"integrity":"sha512-omJ2ri1znRpcrLX4vqIdGDpM0rK/0zc3HDwqw9gbE3NvikO4GwZhHvoJKlizKZAcyff5yHwl4xS6SBsuOKV8Hg==","mode":420,"size":228},"dist/result_set.js.map":{"checkedAt":1708590263942,"integrity":"sha512-sG9W3zgs6i29YZi73eXMyzhhxZ5Gcl6aBuwNRoRy8YZv5Bt83PrpsHHKd8fv21GiZzRElYFlX2yMvEPao6FH+Q==","mode":420,"size":2845},"dist/utils/stream.js.map":{"checkedAt":1708590263943,"integrity":"sha512-tOdG2FzyW4ZFKXiaKyNmDYeo7twh4X10j1pc4O/v/vEnY493JSuFCA78Qw8USFtbcfpenZAlC2iHgWWBVPhwxg==","mode":420,"size":829},"dist/utils/user_agent.js.map":{"checkedAt":1708590263944,"integrity":"sha512-mBsjbDSzNKPBGHmVcA1Oj0CqN3qmthWTQrbl5tUiIEmV+zVAHhLBSTJ7+op68AlISVdmv4LRb27mH4NoJyrL2Q==","mode":420,"size":444},"dist/version.js.map":{"checkedAt":1708590263945,"integrity":"sha512-GGp6u/DzkLRp8QI71ReKWpup/OCVcPsQLnvI/6LICgSZ5AfRPkfv2u0HjUoFflc3DaA5PvfPNRc9tx06JhnNTw==","mode":420,"size":155},"README.md":{"checkedAt":1708590263946,"integrity":"sha512-cELe3njEYh5mNRfw1zHJ7p0RGdg39Xc0VhtPehkYIKnv4vwsr1QbFVqwi7lblLiDmAfdCbRaOvoDt7wUlxZV5A==","mode":420,"size":1597},"dist/client.d.ts":{"checkedAt":1708590263946,"integrity":"sha512-8rRn7RSnChT/hGS+DMVAV6QVKd++buBcd0H6cZbcIgoqiUmDe9/cidpTouICo4n6IgghSmqz9NIE+6FQwYyFgg==","mode":420,"size":1792},"dist/utils/encoder.d.ts":{"checkedAt":1708590263947,"integrity":"sha512-nPN11eDpdW7qT2BI17SuFKSfrdfokRdCszcM5BUyW9avdTn+cIK+kTlK5VypzLEUkutqir4Ulapm15y6IaL5ng==","mode":420,"size":441},"dist/connection/index.d.ts":{"checkedAt":1708590263949,"integrity":"sha512-ALIBdJK66VbJZMu+i2oDDedfa6GWXQdftj4WlO5A6ypw2WrsEylogt44nMWnaC4Fv3SsowkmXT9W3wT8EMBtZQ==","mode":420,"size":121},"dist/index.d.ts":{"checkedAt":1708590263949,"integrity":"sha512-DPMjuZ4ns0l82hIFAKHKr81QrvjZkPLD1T7pWjdcsUHdiC1u9h+S5S5gmhS6fYq3tJDxpSe3cEL7wfmoeyO9yg==","mode":420,"size":737},"dist/utils/index.d.ts":{"checkedAt":1708590263950,"integrity":"sha512-5rCUEbv5i0BT3zSi2+7egYXn9mSIO7OexIMXg0hV4dNKs+UbHNvL7Z8pqP9JXGIngjbbW4au02pt26lyYx+WXQ==","mode":420,"size":110},"dist/connection/node_base_connection.d.ts":{"checkedAt":1708590263951,"integrity":"sha512-gA5RrsFNxPTn7FYYarYDrcRd5Xd7jDTvfMi4O2jnqeDNEc12SaTy0uBbBbzuAdXS7XKY3whJJG5QYk1FScZK5g==","mode":420,"size":2026},"dist/connection/node_http_connection.d.ts":{"checkedAt":1708590263952,"integrity":"sha512-zmEYS/8eefqMoJO7YP2/SbZxecFf5EdirDYhi0Jhr4Ye/4VVuBXgj6ydaLHLPDXKIr4PozdjCqPNIrP15lBRYg==","mode":420,"size":561},"dist/connection/node_https_connection.d.ts":{"checkedAt":1708590263953,"integrity":"sha512-RJhHZFz88amUrgIGyUrZa+3EvCzAirOzGbM95A3FoQotPWfs/OUi/SmUtalOMQ4gve0fLJnEWNyuLcRGyhuBQw==","mode":420,"size":709},"dist/utils/process.d.ts":{"checkedAt":1708590263954,"integrity":"sha512-MIb6kmV5g4H3vkuLVjo9J3UiXNPMp7Lz6APvHSScw3eiYWoeGtq3qmfcuQmdq57KSQQR5ZyiUHX70KCscAZJQQ==","mode":420,"size":53},"dist/result_set.d.ts":{"checkedAt":1708590263955,"integrity":"sha512-seP+NqNmEqsL/8m8AK8nL1pCE5mvm5xhIDq8I7abwFtIDKQkz0GlUi7rkqlnzuD6Kdd2mL8OPAYC4cv4yLMFFw==","mode":420,"size":481},"dist/utils/stream.d.ts":{"checkedAt":1708590263956,"integrity":"sha512-XcSv1X0kollqDevVEWA+XCHuPmM+nywzqOGst5HyYwFqA/9ssw3XqkdelR7POmuGNid+CbZ4VCrvWKbvA+m3yw==","mode":420,"size":294},"dist/utils/user_agent.d.ts":{"checkedAt":1708590263957,"integrity":"sha512-QeFMDX00N8RnYNq4ICG45Z41vYGjZikGyi7BfxJA6UFaKDOOGu6tYbhKETaelQe/gmKXCqYL7mAZlP83h++6pw==","mode":420,"size":246},"dist/version.d.ts":{"checkedAt":1708590263958,"integrity":"sha512-hsFaOViBi57n/YxIyH+tsdZGhYbWN0yEkmUtDFnoaZAMc5FbZXrje+XNXCgE8yjWh+9JTaxB+aBHfE0aiyoBdA==","mode":420,"size":59}}}