{"files":{"package.json":{"checkedAt":1708590260706,"integrity":"sha512-GbVWu3bA5RXylowMktE8IjjUVdqQj+e4k+WTYieu8k2Nip2wTJQmH/7v06jb5/ZEZ3w0OcYNXh5SRplSIYSorw==","mode":420,"size":684},".npmignore":{"checkedAt":1708590260708,"integrity":"sha512-Dj51I0q8aPQ3ioaz9LMqGYujAYRbDNblAQbodDRXAMxmY6hsHqEl3F6SvhfJj5oPhcqdX1ldsgEvfMNXGUXBIw==","mode":420,"size":5},"License":{"checkedAt":1708590260710,"integrity":"sha512-QC/HN+kDgNYpC7i33wfvn5wKaEz8H4mMLjVuA6w03m1OlQFq5w7L4MbJZrWZaWlso2u4xIS7xZDZT6574cQ1Og==","mode":420,"size":1085},"Makefile":{"checkedAt":1708590260711,"integrity":"sha512-VrB2F7mxP++iP2L5cK27VRXxuyOIWC3nKa6JFlrzqCR4t9A5UK+nEmdI11S/z72kl+7LowptDz9AdIEvtx04Yg==","mode":420,"size":57},"Readme.md":{"checkedAt":1708590260712,"integrity":"sha512-E/kRfSrwwFnzJPSDzGq2tOUcKN7ihwO4O/w/rHwQd8yQ7nyyIrbiFk6zGRpDAAKyTP7ge/2RoqUWBCUM/E1KSg==","mode":420,"size":3871},"lib/delayed_stream.js":{"checkedAt":1708590260714,"integrity":"sha512-qxdTU5+ev9ty1SQwdqh0WQaMtNMBTJVy/Y/X1jKJVy0z6huaCTQ3B7zAFW9S2jjUGSVagN3MPQR6y0Ja0TpsZQ==","mode":420,"size":2319}}}