{"files":{"package.json":{"checkedAt":1708590289543,"integrity":"sha512-Cjsxy9pfjmvMJDASVwPHIJQ7WGqionjArtzPfX+OmAl+qZ4TMLTEtBRP9F0+fpxVyLVe7zov9DE78GLesmYMSA==","mode":420,"size":792},"buffer-stream.js":{"checkedAt":1708590289543,"integrity":"sha512-H/r1TxdxSehz9weQGAToT9qDCMhUsO1EoVlmI5xyeICHtHh7Qi/DAm9C0Zlq877dzFCNy+UcYxtC3wuMrzM9bg==","mode":420,"size":847},"index.js":{"checkedAt":1708590289544,"integrity":"sha512-C5vdBoXAwRHtERWpur3X/04bqK6dVLnJahEVLynY0BnYGagz9K7GiMwsjzeFeqUF4RLBK18NWzhvd4ixNXq+5g==","mode":420,"size":1253},"license":{"checkedAt":1708590289544,"integrity":"sha512-rnnnpCCaRRrva3j3sLiBcOeiIzUSasNFUiv06v4IGNpYZarhUHxdwCJO+FRUjHId+ahDcYIvNtUMvNl/qUbu6Q==","mode":420,"size":1119},"readme.md":{"checkedAt":1708590289545,"integrity":"sha512-PKHK8HJPWEAjnea8JjBHI6L1VZfminQ2dXYLe2dhCygiwSPJIzwI6hLZ5X0NUs/nKfS311e9tuAMTRbzKuGiHQ==","mode":420,"size":3869}}}