{"files":{"package.json":{"checkedAt":1708590289567,"integrity":"sha512-BTrmgNp9bhOvzsciVVRNSFCX4CD9RXZki9/cACPheeyTMqpaGRLv1xgnBF51APbVlAXBAeaiAXoVzj/MFB3+Ow==","mode":420,"size":714},"index.js":{"checkedAt":1708590289568,"integrity":"sha512-VqOxd6x//SORdIP/O8SH3gjHEdP6S8zfOBpgS0bNnQ7ZpbHWUh7uHEhaPrUNwHeV/xQof/2XYizhFDPqOE0c4g==","mode":420,"size":241},"license":{"checkedAt":1708590289568,"integrity":"sha512-rnnnpCCaRRrva3j3sLiBcOeiIzUSasNFUiv06v4IGNpYZarhUHxdwCJO+FRUjHId+ahDcYIvNtUMvNl/qUbu6Q==","mode":420,"size":1119},"readme.md":{"checkedAt":1708590289569,"integrity":"sha512-RfvgOC14Xu+eAvRGyT7TRxX0atRNWsl++l2HKVCsIQsx/BtMBJH+XWjWlNLWuVonS+pPSfDtsireo5w9HU7sXw==","mode":420,"size":1405}}}