{"files":{"package.json":{"checkedAt":1708590292118,"integrity":"sha512-D/EFm7j319OYpQ1wY0JlE9VdSp0ndkwhymPMkS4XmN96Cv9xvzyO1Il88zRHa64DloMuTIUbXVl4y/ZjHTD26w==","mode":420,"size":1107},".npmignore":{"checkedAt":1708590292119,"integrity":"sha512-Xp1Fak1G1FpYI6XSGC2kl9EWlSIBb3/EWFrMRkWTmt9xjJNoWuCrBwtlZ8+gmiF8eVDhIPLYRvOSdNkR8iro3A==","mode":420,"size":9},"README.md":{"checkedAt":1708590292119,"integrity":"sha512-QXeeiMFhJ7Id5VgbETDkoY8vjLIlAyCB4/PKSf/wHnw062RWTiHSUwUIcR2ICZPxnCxB/oUu9/yuoRw7hcQOvA==","mode":420,"size":2021},"lib/performance-now.js":{"checkedAt":1708590292120,"integrity":"sha512-BzpZfzwZZfo9FLiYZGm/+FCm0Kp/LHD3uLugOSaKdT0mDYUURP4I6xBOSINECwXtTTaNzbA94NLDfE69XTchxw==","mode":420,"size":1061},"lib/performance-now.js.map":{"checkedAt":1708590292120,"integrity":"sha512-09GO1nlm22rMz2PY+bR5LEHuSYqNM0kzK4fDrZAiRbco5SEepdc64fN99FS3GJOAXkH+7b3/p5038Z0ea0OSfg==","mode":420,"size":959},".tm_properties":{"checkedAt":1708590292121,"integrity":"sha512-9OJzsi5tYerRQd0seoHh2foTKok/b0U62CTEtv0go8WeKw/f0LogkIdf1iVZLizOAQwGyl7ObNF4RyoiHEvT3g==","mode":420,"size":193},"license.txt":{"checkedAt":1708590292122,"integrity":"sha512-ZkNJPbm+u0p7M1zEHObubKuF7USRTMqYbV9x4cu4ZVPj+/418HcAVw6akRUxGwxZtKKNlbCDPByqDtaW8nqqUg==","mode":420,"size":1052},"src/index.d.ts":{"checkedAt":1708590292123,"integrity":"sha512-vcBLRfbq9B3yDbeHiYhy8ybZ74W5KJNs0oVajNRbSdlFKEtg5gs8ROlesRyY4jeZaqBr03GjBGnv1w0aNeamEA==","mode":420,"size":218},"src/performance-now.coffee":{"checkedAt":1708590292124,"integrity":"sha512-JEUBMEBSGvQOJIuAS7ZFiFdcvbbPHVYdOFsSM30LrqBQrldbJgYaWNoaLsx9KaBUV0RNfkYVOzu/5fMOeiZB2w==","mode":420,"size":553},".travis.yml":{"checkedAt":1708590292125,"integrity":"sha512-sl/XsbqcbuohiOZF0z90/DU+U5U4MQTfSC+DaN1Ys25tMsn4Grh5zE5j3fiYbmf8hvFR8Lt9v0SgLAV0AXZJrA==","mode":420,"size":65},"test/mocha.opts":{"checkedAt":1708590292125,"integrity":"sha512-2ifQlo6RQ68HgAzQdzLuYymj27jSOF3po3oJreheifW7hg2rxtWf5HtVvET9uQiDPlwJ42NklPNrpD81ABHcug==","mode":420,"size":90},"test/performance-now.coffee":{"checkedAt":1708590292127,"integrity":"sha512-2qLYmJYx7trnhUbPojuoNwVi3JHl8MexUyPov68yo7ZxvYHRM/Mrk3aQWDfK4jzpm91i3KUb/9UVVQo8VVOuLg==","mode":420,"size":1497},"test/scripts/delayed-call.coffee":{"checkedAt":1708590292128,"integrity":"sha512-icIR/r1AEfb6RErNmAVgi1h/Zt+alp/w6uqNZQROQ7XWhpSLrahq+clGJpw7XfYvuPcXMmiASFE/ZowJB+1s9w==","mode":493,"size":358},"test/scripts/delayed-require.coffee":{"checkedAt":1708590292129,"integrity":"sha512-aIShyT5J/dwhqHZRfgFt2A71rlPdl3JLqn1q9phfDCV4CP3Ki7O5aC2SV7832T07zh0e2ey6wEFB47e+XDWy2g==","mode":493,"size":362},"test/scripts/difference.coffee":{"checkedAt":1708590292130,"integrity":"sha512-xEBEsZFRF17OGHrpBa+C+6d1362MBZn1ERRyOubDUv++DbcFoz+XNXrkVpdinTYz+Pp/Y8CWnPGWfuGkOpVqPA==","mode":493,"size":175},"test/scripts/initial-value.coffee":{"checkedAt":1708590292131,"integrity":"sha512-uaHERYKWNtggJbd7HLvv+7q8BDLy0Sdg1wYecPNVHMHEy1DIRpIwsazHMatgmZmBGgWUwhf13BYlGGgh+6x8/g==","mode":493,"size":313},"test/scripts.coffee":{"checkedAt":1708590292132,"integrity":"sha512-4ts1KlBlR0RRO2j1tWHjCdpfZARvjod8DL6g9nzafe1jT+2easmBQyw04ZTJvR4U6cF8sjGIV9gUQ2/bZ3nArw==","mode":420,"size":1313}}}