{"files":{"package.json":{"checkedAt":1708590284402,"integrity":"sha512-4kszDCA2wnTv2o53naLnzuu7L8g93bk0CnHHkhOFyaBTGq3yHL773j777kHcMy0Bqjo4VwzYRD852EhJj033vw==","mode":420,"size":1426},"README.md":{"checkedAt":1708590284403,"integrity":"sha512-PuaEV0EZyENgy14dxBrBGkhqej1AHLOZavNI08R0A+RPs84lgvQYhT5ELrRjRRLsjghE7j3+CEog7aLgLL5/0w==","mode":420,"size":3452},"LICENSE":{"checkedAt":1708590284404,"integrity":"sha512-tvfTdJiWJDiFPpsR/I9WZSs0oBmhGFXq7UhlakT0rx9viP394eXYZoTSYAH9KLC6LQkxkGWAeqY2WHVWHwxwPQ==","mode":420,"size":1087},"index.js":{"checkedAt":1708590284404,"integrity":"sha512-Oxaq4h9Y7Phlj1D3epILuK/FBjWOuypohrJD8tDdpt5n37vVurr8lQaqyHL9kj5CSALc8aSGK3gtqTOjaIZEJw==","mode":420,"size":319}}}