{"files":{"package.json":{"checkedAt":1708590289214,"integrity":"sha512-sNYPcdJY5SFogzRnSmse0NM/DAyCYBkJiNqwX1s5zHf8rpx5zhJ5wWkiFF7d+CdQ72qDuNAykVt7X0MIT71tow==","mode":420,"size":668},"index.js":{"checkedAt":1708590289215,"integrity":"sha512-+LQHYTCDsd1bgtG2GdgYA67BOxhVT0FOrId3vfk1wNnqN4dMyzI6Ar5x4dZi9/QUuLTELkm+A3fRa/Z0ZZBrAg==","mode":420,"size":315},"license":{"checkedAt":1708590289215,"integrity":"sha512-rnnnpCCaRRrva3j3sLiBcOeiIzUSasNFUiv06v4IGNpYZarhUHxdwCJO+FRUjHId+ahDcYIvNtUMvNl/qUbu6Q==","mode":420,"size":1119},"readme.md":{"checkedAt":1708590289216,"integrity":"sha512-/GwZJuEVp3nw0jZtTaW2QizQg57otVvezcukgzArEgsi0LqgW1/t3LHcW9IarPK/etBajIxouiDTYM1WqOkH/w==","mode":420,"size":536}}}