{"files":{"LICENSE":{"checkedAt":1708590269640,"integrity":"sha512-F2nx5/GPS+f3WkNqGjhRfdUVQivBOjRWdWH0MZK1fjrtbnmXB8ENEHKyKN74MWebsRFcFON4dYPl7BJHq+wM3w==","mode":420,"size":1077},"lib/util.js":{"checkedAt":1708590269640,"integrity":"sha512-iCpYOEcwZZnvpumt9iMqOyKNogSc7GKcv5T+UxUGPefa7Ltx1OdM4qT7F1aLfckCKxXBDhZ9TZJSEZ24zYGOXg==","mode":420,"size":3039},"package.json":{"checkedAt":1708590269641,"integrity":"sha512-prDGz3TwxGYZwm7I9s0XSn6giiqCY1Y7bm5SXPLKupRfjuc7t/+FuFi4s/38T9j9T+dwmZmGOB0TjxHTyxCVaw==","mode":420,"size":799},"README.md":{"checkedAt":1708590269642,"integrity":"sha512-Rfy4s8YR+FWRhTFt90bGa4QgrCDDGgw5p/V0/mH0sAQRrkXong8Ed4jLXNG30HxX3x4VPMsKlrssWE0UdVDWsg==","mode":420,"size":67}}}