{"files":{"package.json":{"checkedAt":1708590279816,"integrity":"sha512-Mj+H5tr28/+mlZVBq1rplj3z6TkjlYC7VfSCdtBgtULGmGDVj8wkTBZ/jTahiFg4Qv+DYZIOLTSEMV2jaaYfhw==","mode":420,"size":595},".travis.yml":{"checkedAt":1708590279817,"integrity":"sha512-Z/cgxLgn/nAX5LvyvX2xIijoJWdKLS1DjUUsvN3FgJBJ+z8ECKABx+CC0M9oABQvGYOouGTEP36/GYFUwYlk7g==","mode":420,"size":43},"index.js":{"checkedAt":1708590279817,"integrity":"sha512-6nhov4hPzMDPn82g/kPb2zpOymMRjZe4PoBjhLSHUa0K88/mscMtiBfll4qbCzKpKAzRgWbp5VEcxGnaEbMLhw==","mode":420,"size":3731},"LICENSE":{"checkedAt":1708590279818,"integrity":"sha512-6hn38SG+N2+5698BfbrpM8M2KtKFLUbSI/xXBiS8H1e0BRDGezO+o3wkk3gpCp7qaSvt5mnJjdvCIFOQf7pVrw==","mode":420,"size":1079},"README.md":{"checkedAt":1708590279819,"integrity":"sha512-CPNgiily/sLKIszYB3yUfwBhgnBTKgIZo7vUqnG1dtluZYWWN2KJBW049Fm2AYisOuDUc5z769JWQjphK4LnQA==","mode":420,"size":1243},"test.js":{"checkedAt":1708590279820,"integrity":"sha512-Y7E9rgUin82bWC8VcfTlakglAeISJ351PwaaxzftDBDsVWhUWBe3P2e9xaMDawXGT7uGaGWEKZVv36M2XC/NjA==","mode":420,"size":1444}}}