{"files":{"package.json":{"checkedAt":1708590263324,"integrity":"sha512-hv+cfeamPChpIitieRwUNyDgWvWRll+Rmn/3jyMj3aBg50cvJDPjTVaPKReP7ucj+bJG7kLQLXEbqs0iDs8/Gg==","mode":420,"size":406},".npmignore":{"checkedAt":1708590263325,"integrity":"sha512-KAxX8/nqIipJF41BomKEfbnJoIL/tlu09z+pKZVJ8NdfXylCohMv8Ng6052UKeniX/MoaZF39zTmjJjpYZzKaA==","mode":420,"size":91},"README.md":{"checkedAt":1708590263326,"integrity":"sha512-QP/J5axDOaNPStF7vxNSNEd9o1HvAnWUEfivlsyhv6384lMC6cO+LsaUVKUTw53dLhECs6Z9w2d5HD0WJ3kxCA==","mode":420,"size":21123},"LICENSE":{"checkedAt":1708590263327,"integrity":"sha512-eLIfyWtNA/5n3/Q18C+u5EUxKpJeqmYYEgvPii4Sb1rSGulu3CCgARsSyEkTiNHe01hfg9rSWJTyjWpMFwwIqw==","mode":420,"size":1077},"CHANGES.md":{"checkedAt":1708590263328,"integrity":"sha512-+J4WMbnd3FttZ6oQAp/cWzgrFN6mlg4i5X4KsQIzNkNev8o0qRo58jJAZWThJymXjFM5hospAbI8ExULUTk9Kw==","mode":420,"size":505},"CONTRIBUTING.md":{"checkedAt":1708590263329,"integrity":"sha512-pHBSj1wbi5gHNV0N4/uceoeLRF81V834V6LoPhV8TqqBruUFbnLYdQWdtF95MKPGQJcZ762bqhQHFdgVVXD54Q==","mode":420,"size":770},"lib/verror.js":{"checkedAt":1708590263330,"integrity":"sha512-5tf7wtfv4/OGfZ7Xf/X6BtKhktKPToQLPn8/FjqMWuT5/cEferXaSTPfcSD1J45nWpnxuHDQx+nmY1obRIUnYA==","mode":420,"size":11865}}}