{"files":{"package.json":{"checkedAt":1708590282660,"integrity":"sha512-DzXS+qnGxAePUKvGLDzgFEfVj40LYVUJ+4jyKvrKVRwinhprzz4/OzFnhAR11c9oryBecS4xLRBDTDa56fYJhw==","mode":420,"size":1638},"README.md":{"checkedAt":1708590282661,"integrity":"sha512-HM0rczvd8kh+iCotsR0Pp4m627mWCjf7rVJBJDdTmzfW+Nr+brb16wfImnOwECAd6ebzxxkR4bwnnFLg0WWm9w==","mode":420,"size":11087},"LICENSE":{"checkedAt":1708590282662,"integrity":"sha512-LFPXLgwkk2bige/rx7SY66Jkd44jJMxMWCpwPknCZF+OJ8NGxI7SWqC6kmV8vWQBSd+gfmN4wpDXFed3Qj+9Vw==","mode":420,"size":1087},"index.js":{"checkedAt":1708590282662,"integrity":"sha512-uSw9cJ4q5w4hpPPszGay7nQU6mO2dE7b42VZOSBUUzuNcNw0MzqQfCm4pY1PSp7R5wA8HugyRMWziti0fkn+uQ==","mode":420,"size":6447}}}