{"files":{"package.json":{"checkedAt":1708590291807,"integrity":"sha512-j/MNZ36JQWSrbffjr8aMxkj6jLFycDKyky/TOvCmAzADFbxWk1U7lfiGIe9acRpc96/LfH6dOjX6shSXpZaKJg==","mode":420,"size":692},"index.js":{"checkedAt":1708590291808,"integrity":"sha512-ilb2t5Dx+oxsEkONnqVrZVYD2+r8GA1VouSQY9loco0/4X+1HcPIAYWL04qA2KMCXo1JaGt8daaEVWBuF2e/VA==","mode":420,"size":228},"license":{"checkedAt":1708590291808,"integrity":"sha512-rnnnpCCaRRrva3j3sLiBcOeiIzUSasNFUiv06v4IGNpYZarhUHxdwCJO+FRUjHId+ahDcYIvNtUMvNl/qUbu6Q==","mode":420,"size":1119},"readme.md":{"checkedAt":1708590291808,"integrity":"sha512-6Fqa5NdclGAfMiQ58GfAiatwuu/ce08JBG04j0EEV1aUB82fKnSlbB+vPUfzWZHIhEyQJQUDwXrG6LmYe3sAlA==","mode":420,"size":1211}}}