{"files":{".eslintrc":{"checkedAt":1708590267491,"integrity":"sha512-4+yheARSL/pPQeg25245ejEKIOgmGjgRW2fotkREQVMDnQQZj7Rw9FvimX0senKxW9R3GgLHQbPLwHLqbvQy6Q==","mode":420,"size":43},"LICENSE":{"checkedAt":1708590267491,"integrity":"sha512-is07hPOvqMb/nBpYq3dOozrsdwHAIrqPTTYhio0cA+gO8u4daS29Q9v1iDFTE3xeAA8RO5jaI9hw36tvcbeK+g==","mode":420,"size":1071},"eval.js":{"checkedAt":1708590267492,"integrity":"sha512-btrkosYyw0Seo+PfZV52Zu7++naLbOG4xhZ2GL3IfcBt/y81T/E4/qCpb+iMAbrU5vzMQbPSwimYAprXDqVWCQ==","mode":420,"size":75},"index.js":{"checkedAt":1708590267493,"integrity":"sha512-tE881srS5NOkdrqJi/fYdSXULwE0Sak1o96SvvlzuSWAWj+qnIw4Ms2LzxIaqey178VS4WWl/zwJ0U/VFQyJOg==","mode":420,"size":66},"test/index.js":{"checkedAt":1708590267494,"integrity":"sha512-SonGrjhA3hOYmIXOsiVUfhuEn9uHSZcovRbpkIedGA/kuNYSW1xiFTRQmwMYjjFGC0hxxRrVp2IVQTnSEiSCSA==","mode":420,"size":356},"range.js":{"checkedAt":1708590267494,"integrity":"sha512-ghgXPJB+9JlWOvGzPMpdhUTp7mArYyquQhU93STs0jNOh9PVqp2Bz5fxHeLN435hIp0GLvmijj59D76g4fFtfg==","mode":420,"size":77},"ref.js":{"checkedAt":1708590267495,"integrity":"sha512-n7BkYBW1QhtxA6uG0W+XwELZTC1WbRieh0O5DqnKkdQjpqCyzuQrtgPcbpkbqPwErPgbSWUBE7QmDmQePDVHMQ==","mode":420,"size":79},"syntax.js":{"checkedAt":1708590267496,"integrity":"sha512-aKxVpPEgTrmlcCSu2A+wJTfPNvf69gEITqmNAmBj/gEn4tMxoQ914vbt5s2PolCIjcqiwZpkJJnMCV6q9bd4aQ==","mode":420,"size":79},"type.js":{"checkedAt":1708590267496,"integrity":"sha512-b1scOOPPiRP7dVwYT0QyNFelQamdoj7kFpOaxaYrSVGmJsHejwTm96ISe1dmJ+ij3yVaVDK4U1/DfoVt4Wm+mg==","mode":420,"size":75},"uri.js":{"checkedAt":1708590267497,"integrity":"sha512-Pkdtbmfi4TJFJ/bFN7UsWGVMfbSHdG45voIjDE4MfnnzzBgHZ9M46jpNztn8x6Jb1/CC0c8sGcKuhEByXaG6ag==","mode":420,"size":73},"package.json":{"checkedAt":1708590267498,"integrity":"sha512-uiGMppDKdPLk/spV+Vrj8feStKBnwxM7A1Jl3i45yjmo/fx/wYqJj/jKCl4qeREh0QcI7VZEllAtqCSmFnKSxw==","mode":420,"size":2174},"tsconfig.json":{"checkedAt":1708590267499,"integrity":"sha512-0jmj2keqP5IL9bGwp3pgYUhSfLj5fbZsB+W75I22cgnab3Aq/t66d9wndOhS6t+dALuHPKRqvVc0qV6B3Zc7gQ==","mode":420,"size":3170},"CHANGELOG.md":{"checkedAt":1708590267500,"integrity":"sha512-6ctnDG7AkCRdLHbCzwy/bgtnT6nXMOsXgOMp06O9tClds9MjsG9atjb4nqxWp0rFa+iSpz4MOpJK8Lsmeo7cZw==","mode":420,"size":1833},"README.md":{"checkedAt":1708590267501,"integrity":"sha512-w6aNLFhJMP8ZzKDoXem86qfOH5+ZFZZjyUIDE37/joXbH7Xm84sDewLHpMP62dn6s1cJd7mGoD8K7sPUez+E9Q==","mode":420,"size":2114},"eval.d.ts":{"checkedAt":1708590267502,"integrity":"sha512-yh11AZOQxTpb640YP/0RXWJuibEaw9uuASoh9mR32rLZvUd9c6vJGSR3TQyBthjhdRkfv2yuKX1UBML5plpLgQ==","mode":420,"size":68},"index.d.ts":{"checkedAt":1708590267503,"integrity":"sha512-mLhNzESQr1Gn2AlU6Jifb3xv9VqzETX8uiGwexTcOwrLcSFR3onT8dHjwhFgXv4qAX5xxzqZa6Czdt292lv0IA==","mode":420,"size":56},"range.d.ts":{"checkedAt":1708590267504,"integrity":"sha512-UbTPF1Gm/iYrwxLolVbKiFZmYbVKEznhpjRz+aj5gN3Gc1g1vhYRf9DkyYXd36gOaAVJfYJa0h50+NrFKoIk0A==","mode":420,"size":71},"ref.d.ts":{"checkedAt":1708590267505,"integrity":"sha512-b44D8PM2LfE7BC7dhZUJahu6Sm91Euz5cVzLr4ASKQX0k/K6cI8gIuXu2fv6nOAVZquRmVxqiOXwNa2N+FLIGg==","mode":420,"size":83},"syntax.d.ts":{"checkedAt":1708590267506,"integrity":"sha512-uK5KXzI+/Y8KjVIT+FXY5L4ndDhu1F5EKOjkXYI3G3abqU9Q1iDlc2dC/M26vnaM3DwVoMaOg1uFiic92uZ0WQ==","mode":420,"size":74},"type.d.ts":{"checkedAt":1708590267507,"integrity":"sha512-3nee/wj82zNTz8yzud34G5BdZr1JtbGBazHKzuWYEaF4YUNJatVpAxLHnQiftoFpHPU7GfaMxw9eNbJ+qCn5gQ==","mode":420,"size":67},"uri.d.ts":{"checkedAt":1708590267508,"integrity":"sha512-w7JzoKlvyK/gyqGW6wZNsyVNy/pF/WviuQ6eLGReurnD6azWXFQNp9E4aN1w6u2aIJN/e0ERUednaozFQYiPXA==","mode":420,"size":65},".github/FUNDING.yml":{"checkedAt":1708590267509,"integrity":"sha512-BevpC1b04ZspBPklFvc2ebiVn+hBmmk2RMkmi7oWrRRkithx9Pf+G1olj9tyf8zuiIpqDw1zWBcToNZmSBu8BQ==","mode":420,"size":555}}}