{"files":{"package.json":{"checkedAt":1708590287286,"integrity":"sha512-8tjZzkT8wDyck/JZz3LFxHx/ECFiw+7AbtchEkGdx9Ove45PKvyBrAzN9sdGeHGlcmM+8DGwzseJlpcq3MWLFg==","mode":420,"size":1739},"README.md":{"checkedAt":1708590287286,"integrity":"sha512-ZaWnSo3uxPa2hU561o69e0KNuNBK3XovWtLD82/5UGa2sVS8C7szgescw5szNM+3lkqjkoPinA1ds8nG0k7wTw==","mode":420,"size":5219},"LICENSE":{"checkedAt":1708590287287,"integrity":"sha512-CnFEd+zu5cIdcJwcKPQ82LYbZN4zpDGBC4DxyXXSoxyA6Nq6K9d6CCYXQdosU9Fq96xELj21N/ZtmeEGcqlDPw==","mode":420,"size":1088},"index.js":{"checkedAt":1708590287288,"integrity":"sha512-sEwsrL/u3tWxBo9OmwkBRWa/XRB6sNNDBRFykqGmohISPfCyyWBeLpW6H7EylpRHoEWxRO4h3uK+sP7LpqvnVg==","mode":420,"size":547}}}