{"files":{"LICENSE":{"checkedAt":1708590282950,"integrity":"sha512-QCmweka1zt2/iuMGTuBXCvfTY8pXkekj8bGbvWhfjsz/YiEjjtxKh22m2bmElSW0HhwsKFis/a2tmjiTnoW2lA==","mode":420,"size":1104},"index.js":{"checkedAt":1708590282951,"integrity":"sha512-/7vs4xQetUxzZyV5rBOsuSR6eFd8UNZZPsr8gf1OQNp7Zo4l44FM68PKVx6lhIpvL9qKQzIuvfD59ZSYSPDFAg==","mode":420,"size":3293},"package.json":{"checkedAt":1708590282952,"integrity":"sha512-jkB5cy99vLEvz6SGsQ+an3JgQkXnXFIe1tm4m908caj+3NHSim5un+mtlnIKc/2nO0lfKFLvLNzbGmlW4xnezQ==","mode":420,"size":536},"Readme.md":{"checkedAt":1708590282952,"integrity":"sha512-IQ54Jjto+mR7aqnQ6fvzsvrjzbOyHg/UlsY+oWe9YXPaqWfO2eH7s47Xt75oEhhKxA2GVnLN1R9uE9thdQJkig==","mode":420,"size":1372}}}