{"files":{"package.json":{"checkedAt":1708590281718,"integrity":"sha512-MO3Bmfb7GVurBHBifpIXqops+nLJxfCtQOncf9SRo/l6pyCWTH4SeTmEfHoYwseavzo6LsalWr30X8npLxBWOw==","mode":436,"size":769},".travis.yml":{"checkedAt":1708590281719,"integrity":"sha512-kMrL7h0fvOIqv/h3I4QNyqdY6hjVL8kjxRJY2H/sT3C25X5blykejs39Sb+44EE0yyZeMzaU8FbHuAqO4ayVng==","mode":436,"size":60},"LICENSE":{"checkedAt":1708590281719,"integrity":"sha512-+iA7bI4zGSN1m2C6cQ8W1lRv7RPfbXalMBCuif2Dauz/KVmP3xon8UHwwDXD5sBZibVl0V82Hr4E1LFCZRXpAg==","mode":511,"size":1510},"md5.js":{"checkedAt":1708590281720,"integrity":"sha512-sy7shDkOdj2Yg0nKqUNC35AokWHi7pmx1FqzjVOjEjbUUU+xE3tasBh0wO4YkyRZd0jWlWjBxkUqa+1FEmSx9w==","mode":436,"size":6034},"README.md":{"checkedAt":1708590281721,"integrity":"sha512-9NPzG8eul4tYGIDd5q1Y1HSugmKgWRF+vuagiez8qOHGjEYBCjS2py0K9laUymOpXOg6VGLqpCPh28IWub3FZg==","mode":436,"size":3574},"test.js":{"checkedAt":1708590281721,"integrity":"sha512-gvRyEl2lTvQABl0DD3Gm1Z4jyM18bDKssSkpT48WoAtyho9w3p1JR5hpCdvVWXvIi5YuAEbLz8WYXQ6tr0IxMQ==","mode":436,"size":2247},"webpack.config.js":{"checkedAt":1708590281722,"integrity":"sha512-ODyh+/j2ru4ECESXbOu0j++QVeVqvTgzA/PwxMMUwLI3vUDBG5Noml86miwySH17b5EStPe1HXNqwve2v/626g==","mode":436,"size":206},"demo/index.html":{"checkedAt":1708590281723,"integrity":"sha512-htTbfgFSiXijAAkXEunl0q7tVXftVaeDCcL4si3ltu7Viw4BFP15d2Wkbo3wg54xttNQgQ7Jv5Db7TdxNs+OSg==","mode":436,"size":935},"dist/md5.min.js":{"checkedAt":1708590281724,"integrity":"sha512-PS9Yljri8FEoCd6e76h6rBgjYsubddV/E4wlZZTB3VS1FfToGARGJrj8+SnxCw6fEOizRS5XtGMyT7vN0JVuSA==","mode":436,"size":6017}}}