{"files":{"package.json":{"checkedAt":1708590291684,"integrity":"sha512-E9QerZV28Sg0Ff6ApfPPKgCVOKExfZ8F32jMGeT/DF9qWNVs6HkJuaIttinXU9D35hJNSKTnbTGOo9QhUw9dGA==","mode":420,"size":607},"index.js":{"checkedAt":1708590291684,"integrity":"sha512-Sf68lDAwUAuXXZWoZ8uCCEaIx6r9fe4jkQwrE5zlyqmw3f+BduonUI3wzXbVbP5VS35LPIQoyIX2NiUeiEsuAw==","mode":420,"size":236},"license":{"checkedAt":1708590291685,"integrity":"sha512-rnnnpCCaRRrva3j3sLiBcOeiIzUSasNFUiv06v4IGNpYZarhUHxdwCJO+FRUjHId+ahDcYIvNtUMvNl/qUbu6Q==","mode":420,"size":1119},"readme.md":{"checkedAt":1708590291685,"integrity":"sha512-WGpr/6gVLVBPxi4KKWvGEqUlEsG1CdE+29Fe7nbIhxPys5H2rAhVfIjNAehNZVCEFlEl/0QEMU1nbFCK+XBzXg==","mode":420,"size":509}}}