{"files":{"package.json":{"checkedAt":1708590269706,"integrity":"sha512-NF4pk0E/HrZBt2btfKhl98DlnVley3cVDDaziuYr8buHHX0RjFgBgbJLvjUON2I3N7qaWLcINv2DZZq8gpFTiw==","mode":420,"size":845},"index.d.ts":{"checkedAt":1708590269706,"integrity":"sha512-QSpyhyWsLLERG7Q231w7V0wemyVuMnC5wbgLAXl1ZGMXVXJuuezYK7ZJkVCY9JVzxk5H6quKdHxVjS7P91gICQ==","mode":420,"size":5706},"license":{"checkedAt":1708590269707,"integrity":"sha512-nIst73auX/5NY2Fmv5Y116vWnNrEv4GaIUX3lpZG05rpXJY2S8EX+fpUS5hRjClCM0VdT2Za9DDHXXB5jdSrEw==","mode":420,"size":1109},"readme.md":{"checkedAt":1708590269707,"integrity":"sha512-FPv8wT9P9lbfrZurgB5k1nvWZh3OoO0zcNaPPCJETxSwdET3TmRLdA+ZlH+gyXuHviNLwVuwNNi3FIqTIAg4og==","mode":420,"size":5639},"source/package-json.d.ts":{"checkedAt":1708590269708,"integrity":"sha512-sp5I6j6d7oGTpDB+Cpa4MWgxomEhOYJGDVFO445oqGFh3aJh4b8NRc7wS19I8ihoI951El9KAM+YPBeTvUVSXQ==","mode":420,"size":9713}}}