{"files":{"package.json":{"checkedAt":1708590293267,"integrity":"sha512-jFiAO3p29/M7YlI9PTjuUreXDpdeHe1W5E+B3uEI23VlIlheVYbZTxk4C9EBNPkNksH/WjgP4+814StPalcd9A==","mode":420,"size":1184},"README.md":{"checkedAt":1708590293268,"integrity":"sha512-e18FsMGo71vNTVbApdLJCOK4fBEMnA/8y8IetfZ3bkZV0b+nvfZgYNCoT/A2l8/UkNuhRFW06+VV6EtA2KGK2Q==","mode":420,"size":3714},"LICENSE":{"checkedAt":1708590293268,"integrity":"sha512-k5yaeclgrtMAXo4WduTJKbEFgallOoV5i9ZXUuAfGDmY5W2h+asbhbS1U2YqXwH3wKWtXlawnFlvOernEG0CfA==","mode":420,"size":1088},"index.js":{"checkedAt":1708590293268,"integrity":"sha512-J4bvwmj3srVI/ncL+RTmKI5kxTxZCky2ikcSTexcHCrDnjCBNAGPi8KNld2h3pHtJxQ5rdndKmNtbL8Iou6xlw==","mode":420,"size":759}}}