{"files":{"package.json":{"checkedAt":1708590290135,"integrity":"sha512-lMIm4HVbnr4ZIGz3wZxYooNmHLVdpAAEMELQ9NFXxPNppc7doLPbfRL8xuURXv/XueI6Xnxwifs/KyLXfGlMrg==","mode":420,"size":883},"index.js":{"checkedAt":1708590290136,"integrity":"sha512-4Xh9WadxCn84Ols5dAgDR2vhJ7JDItQphvunNkw7nDDZ7TFULydLTdPVHV3gI8YG98mlefGs3bUlAj9frTmKwQ==","mode":420,"size":1839},"license":{"checkedAt":1708590290137,"integrity":"sha512-nIst73auX/5NY2Fmv5Y116vWnNrEv4GaIUX3lpZG05rpXJY2S8EX+fpUS5hRjClCM0VdT2Za9DDHXXB5jdSrEw==","mode":420,"size":1109},"readme.md":{"checkedAt":1708590290137,"integrity":"sha512-KWBjfPixjuP2dTN70rzIg2xn6B3w08+AyJ7J6BHUtD29RgjIl4FHY7rO3hA/eikYBmZ90FdOLhLq4gUw/ilWUg==","mode":420,"size":2694}}}