{"files":{".eslintrc":{"checkedAt":1708590294800,"integrity":"sha512-yD5Xe+wojBP42C0hN/bmg1Vn7UDJ/LjBwwgKDd7LFyKO567SpYldrAgHgu6pZnTwJ2oR1GJ5agqmo9TdwG1n7w==","mode":420,"size":511},".nycrc":{"checkedAt":1708590294801,"integrity":"sha512-zyESvn26nGQk2mMsy8Ixd5bEj8qgdhFPxuJqI5uoIxLF4pJn6KpqRh+OL5KeNPJcW6oN5SUoU8Xm8hl5kjncBw==","mode":420,"size":229},"LICENSE":{"checkedAt":1708590294801,"integrity":"sha512-UYETA37gNUDKrmMFiphSX5pKZ0Jb2MNZb2l77Vrh0gU/5292uFpO77gMxRn3sD02jPS0RSiMTKfKy151I/M5Yg==","mode":420,"size":1073},"test/all_bool.js":{"checkedAt":1708590294802,"integrity":"sha512-No0z4d5W++xeAHkMWZ8Qmasp7P7agVSA7pNaRix4kSA/B25LLsW3oasKramIPKwATByGTZI15yr8MjmzebiGPw==","mode":420,"size":675},"test/bool.js":{"checkedAt":1708590294802,"integrity":"sha512-L+nenVJA2BF9D2wD+uYp6UbmOTv+brLJdZKzj0be1IPKeVzaujx97UvnM1Z0dtBvsdfDGxgpjEJHa/Vdh+SHjw==","mode":420,"size":3575},"test/dash.js":{"checkedAt":1708590294803,"integrity":"sha512-3vnqJ6xe6nRYX8ZUD21RXymrBOqrHqECOHm/7LTRBjsMeDh+laaYJuMaQ4Z5pODMAJlEbKP6oY5h9Nu8Djcx2g==","mode":420,"size":1245},"test/default_bool.js":{"checkedAt":1708590294804,"integrity":"sha512-bbImUMM14waF+ACD/seYLKYLfw4D0UyVwkaSSny31/Tk5d3bH0gtZTnVpNjTe6gjtpWWtGq3igXsNG1L7L68YA==","mode":420,"size":713},"test/dotted.js":{"checkedAt":1708590294805,"integrity":"sha512-SvtIbw1ZHBvFK22eI7qDBJHA2RhvlgLjOk0K8A3rL+D9DuVdLvQiMXCEf/C02GHU93/JrdJSTTucAQC2L0i1dg==","mode":420,"size":586},"index.js":{"checkedAt":1708590294806,"integrity":"sha512-ZYkdzdCmTozQ3Kqwz7zFE6nWHXZ5ohyxeawJ5wDTU65tPI1rF4sPWH5LHAtgL7l/B2Goe7muopERh5Gb9rtv/Q==","mode":420,"size":6196},"test/kv_short.js":{"checkedAt":1708590294807,"integrity":"sha512-gabN3DHmDKXLXq/sk1OO94QlD08+cKxERwlGn/IIaV8NukzgI8fVfvvA3GA58Au92YQB0uz/wTqd+Im/gYwb/Q==","mode":420,"size":660},"test/long.js":{"checkedAt":1708590294808,"integrity":"sha512-wr7c1nm4nr0BcuFsWUQaN2bEL2YWsA+4lu0HsIQJc4yedbtaVYZKrmLlWN3lehpRbFQx/JlnGu4c8DQZ6+T4Jw==","mode":420,"size":649},"test/num.js":{"checkedAt":1708590294809,"integrity":"sha512-v77ObqccgT6rGyyWgMOu6FnKnecKK5YLLARzqiEfTDFdATym8p73ZQkFYVooju1WkF7xg4sWMKUqp1/T1yuajA==","mode":420,"size":792},"test/parse_modified.js":{"checkedAt":1708590294810,"integrity":"sha512-gajSmBmztDavMxE+EqLgIySy0QYVvTNQvffS8OqOQCDytp+E0WBh6Uf4TWgxl553nc3YPmg6Czb8/A8OrUXrfQ==","mode":420,"size":237},"example/parse.js":{"checkedAt":1708590294811,"integrity":"sha512-g4waPTbNabL6G3BD+UWs21OQsAxV3xQFAPSllpU7BJxOmX6A33a3W05pcng5c8s4Ci0kyutYFonQfmCoNzwekA==","mode":420,"size":84},"test/parse.js":{"checkedAt":1708590294812,"integrity":"sha512-j7BmDeR+PdiVXxYcdXuvfEdojQGV8V4cQJ/M5h3mRfl4rOxcn9MCfhfTSSb6cKtlAXm37cWnfRFofzZJ9ECxbQ==","mode":420,"size":4086},"test/proto.js":{"checkedAt":1708590294813,"integrity":"sha512-WMIufDzjN7Rq7Asl5tIcwePDHEqR4GLG4T5fr2U5yGQaoCZshpfyIHUQ9zVXvNp/1Xopz9yyOk0dKrTNNf7Ofg==","mode":420,"size":1741},"test/short.js":{"checkedAt":1708590294814,"integrity":"sha512-kuCni7aWR1Aq5c5yi/K/fwFJVib6kfVUwmHEelOv21xpMbIOBT121oBYx6P/5Ip3O7sRpD+ab9kSy7Ychx2PSQ==","mode":420,"size":1295},"test/stop_early.js":{"checkedAt":1708590294815,"integrity":"sha512-gNUfKZ8Se2oq1NQRkY2agV+kcEe9P5qC0zVOxhl+H0Awfd110hxjYHTDZk15+4SKo4rTSZsVCZLyzaGUwJhYyQ==","mode":420,"size":312},"test/unknown.js":{"checkedAt":1708590294816,"integrity":"sha512-rRV5Xq4y521ozvSN0F5Ha5mlkV+87DFP9t663hqBU1KKG7x1PjaLwg20t0GGEAj353TsiMgOuMrAthzngAePlw==","mode":420,"size":2106},"test/whitespace.js":{"checkedAt":1708590294817,"integrity":"sha512-FhyAkoYVmMKZw6xPXhT2BFJeh47FlapX1V0TGZbIE/bTbLBAGLvbL6U7qmNb2ExnAqv9FVgcdyuhN416JyLKow==","mode":420,"size":194},"package.json":{"checkedAt":1708590294819,"integrity":"sha512-aktPjn+52BdrHNyb/WkVTGcNBwQDrzMh8HkHYip/XYlbhPasH2VzgjjZMuzxcj6coxtsAV/98NHxxDyggOkqGA==","mode":420,"size":1788},"CHANGELOG.md":{"checkedAt":1708590294820,"integrity":"sha512-EcgXocvC/q3G2GZtYuneJnD4PQ6RXy+ASn4wy/4Bvn0DKG+oD8dtsRk3Z2PVazftFqgPX0u3B5H3b5B2kH9Opg==","mode":420,"size":21542},"README.md":{"checkedAt":1708590294821,"integrity":"sha512-iyG6SotCEm57vOelFosCuxqJA+gw+c1zk5owDxsA3ps9lcA6ucdf+OKhR9oMWcdtWxT9wfIPpsZAWWMexW6iSA==","mode":420,"size":3609},".github/FUNDING.yml":{"checkedAt":1708590294822,"integrity":"sha512-8YEGlEsHhp3lEW5zqMi6Mp7I60fLit+FKdXI9TK/VOTta526+yq3/OCw9nxFELtTWevH4WDYGF4Lbx51yfr5hw==","mode":420,"size":579}}}