{"files":{"package.json":{"checkedAt":1708590283839,"integrity":"sha512-rxdrpyR1fhbB2aRFhwWCOtW/NcOGcVM9ERDWeSeHnBe9hl0x4sBQdLUXVNe2G6Zp27VQSeScaIkmjAl7tBYBWQ==","mode":420,"size":1829},"README.md":{"checkedAt":1708590283840,"integrity":"sha512-Nmb5RB9rg/B7gIhze7IW1wAFOFr4bGciuIpBUeDNISWpsHnTMLE0r//jUHQc2Zolx6gmqL7seezEBa9BucOaKw==","mode":420,"size":8145},"LICENSE":{"checkedAt":1708590283841,"integrity":"sha512-tvfTdJiWJDiFPpsR/I9WZSs0oBmhGFXq7UhlakT0rx9viP394eXYZoTSYAH9KLC6LQkxkGWAeqY2WHVWHwxwPQ==","mode":420,"size":1087},"index.js":{"checkedAt":1708590283841,"integrity":"sha512-m9FDNk1yHy80xB8o9PbUsiukz+l8Pu9wlK0ftX9wjx3VX3pgNO+AVCfUen1YlJGSzlvtv6GXrkkKYZFKV4AiFA==","mode":420,"size":2470}}}