{"files":{"package.json":{"checkedAt":1708590289231,"integrity":"sha512-QLxBhz9oTM9CRXsGBSNVahiTAupVjkNuPPutMkO6zoHlxarkDTHzGniyNCvsaxZrOPcD32NDcVlAnVyJTmEQ4g==","mode":420,"size":721},"index.js":{"checkedAt":1708590289231,"integrity":"sha512-55uLwt9qhTQqresI8lZbiA5WidoqxB1X8UETvMBTvW3CLDNJjuZ0KWZEMgbDgUeo+K++UY1g0O4ppYPnXXF/TQ==","mode":420,"size":1769},"license":{"checkedAt":1708590289232,"integrity":"sha512-rnnnpCCaRRrva3j3sLiBcOeiIzUSasNFUiv06v4IGNpYZarhUHxdwCJO+FRUjHId+ahDcYIvNtUMvNl/qUbu6Q==","mode":420,"size":1119},"readme.md":{"checkedAt":1708590289233,"integrity":"sha512-jVeHvlBDzR75aEsSE+jb0g98IBdt72OsKChLGvnIVv7MIjCZpNXv+tL6P+ewWWUm87g++Y9PD767uOUUUEH5cg==","mode":420,"size":1141},"vendor/macos/term-size":{"checkedAt":1708590289233,"integrity":"sha512-Gl2SyTZnGuWc7pabD+b2Z4R/wzfXOs4A6RlFLzT4XJJA11TEpB9qNbWR+iyn5ogUts9iHp6NhaUFxczktI/V4g==","mode":493,"size":8760},"vendor/windows/term-size.exe":{"checkedAt":1708590289234,"integrity":"sha512-ztoTGW82C1EYuzwC7U0aZ0h2b9QnQabYggMYItrSdeysBSpULVN1Wa+Hh/EetNKCjY6TmJ6OmxsQqHIgftseMA==","mode":420,"size":17408}}}