{"files":{"package.json":{"checkedAt":1708590289693,"integrity":"sha512-xqNVlAJyOCMbuW8Y5vKiRExdStCDnXsLwWbliFUwAaYm98T79migJNnHtxhOa6G6GoeaqoOmO3zVl6JuOQk/TQ==","mode":420,"size":1018},"CHANGELOG.md":{"checkedAt":1708590289694,"integrity":"sha512-S2dgsuUzWYtMsi6yK8AAbsXtSEeEaZiAsEokEJyYO/sLIE/qMupDu3n11kDBmwzMN6r2Ls8nhUsRfJlWalzf6g==","mode":420,"size":679},"index.js":{"checkedAt":1708590289695,"integrity":"sha512-MmdEMVIw6v5iRoUtitIFuM6JEuyM3bXaFj1jgsPXwkGmX+CZ3qTczZ0XyKTb5bEauPKIfkKxHAHtjlit3uk1bQ==","mode":420,"size":6983},"LICENSE":{"checkedAt":1708590289695,"integrity":"sha512-xs8Qx1Pa8SRtx+Es20hNmYmskMAuS+7K6scPjRaQrz+XaN9AHFiAVI6HyLYALi0qXqitmsleljSfQHuhMP/+Hg==","mode":420,"size":734},"README.md":{"checkedAt":1708590289696,"integrity":"sha512-XqhkHCu3RbTcFoDlE4K2q/9Yn/Vd7g2mFzm/V35oquUUy3oerWEh8IKhZhYA4n5zSKAIHs1ovy6ET1lwHUq6Tg==","mode":420,"size":2829}}}