{"files":{"package.json":{"checkedAt":1708590265116,"integrity":"sha512-dzWpzqFEoa/de2DwfrBa2P+cvCledK7cCVVaJOeEMRaRjGlW2qE3xPmWLhcO2KvrEjYwknou2fAKEigZdQQqIg==","mode":420,"size":743},"README.md":{"checkedAt":1708590265117,"integrity":"sha512-H8XMusWAv9+XC6v+dsle0VtXeOlpBPZQ9PirNu1OClrk+2qQMJZqgCcYPN2Go0Z258/IovUpiepjYC0FcI9l3w==","mode":420,"size":467},"LICENSE":{"checkedAt":1708590265126,"integrity":"sha512-XCkaeV1f6irveeWrsZX7rCiHczP0DDnAkkHsxjnB2NMc0rjUWmK3jAOyaPz24Zkn2rMEr+E+o6Jup3RE4TvyGw==","mode":420,"size":1233},"index.js":{"checkedAt":1708590265127,"integrity":"sha512-9hcJDUlLTF5EEN1D4PboYeghdj78m/mjFtEs794YBEtaUYzN5GtBZPn0oM9qCa7sB61AaPMovdGghgV0gX+7ow==","mode":420,"size":2025}}}