{"files":{".editorconfig":{"checkedAt":1708590266847,"integrity":"sha512-DGIa8u1RunwCz/UQSZO1MoP+9rH26wzNVz2V1mTNslodBES7jNJ2Cc3W3jeWFSzxO3OLAPDCmI+n866Aidfimw==","mode":420,"size":145},".eslintrc":{"checkedAt":1708590266848,"integrity":"sha512-WLFpLSNu/mhb6GwLtt23wGub+bjlk3qTdSMkJcXwdHLngY/CE7i8BgjqEb8Y5EVYwUhHFv3QQBoTI6VxOM2skg==","mode":420,"size":185},".nycrc":{"checkedAt":1708590266849,"integrity":"sha512-42sgwWzusJB1Dzhl78jX/Zg65Oi0HDDMOGXS/Uklv1kCYn4fHtRsD/JFPwdu+d40vome9XdUspzRWEQAcTGEeQ==","mode":420,"size":216},"LICENSE":{"checkedAt":1708590266849,"integrity":"sha512-d2fjYr50p8QKjqC0qhH5nWv3sgAsKHHicw91kVzLPCZ54cpPIRw8zJk+nn45Y6q/yJ/T/xdxK77zBLuAvFgmVg==","mode":420,"size":1071},"index.js":{"checkedAt":1708590266850,"integrity":"sha512-ErxFIhkgAx7wlaSUV7R6aEvUhlrR7ikDvSyvioJ5bi6v96+RdkkONdfDlT+KpiySzyaAmZOnpwmrfL8dW0wjKQ==","mode":420,"size":3343},"test/index.js":{"checkedAt":1708590266851,"integrity":"sha512-pwdFXyCXWZrLvtjaDvjenqxNZPWnVfv0zaWIil5xvjNQ/jq1XJVaAGm4bq47wNSqrHBwTkudGlvz8N/mCJ3Ecw==","mode":420,"size":1934},"package.json":{"checkedAt":1708590266852,"integrity":"sha512-DR49j5o9RN4p7v2PVng/aRlL2JVSw63xGICchYh3giGRFO4ksHM4r+fbcxFuiNjbRhdPifPO/ZLqqhFFqZa4wg==","mode":420,"size":2115},"CHANGELOG.md":{"checkedAt":1708590266853,"integrity":"sha512-5W7+XPu88jxns4nI89bd6tlBhZFpYoqCwXgghAPmV/LNkyptUoBtig26WY8umYMic//ch0L38FNciaJodg5YSA==","mode":420,"size":8203},"README.md":{"checkedAt":1708590266854,"integrity":"sha512-m1pjnTNpwG3mUmYKIM7zNGUUxXZsiWEnUl0EeSNYyYyYFKquGBZ72qPveE9We0Dc6Y/aIQhqGFt/Iyv9tcY6qQ==","mode":420,"size":98},".github/FUNDING.yml":{"checkedAt":1708590266855,"integrity":"sha512-7IEnqQnyNBUIX+KD0VuiTJRa9sniQ2i+upj2EzbrYgbo3rGzycFyDG0BSIsB2sN4YjYVUy+8zNTkpbEpZtSCXQ==","mode":420,"size":583}}}