{"files":{"package.json":{"checkedAt":1708590282560,"integrity":"sha512-mZvy4rbzT3x2I8+kOw8K2hqwWzFUbfrgo6Mpu2Dbmsqj7Uv8vkv5+nV9CupRAVM/1FvnqPHqmSXUGB6+2Qob0g==","mode":420,"size":1549},"LICENSE":{"checkedAt":1708590282561,"integrity":"sha512-CnFEd+zu5cIdcJwcKPQ82LYbZN4zpDGBC4DxyXXSoxyA6Nq6K9d6CCYXQdosU9Fq96xELj21N/ZtmeEGcqlDPw==","mode":420,"size":1088},"index.js":{"checkedAt":1708590282561,"integrity":"sha512-mrQ/BP1L+zaq55iJyi8dOEpYcOFxqUe2CSRgp8XjryofVgqOk4QjZfTRz1vWq3v60PHGW3Jy+qlLTHlrVAfrtA==","mode":420,"size":1072}}}