{"files":{"package.json":{"checkedAt":1708590283177,"integrity":"sha512-rt6TgpFafldvic4JnkMtldcPTRQ1LlvV3XMIILCo79PZEA3EMGx6ti9+onpnQqsaDfPSIczfzrnjwoEaO2qP5A==","mode":420,"size":1297},"index.js":{"checkedAt":1708590283178,"integrity":"sha512-t0XKLMoQFq6Njxm9wykf9QuDn7yLY2gAW9eOoG7bitObGHyl3heT99zqOjTfrxhaEsdCHCfVTp6ny8b/BGNHCg==","mode":420,"size":3658},"LICENSE":{"checkedAt":1708590283179,"integrity":"sha512-IWoaw2rNySm6PLN4i/XDKs07noaIUnbECrAxwPBdCPY15HJEJu48w05F9usVXOf74Q5yGArE20iy3RdJVeLivQ==","mode":420,"size":1088},"README.md":{"checkedAt":1708590283179,"integrity":"sha512-CN5K7CbKnYGsFkPYCv4tM3Ma2rGHtfO89aC5vWxp+0yUbCbRwufv+ywsZfd4IjdM4ryp7GjjAy9DMo0NObLrxw==","mode":420,"size":7778}}}