{"files":{"package.json":{"checkedAt":1708590291556,"integrity":"sha512-y2JWZGVyoxaUf3f4yw7gFVPQwZWgYdqRp/622yEVnIGIjhLDIpfr8PEgOuERUJaJRmQ+P5qCcy/PvKFw+8K+hQ==","mode":420,"size":864},"index.js":{"checkedAt":1708590291557,"integrity":"sha512-yaAAm0UNEMt9rsDEpttGWhwUxm/CW8TU1iMWbvaDRCIYrXOvRK7kpYjwuEktx761mpLju3RJUvGOPYjN7F0fEw==","mode":420,"size":860},"license":{"checkedAt":1708590291558,"integrity":"sha512-jtZBtvmsdIy9+jBAOIeY8N99fR9h0mBHYyZg4vda8qE/sQpKUjFvYezdLGWIsW6Jui1Xnnn1mNKOGc594lsAHQ==","mode":420,"size":1120},"readme.md":{"checkedAt":1708590291558,"integrity":"sha512-Od6QbAymvUK4sOQ5lsAN0oIKRvjAbXVodXth5czrs9ncLnyo6eqOvubeimoya6AK4UyR0wHvA95BLZAuSHt4OA==","mode":420,"size":661}}}