{"files":{"dist/commonjs/index.js":{"checkedAt":1708590275886,"integrity":"sha512-o+ihlQJZD1DaJYk7AsJNue1lBn8yvnJ6u3/GmD6qaX47BMJ9nyGBNzPz0l7Hhvx524R4Am9vlM94mHTF4KW64Q==","mode":420,"size":30550},"dist/esm/index.js":{"checkedAt":1708590275887,"integrity":"sha512-GSf4DmMS0pThFWzpj1Ter32q0knujC+IW89aL60oDLQ6VfwYyyFtvJjtkrgMP4OMh6uP9wcqPxP9x63TpKPW+w==","mode":420,"size":29978},"dist/commonjs/parse-args.js":{"checkedAt":1708590275889,"integrity":"sha512-99YmKL8whaxrpy9aQ49WtRbm0rJ+fF/BluWYxz8wQE2+2JJElCyue56p0IZtfGZ+8sklQwJe5Vv+TIIwBkROWQ==","mode":420,"size":1773},"dist/esm/parse-args.js":{"checkedAt":1708590275890,"integrity":"sha512-xg3MZLWftHNsdBwIqUyV/fi+FPg+yCinsDPD0JLXheoaKFehn22bp+3fW8H6FQOxCY/ZVQNMDNQaH4NRN+66jg==","mode":420,"size":706},"dist/commonjs/package.json":{"checkedAt":1708590275891,"integrity":"sha512-ZcZkWKviEBAyzdG1DKbmQ+DDaNCd+mzHAGsz7YFeEGuyD5r/EYGBgH59+fXU2Nl5Zwmx7Jp+BFRCMWNv34/fQg==","mode":420,"size":19},"dist/esm/package.json":{"checkedAt":1708590275891,"integrity":"sha512-Cj8csVIsbnWVGGqaVO0HP/pZCybH0xsId/Gckl+EcDfp+XIGa/7WJgmxkOsrwh/3sxUU4Iw95keA/vWYLLsh8g==","mode":420,"size":17},"package.json":{"checkedAt":1708590275892,"integrity":"sha512-VBjDNLtViKdlftTPTo3XnJcM2BvwVYjLWc4PEWVt4O6/9eEeIMATBdOzvfpu8Pqap3yWb0MJkFi7BEO/ik0shA==","mode":420,"size":2157},"dist/commonjs/index.d.ts.map":{"checkedAt":1708590275893,"integrity":"sha512-EcjBOfIxorlEo0W05lmPYBT+OocbyJBFmSUSzkNK6SvS7BvVMvNneqaRZ8h5DhdAKw1M3Xyp3UMYRO6PhlaZ8Q==","mode":420,"size":7129},"dist/esm/index.d.ts.map":{"checkedAt":1708590275893,"integrity":"sha512-EcjBOfIxorlEo0W05lmPYBT+OocbyJBFmSUSzkNK6SvS7BvVMvNneqaRZ8h5DhdAKw1M3Xyp3UMYRO6PhlaZ8Q==","mode":420,"size":7129},"dist/commonjs/index.js.map":{"checkedAt":1708590275894,"integrity":"sha512-TcIljBJxIOBqjVrzaIaufGykyZNvE71QGbdRtktSwm5l3MfM0mh9nHl/M8B8zjxjg1PFkda1+d7KuzS4R4frvw==","mode":420,"size":67026},"dist/esm/index.js.map":{"checkedAt":1708590275895,"integrity":"sha512-bHbYghVIuVSvoFkPjJ1rqf/NDeyOrWy8GymqzHT2S40vYDhpzh3R0gi1Zh8qNPvTc8T0Ms64dvyEgq29gEGeFQ==","mode":420,"size":67031},"dist/commonjs/parse-args-cjs.cjs.map":{"checkedAt":1708590275896,"integrity":"sha512-6rm95MoWP/8hoyvVM7q2XcjFmWbgozNkYEBH449pzCpWKVulxMOYQmz2ZLpVrn/Fi39Md49BXc8oFnmqfDhBTg==","mode":420,"size":1511},"dist/commonjs/parse-args-cjs.d.cts.map":{"checkedAt":1708590275897,"integrity":"sha512-H/L+8dYqXSnah2TpBtmWV+rMYvxI/uRH19Axkl+BXFTDeGMY9iNAYLqE6Lkz6DiNdV+oOV4C5JMHNlCYPb7WiA==","mode":420,"size":195},"dist/commonjs/parse-args.d.ts.map":{"checkedAt":1708590275898,"integrity":"sha512-rDR0XFLhCP6TpcWDvRpWa3CEANJ8c/YlTrh1Ie+vfTriPxpmO/XB1UrFltyfLrDzrS/LLNR143BmclAedpCQSA==","mode":420,"size":186},"dist/esm/parse-args.d.ts.map":{"checkedAt":1708590275898,"integrity":"sha512-rDR0XFLhCP6TpcWDvRpWa3CEANJ8c/YlTrh1Ie+vfTriPxpmO/XB1UrFltyfLrDzrS/LLNR143BmclAedpCQSA==","mode":420,"size":186},"dist/commonjs/parse-args.js.map":{"checkedAt":1708590275899,"integrity":"sha512-TtldqRnTvMilbaIeQhc39+u/sbcp7bn7m+HVRjirl+s04jQuVe+p9odUZ2pDrVpAZDXxYKyOVnEeUZsSWS3sfQ==","mode":420,"size":1721},"dist/esm/parse-args.js.map":{"checkedAt":1708590275900,"integrity":"sha512-dL+6t9AsG7i1tzkSUKWeQo67ysRS6ScXBl8FCx4Di5wSyN9oRAXzkBzUBOkHYIXoCOcZq+1DUvSqCavF077mdQ==","mode":420,"size":1728},"LICENSE.md":{"checkedAt":1708590275901,"integrity":"sha512-seCH7G9uShObBDyZsgPXWsGtEMIxSN8UF7GR3DgmSdB2wF0Or2QPZnucix6+DQ8YXgPw2fPW1n1Yd27CjpDwxA==","mode":420,"size":1552},"README.md":{"checkedAt":1708590275902,"integrity":"sha512-jrW/3XoX+gEWwZMope/WO6T4cJmlcu5u/HJVPBfX9J/KQ9rGyRPuPFOe3JMVJ0NZw8lOMooTHU/5ghhZ1Roiew==","mode":420,"size":10907},"dist/commonjs/index.d.ts":{"checkedAt":1708590275903,"integrity":"sha512-VfmTR6gbyOa5uHlu9LB3Ionrrrws3GqtcEBiF8idGykbFjBQVHHAa4mCF7tKJ+r2cV0SHIoSML0mzkeDwx1vOA==","mode":420,"size":10601},"dist/esm/index.d.ts":{"checkedAt":1708590275904,"integrity":"sha512-TH20+sN8gdh0mLe32+6wd7i3iyxTzsNMk3UkCF05mARI6nQ6l3H3Ca+ZCRVIbZioxPCL9tnioE+8uqSrkCZBkQ==","mode":420,"size":10626},"dist/commonjs/parse-args.d.ts":{"checkedAt":1708590275905,"integrity":"sha512-/GSXYM+Z1Mk2ahqd59Oog9VadOSArEgFA2HDmcT8UFFaG9eSNHTv8erNcNZX6kT8ZTBsQ1pJGQb4ZJqLNvg+FA==","mode":420,"size":161},"dist/esm/parse-args.d.ts":{"checkedAt":1708590275906,"integrity":"sha512-tDWtEeZZYqT2YcNy1ALAmzcKAC9zycd9jypfjZGhHayX6uSYJTaxs6sLZ84YcJeS/mLC48z0L9I4qWtWgB2ZIQ==","mode":420,"size":181}}}