{"files":{"license":{"checkedAt":1708590289676,"integrity":"sha512-rnnnpCCaRRrva3j3sLiBcOeiIzUSasNFUiv06v4IGNpYZarhUHxdwCJO+FRUjHId+ahDcYIvNtUMvNl/qUbu6Q==","mode":420,"size":1119},"index.js":{"checkedAt":1708590289677,"integrity":"sha512-Kp8GQxDp1pSOtD3Pjzg3pbKir0kXOP5VzXCb8YpZr3/1LuKWV+SxRA+TCkvrbbzE94Z+kiuvVFRF3/vMovRZzQ==","mode":420,"size":2553},"package.json":{"checkedAt":1708590289678,"integrity":"sha512-VmLSzq0u8MrHIr6hgUS4d1NttGL5LZasibbprKTuxwOQkujbtC4ebA1pdtgQebYxxqZDOL5xus0OPbmjR98vkA==","mode":420,"size":820},"readme.md":{"checkedAt":1708590289678,"integrity":"sha512-2LRuiBTmGmsNylQHt8BdsWAg5znHZ922RlR0s9yVLaeV7clOAatsxYGTsRxKhOGl3hNUFPSBLuJOsAQMO1SKGw==","mode":420,"size":1858}}}