{"files":{".eslintrc":{"checkedAt":1708590267873,"integrity":"sha512-/jtNmWJBCosGcZFwL7g8YgvM8V61kw1A/Ev3ARlU5d+sKCy7ulo9cDlstJP087urAtDgIEwMxBnV1qjIrf9xNg==","mode":420,"size":164},".nycrc":{"checkedAt":1708590267873,"integrity":"sha512-2vm1RFz8Ajl/OYrfoCWPJIm3Bpnf7Gyn5bha/lZx/cq+We3uMy9xj15XeP6x4wF3jf/pO7KMHAkU9mllm605xg==","mode":420,"size":139},"LICENSE":{"checkedAt":1708590267874,"integrity":"sha512-dxLbNnbyR4KCoS1RgGeccyQegO3NH1hpag2KodBaD6cFZ3ycPlOSCu7V6WV+vj3PC3Jtptem7h71JuLYS2iy4A==","mode":420,"size":1071},"test/shams/core-js.js":{"checkedAt":1708590267875,"integrity":"sha512-nrPB3iuwKQiaO1ItOi0UTZPRlY5/Eezi6s7x/D9hZu/6GEEoAUI1UJTmfT5+tm/u3vIbUi4TRp03R5qS9/nmdQ==","mode":420,"size":723},"test/shams/get-own-property-symbols.js":{"checkedAt":1708590267875,"integrity":"sha512-XmrR0UdlHfNdDJFHvIaNv/XLOt2zh8jvDhi2GB/rPKxEgUfoXGRPs50dCxq5UNCQZ8Toowb51w8qOAhR44lbtA==","mode":420,"size":686},"index.js":{"checkedAt":1708590267876,"integrity":"sha512-qRg92HnwE8pPWe9If7CHPpnbHoAST0AoOGHMRPQembauM0Y//hhihvwfMn63W3L9fbTT/SGlMhCq4l/keB6lfA==","mode":420,"size":420},"test/index.js":{"checkedAt":1708590267877,"integrity":"sha512-zYqul9DsAUG9UiVzGQ175x5JYMMxW6XIb93YY7h0EqyoHblApXhtwdLFoJQKP8yns37lE0+8cw+caEmstzIVxA==","mode":420,"size":654},"shams.js":{"checkedAt":1708590267878,"integrity":"sha512-Fy+OO/4L698r37aEyKdLKNqBBzP3IODOqWO5nSLmKn3oV1liCtorQoL3lG+HRPM4hJKg6pWmJU4oJBuXxA+TJA==","mode":420,"size":1761},"test/tests.js":{"checkedAt":1708590267879,"integrity":"sha512-zjwosH1RzTrjjdmgLDGlNXavi1viNwAtZi38z4Wj2TorDB9XAXAMauuH19YxHsF/aA7Er+SOvrKCWRs1x2qtDA==","mode":420,"size":2021},"package.json":{"checkedAt":1708590267880,"integrity":"sha512-Za4J62vGenVrT4m+RjZ0G5y1Vex8eT8p/nMj/ZjqW1hi8UpRIPKG0SPcLFr1z02LZsH6i8vRGQPao9eQ3SDw+g==","mode":420,"size":2648},"CHANGELOG.md":{"checkedAt":1708590267881,"integrity":"sha512-l/Z0Y/fDbk4M0NoEVsJPURrB/jM8oEMc3Ir8/VIYrtctFlki4yyjkf5tM/alhA/CFLzAyLs0jeGH6wGIBL+A0g==","mode":420,"size":7690},"README.md":{"checkedAt":1708590267882,"integrity":"sha512-K9klclYm8rIr8FSxPDkQVSLj38zxc+hmIZbPVvgbr4pGXl56boCkF/rk2HuQY87vbCOLM655roIjhNhe8CRLjg==","mode":420,"size":2044},".github/FUNDING.yml":{"checkedAt":1708590267883,"integrity":"sha512-EyvO5Op6uniMJsTgnDJgVny9E5MhM41Mk+5MyTsehyOKCvutf64GP4Ai6OIn4P7TpfKSS79uhhqucnT9oxUldA==","mode":420,"size":582}}}