{"files":{"package.json":{"checkedAt":1708590294332,"integrity":"sha512-YHIjP0iwGfq+PlyFr2ytBHJW/z3MNpcfvr1UCq2Pk4A99NMDvmV5J1FsRFo4pYOXRd5PLTo0XeY6dOmoP/Cg8w==","mode":420,"size":541},"index.js":{"checkedAt":1708590294334,"integrity":"sha512-IpPZksTCjB+Y5ID/1ePqSQMuqoex1S0ogHvQRw95U8vU4kvCZDFi44X3iVgP4ABn9+7dPOYAjq5nnW+g3bex3A==","mode":420,"size":137},"license":{"checkedAt":1708590294335,"integrity":"sha512-rnnnpCCaRRrva3j3sLiBcOeiIzUSasNFUiv06v4IGNpYZarhUHxdwCJO+FRUjHId+ahDcYIvNtUMvNl/qUbu6Q==","mode":420,"size":1119},"readme.md":{"checkedAt":1708590294335,"integrity":"sha512-oEZOjEHPs55B+U1WCw8oLD1Odcry1BXl6BZ5dKoz2tDfkKnw1n/6KlX0GWyNJ51+0SvdDJADlT3pvwmcNvynNQ==","mode":420,"size":606}}}