{"files":{".editorconfig":{"checkedAt":1708590264905,"integrity":"sha512-T/4GZRAixFtpM5jiFne1+ZO5WYsiwNqy16+ISq7ZB6a8IEU1Ri5AY/Z/SWlGa2OEm04lAH9pKOOnBGBWRovXYA==","mode":420,"size":569},".eslintrc":{"checkedAt":1708590264906,"integrity":"sha512-Td1SDnG1yD2SW903Gb/nql9PPf45phR+N7D0DnFLMRG1G7dEdU9+jzL1i6EDtxWHrH7O+krRoRukSj0BtdyJ7g==","mode":420,"size":956},".nycrc":{"checkedAt":1708590264907,"integrity":"sha512-wRWNfuCzyGaL0jcL+DSbPh36vDFUiqoLFkk8Ul/P1AeSVOwHv7tNb+Hst4AWeaP8kxhCinlTs8JhyHM3BT2Ztg==","mode":420,"size":216},"lib/formats.js":{"checkedAt":1708590264908,"integrity":"sha512-WyjZfvNsIMZgUosv8ZzXNzTBwooUxvEmNZloU2EwCCYpKlKw9QyZf1nT8oZrGXYgYslQujh2Xg4kOvKQUH1Q6w==","mode":420,"size":395},"lib/index.js":{"checkedAt":1708590264910,"integrity":"sha512-UDZdA1gOXbn9B/0Hccy3AuWxgXPnIAyj6MeSytulcfbt1bbMEkWClidxQ8PGPNOtres8jcoUCmoYxSWxB8rmag==","mode":420,"size":211},"test/index.js":{"checkedAt":1708590264911,"integrity":"sha512-QnNZPrIGNx8wCDMMAQLKmpolTYcPqFfMlXGow6T/u92sD+wdpXLW8/WSwdseVwrG2nnycZpHf34ln5p6eEzocA==","mode":420,"size":81},"lib/parse.js":{"checkedAt":1708590264926,"integrity":"sha512-OOdOU8aGdPRpSjbgK+mbHEwhsAn1sPX1RsurxGqnWaCIiEZQyQY1mHOXok9+Wet0GOyAnUqOVQ6MTBbT3syf4A==","mode":420,"size":5950},"test/parse.js":{"checkedAt":1708590264927,"integrity":"sha512-iMNDQOlS88SXUcuJ4GuvMoINhFa4UaJlNOy+uq/n9nvb0z540NdngbT/x6TBY/JqNcirb8i2BXilb+9bjhkvuQ==","mode":420,"size":25147},"dist/qs.js":{"checkedAt":1708590264928,"integrity":"sha512-HplNYllUza2DfLPv+yw8EIJqhD9ruoVy7ZyGxycVDfZwRJYJdFvbzYqj/f9u2pVdpB+xastVl0wjqcIZdDzHLg==","mode":420,"size":19672},"lib/stringify.js":{"checkedAt":1708590264929,"integrity":"sha512-CBYzQvrbUDsGEw9MjO/Z6DASROoFt1DwnjmthW1tSylkpk3gYaPn7T/mhmMgdnfekPLYfGhIfOB/zFB5AvjgQQ==","mode":420,"size":6252},"test/stringify.js":{"checkedAt":1708590264931,"integrity":"sha512-hw1rG83IPr3F3HkB1sMv32SKfQCZQ3B98fWRbmow1cSfHmqQuhlS26Gn3HDftbvPBjxdvv6702R74tntL+4BIQ==","mode":420,"size":22629},"lib/utils.js":{"checkedAt":1708590264932,"integrity":"sha512-irAw5AHOvKEY6jUD1Bwh+IKnMqy+K3FFTrmgT4aINbOQjA0cMAIKJziatHYIORQ3mYtjf+H5nK9fkfv4dZqeEw==","mode":420,"size":5728},"test/utils.js":{"checkedAt":1708590264934,"integrity":"sha512-A3rEmznbh54q8iVHqySdbX1J+q3vb51KXkSugigzbq5tJgaxlbriAHK+R8/ztZou/vAch2nN919a5z5z8JoGIg==","mode":420,"size":2534},"bower.json":{"checkedAt":1708590264934,"integrity":"sha512-CM47WRfvSqj/E+55jY9Ja5V9Q0HT77JTEvI+1w53wFwvOj9D3rMOY5wpx3s9qD1P7FTq3Qs2185tJUGa1nuyhQ==","mode":420,"size":481},"component.json":{"checkedAt":1708590264935,"integrity":"sha512-NSjkRrnvQdUQMch+wMNK28Q01hhG1bzQyAvgDnmyd2BXEJmKcEjF/ZHn6ZEhHqKicFXCYBsyprzOZ9yvd35AVQ==","mode":420,"size":387},"package.json":{"checkedAt":1708590264936,"integrity":"sha512-pUvL+AAAwbG9Z8KdL/G41miABOYkeWLu+umkIR6aGf7Bq5jy6a9CFXP+Y12kEfGdlnm4DE6fFiyVyLw1jA7png==","mode":420,"size":1732},"CHANGELOG.md":{"checkedAt":1708590264938,"integrity":"sha512-k3C9Y0LYAbzJ19C7Jm/ex5/BYfi37WaUVmWga1dM7dBt2U5lVUmEDL2pFsXHgW6RUOeJVFIuBdOX5zpdQPD6XQ==","mode":420,"size":14109},"LICENSE.md":{"checkedAt":1708590264939,"integrity":"sha512-ws1xNdJWTK1MR8J+u0YjLEp7hwBhsTSWvUQ5BLWe8A32LtaBkY0LnbVEXVTKrrMC6R+yTdUIR9dcbwpINA+Djw==","mode":420,"size":1600},"README.md":{"checkedAt":1708590264940,"integrity":"sha512-SrSUNpr7YWXP/hFdj6cXEWTfHSZyIcFWhOH/QfAR9nC9hIVQBa/h0UZQMBrzvjt6RpWQt9xjxxc4MntI2rAUTg==","mode":420,"size":16453},".github/FUNDING.yml":{"checkedAt":1708590264941,"integrity":"sha512-tXO9jRSSF4NXCoZ08c2b/IQDCBYFNnlHpjqDabIG2ApCM2azI4Jd3DbgeTi9Pl9xDEUxpFIG0zH2MasyvLbuWQ==","mode":420,"size":548}}}