{"files":{"package.json":{"checkedAt":1708590290925,"integrity":"sha512-aeAEUDkUAJjp/FFKOLQGOU10RfwB+43xLVwBzU5DgH7JecMdZ5hwNSBThEYPc8kWOWaq0cX9Cb9loe7lhu2jJw==","mode":420,"size":795},"index.js":{"checkedAt":1708590290927,"integrity":"sha512-8GPVf3D7SNx1XpjxyCEHvMFMyZJoDCut1nF7PR6cM05YOvhO1N0IFyT982Ma6VTAFryacpj4Od2YE56/s5YpzQ==","mode":420,"size":1548},"license":{"checkedAt":1708590290927,"integrity":"sha512-rnnnpCCaRRrva3j3sLiBcOeiIzUSasNFUiv06v4IGNpYZarhUHxdwCJO+FRUjHId+ahDcYIvNtUMvNl/qUbu6Q==","mode":420,"size":1119},"readme.md":{"checkedAt":1708590290928,"integrity":"sha512-FO4nC7uxffp8IiA6Mcw+th7xXWO2Tu3FPQUvmlGKc4Y1rY3GLjFdrikvEfVJcFt6vmC4ZKNVKB+t3yBXxJ2ZhA==","mode":420,"size":2384}}}