{"files":{"license":{"checkedAt":1708590290459,"integrity":"sha512-FIsEAVg21IF4wfmjR/hOYUFrpKZOGCnVMpfgrF3Um+/fNQgWR+YHrOJG1J99IgCCSJo34QZ23XIo46tHV/y0wg==","mode":420,"size":1305},"index.js":{"checkedAt":1708590290459,"integrity":"sha512-AIoil+BPnK8q5J2j4iRVOkvgYAqgQLWQweNRupfrLSL8PHoFHBJ++coY234AP76VnZhq4S7mOklI+YXOQusD6Q==","mode":420,"size":2427},"package.json":{"checkedAt":1708590290461,"integrity":"sha512-8XfKz7GqkAiKfmQ0pQEKdnjCOAQ3rTlk0YyhsoUs9dJFNu8jqFZZhjymycOmsHkqudBEYcdxAZf0AjF4UvkI0A==","mode":420,"size":910},"readme.md":{"checkedAt":1708590290461,"integrity":"sha512-regveDN5V7mMlwmv1PPDCR/t6Syg3v7+jSV9meISimbtioTGUK9+aOInnJNVAHq3L8jrhF85TBZilB5XFgA6Iw==","mode":420,"size":2301}}}