{"files":{"LICENSE":{"checkedAt":1708590263429,"integrity":"sha512-6pgVp8OjUxUIDbgfMNteZXAbadbhYhjHUJqMa4NsiOSyymsf7iqWypOoTLmHR2hhAZa9r9DJSYTU9JYAQSutSg==","mode":420,"size":1093},"lib/async.js":{"checkedAt":1708590263430,"integrity":"sha512-3KKOsGO6763VMipSwnZWqPtBHtaOsfyuLoUpw32vlHC8X8Wf+75vaQEP89Wmy/kyAid5eV0aJTRhsJQNJlnA7Q==","mode":420,"size":2180},"lib/error.js":{"checkedAt":1708590263431,"integrity":"sha512-LkqdctPmxj5wl+diaMYIxiWavXZ6TxGDhfpPplD4oDxlmEubxzOgVG/R+vu4Db7h+i/S1hicNsafLg2Z8giEAg==","mode":420,"size":373},"lib/promise.js":{"checkedAt":1708590263432,"integrity":"sha512-2a8g5ySGB1o6qT9wrJ38clqgAaX6GWsAI0heik0o+Xh3YYm2T7CG4fC8+HeFmCbGMqdU6ITVaIUDJCC0YTFwCg==","mode":420,"size":1941},"package.json":{"checkedAt":1708590263432,"integrity":"sha512-lfvwbgMaYl/pXXaJ+tzs1ZiQL7gdcLnmMZwsBV2rTGRgdnb5TQTnj+lkstIq+9+3dZvj7W+GvBfWnr0N4e7WJw==","mode":420,"size":989},"README.md":{"checkedAt":1708590263434,"integrity":"sha512-mzAFrqlnLSzuFWZoqbPLWqR/P8uZ1ApnqKJW8j8jCi6vjr7oQ452z9ovLWyoF4F8a9QxodZ35zKRxM1MU+Oxsg==","mode":420,"size":1644}}}