{"files":{"package.json":{"checkedAt":1708590274267,"integrity":"sha512-0bNgkupi2C+K7ETI0zXIxHDcWPBlwAyizLbmRo0dbci6wsRBpkCBviVh/VtmgFi7wXbztFZVaZrKsbMi59n78g==","mode":420,"size":1115},".npmignore":{"checkedAt":1708590274268,"integrity":"sha512-nw3oUo6a9mRtNj+QWfFeomiZT0wxyNwTh5dQjcVbETcYep0MuBFDFmFjcbAwdPOop21wEx4BJI6yuSI5FwYb6w==","mode":420,"size":76},"LICENSE":{"checkedAt":1708590274269,"integrity":"sha512-e1Ly3uZzJDhFVbVkJIc8zuddDKUEju6QdtXAewfjbKBs4Hb+APqumsz/W0Xf3yB4eYTYTMkFTHxAPJ+ArUoexA==","mode":420,"size":1059},"build.js":{"checkedAt":1708590274270,"integrity":"sha512-oFpNQbgwSpV30O7B0rGdvssEIgd3CmU/nKsR/KK/2ol4IEYeDwXBjzh7OnmylkV+ReYalRmM2kbua2pkTiMIdg==","mode":420,"size":2070},"core.js":{"checkedAt":1708590274271,"integrity":"sha512-uw+Ufp7rEHdsjwWfVUfcRpUnNZDoG70qiPdLUItu3wzetJdNV8VW/ci2YPxeqznMou8/uUrck5Y6bW/xzmpp7w==","mode":420,"size":157},"index.js":{"checkedAt":1708590274272,"integrity":"sha512-4IPZV7gGjGa/sE/aRbCaSlzYWQVPeTd5vIgVyvusbR00xoCI+SFcV6GnBSkuUUEeoYghuV2+5z1ZGUWdPMBXPQ==","mode":420,"size":49},"polyfill-done.js":{"checkedAt":1708590274273,"integrity":"sha512-yR++4rPKgkTx+o1kYalOvfr9xjHwP1jN0eMC61MtgtPj6AgAe0P4yjlHiRlo40dctqryw3Jo5luUX1j+X701VQ==","mode":420,"size":350},"polyfill.js":{"checkedAt":1708590274274,"integrity":"sha512-+VB4jtJIDjTwDPRoX69yJ8wnIBvg81fzYB4RwbeXA/qH2i2OGdgfF0MaKa2cvvUaTAEelS/QCAjfFVxW/QuPPA==","mode":420,"size":231},"index.d.ts":{"checkedAt":1708590274275,"integrity":"sha512-dcrP9qE3oNXPDGERdKB6tRHaFYTghkjJAn9s+ufqxriarhyMOLZrKWOHPJPUJLZZrLB4YahKt6B5GifJcLYDgA==","mode":420,"size":12099},"domains/core.js":{"checkedAt":1708590274276,"integrity":"sha512-ivWWKt+1c5ht+n06hCraXVb2ax6lOjMu/qNRsQKSMVquXyrxGEw/T9DhYlrHu7+N6bBlhqfU74Wokm8vY9DGiA==","mode":420,"size":4858},"domains/done.js":{"checkedAt":1708590274277,"integrity":"sha512-pRq1ZyjzLNmdR5ODPtoY38emm91F7bQxNMGWrRkrrRkPjAB2W7NK3tSwKWFAkUQA3m72uwi1ujOoZ3psx+Je8A==","mode":420,"size":314},"domains/es6-extensions.js":{"checkedAt":1708590274278,"integrity":"sha512-ar8EFONQA2Y+ybNGZ+hAw04jOyWhZ+DOAd0QtvBmslWgfVMYCxeVcjSyII6SfMO9eMuuXAuDJrRShFDTUoKIIQ==","mode":420,"size":2674},"domains/finally.js":{"checkedAt":1708590274280,"integrity":"sha512-nEeXWV/VgAx22v00YtqwMcUnlzARqtb0WWHdoE5OIYSHBP2R230h1gpo86zvzIAmB2XcQLPyYR1ENnd82qmErA==","mode":420,"size":348},"domains/index.js":{"checkedAt":1708590274281,"integrity":"sha512-2SaRioIeR3gZ7CHEUg9rRZTQZjMdxcmhLZ6GVlh8ktC9zkPjUl/uSo99ex1xZ3WMmviYxVYRzfyQjALZzU0D2Q==","mode":420,"size":195},"domains/node-extensions.js":{"checkedAt":1708590274282,"integrity":"sha512-NIjzjiihSWiM4LO0mAN1RWG8b5DEOxcCwaN9em1jzkqa+1uJS7c6w7DIaMuImOCqzWU3MD/Pz3McxvOkbQndyg==","mode":420,"size":3271},"domains/rejection-tracking.js":{"checkedAt":1708590274283,"integrity":"sha512-Pg+0PfKaf6j6Rq9eTRfnopSqQEtkt/Uk35qa1/UafZk9cN56eMyNYHowMJWajtp0Gt0NyV+G/i5S7CgRBGEOiA==","mode":420,"size":2887},"domains/synchronous.js":{"checkedAt":1708590274284,"integrity":"sha512-zGzx9tayeUPBSKeoa0GffcLMm6L3lIbUMfg2bbO32acsZLuPMXwfZj3rtcdDLqGQmGbJ2wxZxqQz7N+eO7Sw5Q==","mode":420,"size":1399},".jshintrc":{"checkedAt":1708590274285,"integrity":"sha512-3ZPfN19Oc56PxqGCGTAkxdWkkxaz+TqkEpGqKURpN+xkZN7RUtX0Kr9CQMMxpYnOxdF6YiE4iLs6bC1Lmde+rA==","mode":420,"size":52},"Readme.md":{"checkedAt":1708590274286,"integrity":"sha512-e7+HtBHVTaeBzFZqP92ilpyVKriSPe9e1BoE1qQLy4j5VGBnxMBm7/T/7v0Osd7RUjj2ZjGhNVMB6b5zPdd4LA==","mode":420,"size":9290},"lib/core.js":{"checkedAt":1708590274287,"integrity":"sha512-deh+schhv+f+UdjqvO6PoeLfr6ukQg9VT1QvO/psmf6NWWcMo2fd4GRM5jz2vSsZPz1U/VPtkvkWycSuVFYVHQ==","mode":420,"size":4862},"lib/done.js":{"checkedAt":1708590274277,"integrity":"sha512-pRq1ZyjzLNmdR5ODPtoY38emm91F7bQxNMGWrRkrrRkPjAB2W7NK3tSwKWFAkUQA3m72uwi1ujOoZ3psx+Je8A==","mode":420,"size":314},"lib/es6-extensions.js":{"checkedAt":1708590274278,"integrity":"sha512-ar8EFONQA2Y+ybNGZ+hAw04jOyWhZ+DOAd0QtvBmslWgfVMYCxeVcjSyII6SfMO9eMuuXAuDJrRShFDTUoKIIQ==","mode":420,"size":2674},"lib/finally.js":{"checkedAt":1708590274280,"integrity":"sha512-nEeXWV/VgAx22v00YtqwMcUnlzARqtb0WWHdoE5OIYSHBP2R230h1gpo86zvzIAmB2XcQLPyYR1ENnd82qmErA==","mode":420,"size":348},"lib/index.js":{"checkedAt":1708590274281,"integrity":"sha512-2SaRioIeR3gZ7CHEUg9rRZTQZjMdxcmhLZ6GVlh8ktC9zkPjUl/uSo99ex1xZ3WMmviYxVYRzfyQjALZzU0D2Q==","mode":420,"size":195},"lib/node-extensions.js":{"checkedAt":1708590274282,"integrity":"sha512-NIjzjiihSWiM4LO0mAN1RWG8b5DEOxcCwaN9em1jzkqa+1uJS7c6w7DIaMuImOCqzWU3MD/Pz3McxvOkbQndyg==","mode":420,"size":3271},"lib/rejection-tracking.js":{"checkedAt":1708590274283,"integrity":"sha512-Pg+0PfKaf6j6Rq9eTRfnopSqQEtkt/Uk35qa1/UafZk9cN56eMyNYHowMJWajtp0Gt0NyV+G/i5S7CgRBGEOiA==","mode":420,"size":2887},"lib/synchronous.js":{"checkedAt":1708590274284,"integrity":"sha512-zGzx9tayeUPBSKeoa0GffcLMm6L3lIbUMfg2bbO32acsZLuPMXwfZj3rtcdDLqGQmGbJ2wxZxqQz7N+eO7Sw5Q==","mode":420,"size":1399},"src/core.js":{"checkedAt":1708590274288,"integrity":"sha512-eKoQyRcymoOAv3qF/mEOLiCeRlZGs3i8220EIfW4QtSRHf3gjKae3Msr1LYx4MC8uyjEIEWmh1K36wRDT0ua8A==","mode":420,"size":5095},"src/done.js":{"checkedAt":1708590274277,"integrity":"sha512-pRq1ZyjzLNmdR5ODPtoY38emm91F7bQxNMGWrRkrrRkPjAB2W7NK3tSwKWFAkUQA3m72uwi1ujOoZ3psx+Je8A==","mode":420,"size":314},"src/es6-extensions.js":{"checkedAt":1708590274289,"integrity":"sha512-+7hIyLSwXIE6KtjvAJjkz/rKfufBP1aeVclE0+yPAFiNqYH8Hv60dzVlFZ/mlVe+WZ+PFNDjz+/vTUvLsIextQ==","mode":420,"size":2700},"src/finally.js":{"checkedAt":1708590274280,"integrity":"sha512-nEeXWV/VgAx22v00YtqwMcUnlzARqtb0WWHdoE5OIYSHBP2R230h1gpo86zvzIAmB2XcQLPyYR1ENnd82qmErA==","mode":420,"size":348},"src/index.js":{"checkedAt":1708590274281,"integrity":"sha512-2SaRioIeR3gZ7CHEUg9rRZTQZjMdxcmhLZ6GVlh8ktC9zkPjUl/uSo99ex1xZ3WMmviYxVYRzfyQjALZzU0D2Q==","mode":420,"size":195},"src/node-extensions.js":{"checkedAt":1708590274282,"integrity":"sha512-NIjzjiihSWiM4LO0mAN1RWG8b5DEOxcCwaN9em1jzkqa+1uJS7c6w7DIaMuImOCqzWU3MD/Pz3McxvOkbQndyg==","mode":420,"size":3271},"src/rejection-tracking.js":{"checkedAt":1708590274290,"integrity":"sha512-3AzqkXdr6z11oCGqSMV7nJrEhSzbnc3pZmCV8YtI6XtggEhok1yTxeK/xGOxA3bqw0f8f9+7noL5q22wiMbKmg==","mode":420,"size":2997},"src/synchronous.js":{"checkedAt":1708590274291,"integrity":"sha512-GSq0r2WY3oIq4OSq3zkEG7vMlgW9hvSQ8C4VNm6ylafYKj/xXXheNJaumafQ5wadJurxHvka7PX9zOS0p56RhQ==","mode":420,"size":1432},"setimmediate/core.js":{"checkedAt":1708590274292,"integrity":"sha512-CqlJ9dvBo7mUlEVqF9EwdWjd2izgu72nqXwlE6OC2LxQY0kig6q/Qobsu//Npgh2Ogy0N8DW1miMhS0eH31njw==","mode":420,"size":4839},"setimmediate/done.js":{"checkedAt":1708590274277,"integrity":"sha512-pRq1ZyjzLNmdR5ODPtoY38emm91F7bQxNMGWrRkrrRkPjAB2W7NK3tSwKWFAkUQA3m72uwi1ujOoZ3psx+Je8A==","mode":420,"size":314},"setimmediate/es6-extensions.js":{"checkedAt":1708590274278,"integrity":"sha512-ar8EFONQA2Y+ybNGZ+hAw04jOyWhZ+DOAd0QtvBmslWgfVMYCxeVcjSyII6SfMO9eMuuXAuDJrRShFDTUoKIIQ==","mode":420,"size":2674},"setimmediate/finally.js":{"checkedAt":1708590274280,"integrity":"sha512-nEeXWV/VgAx22v00YtqwMcUnlzARqtb0WWHdoE5OIYSHBP2R230h1gpo86zvzIAmB2XcQLPyYR1ENnd82qmErA==","mode":420,"size":348},"setimmediate/index.js":{"checkedAt":1708590274281,"integrity":"sha512-2SaRioIeR3gZ7CHEUg9rRZTQZjMdxcmhLZ6GVlh8ktC9zkPjUl/uSo99ex1xZ3WMmviYxVYRzfyQjALZzU0D2Q==","mode":420,"size":195},"setimmediate/node-extensions.js":{"checkedAt":1708590274294,"integrity":"sha512-xzuEK11OHuJy8re6swljko8hoHwZTVNFH+2sNaPW9giNf3Uu9Y0FoT3QL24XQ71sRg+TQqoKZ418h3XZ3yOwFw==","mode":420,"size":3268},"setimmediate/rejection-tracking.js":{"checkedAt":1708590274283,"integrity":"sha512-Pg+0PfKaf6j6Rq9eTRfnopSqQEtkt/Uk35qa1/UafZk9cN56eMyNYHowMJWajtp0Gt0NyV+G/i5S7CgRBGEOiA==","mode":420,"size":2887},"setimmediate/synchronous.js":{"checkedAt":1708590274284,"integrity":"sha512-zGzx9tayeUPBSKeoa0GffcLMm6L3lIbUMfg2bbO32acsZLuPMXwfZj3rtcdDLqGQmGbJ2wxZxqQz7N+eO7Sw5Q==","mode":420,"size":1399}}}