{"files":{"package.json":{"checkedAt":1708590269914,"integrity":"sha512-WZnUaJI3DIEAQca25qaxlNtkfykrMFDSeLXnv6+uBj8cVFXbWs/jSzDZjS8dBXGMDO3VSb8Sil3ePphcRqhWRw==","mode":420,"size":791},"index.d.ts":{"checkedAt":1708590269915,"integrity":"sha512-/Y2CUYxZhKrzDldureDTqVyLwechl4knu6MM3o1v30PGfawxy0P/UeKJJas2ULLNbn4mThDEbSI01IKWGvo4zg==","mode":420,"size":2217},"index.js":{"checkedAt":1708590269916,"integrity":"sha512-GZIxli/1/zVblwrtDx30vPgfYHZbv8IFxfPOms3vWui0WZ5x3F4PwRcDgb9GYI1Eu/8f2c7LNHmVf11oIOnqFg==","mode":420,"size":1980},"license":{"checkedAt":1708590269917,"integrity":"sha512-nIst73auX/5NY2Fmv5Y116vWnNrEv4GaIUX3lpZG05rpXJY2S8EX+fpUS5hRjClCM0VdT2Za9DDHXXB5jdSrEw==","mode":420,"size":1109},"readme.md":{"checkedAt":1708590269917,"integrity":"sha512-a4EU8/wmxPIbvGdSM8Uuc6sjS4YIhd5XrBu+B9J96mrfqN69FlAyQodAW7IZrDWIxSlfc4k5Y/wJ5cF/3zA0uw==","mode":420,"size":2167}}}