{"files":{"package.json":{"checkedAt":1708590286417,"integrity":"sha512-1OZ2WLlMS9B3kudcdFeI1ciaU3sjgantodYRU+Tj26Uj3UPUM3eWqUCnKRGmdjANVTZdLeg7SFUM9Nc+gJ6Qtg==","mode":436,"size":2176},"README.md":{"checkedAt":1708590286418,"integrity":"sha512-y76u+1b7r6Z4zdturp2/PbTzDYIiZo0MJHexLc8Wgej0a3izJVHsCImUIOe6O73CP/RM+3M0E0VCfGtiuNcghg==","mode":436,"size":2715},"LICENSE":{"checkedAt":1708590286419,"integrity":"sha512-n15IfnoDD+oS48dmyDjKlJJUQFmvY4gIpuP49B/fLNO5Oew+Vd978m/H6hX6HFGSDNfWjTRE+H6jjXK10ZdyXw==","mode":436,"size":1086},"changelog.md":{"checkedAt":1708590286419,"integrity":"sha512-VJaZX4APCjQqDV3KMA7E/r/P5dM+krkXwCC9/9QzQHbvMdDhsReF7N0kuZItrqxexHP6BACM7+ySWQ1jdoLslQ==","mode":436,"size":87},"js/browser/bluebird.core.js":{"checkedAt":1708590286420,"integrity":"sha512-I663a2Mj3qRS+RULhjEr0ZCjwAHuZuyByWrFfQkygkZdwfPIT6Ul9Onq/NtyIfCfDbO+iNo37MiLCeSgTrp0XQ==","mode":436,"size":119732},"js/browser/bluebird.core.min.js":{"checkedAt":1708590286421,"integrity":"sha512-Vnpfe3itlxDYZR/2MFw3TN2qLceTt0arnkG/s3Zy9vv7OsKA75ZCWauXRlEykdt0LNzYv5e/J4yFntI3K3mxtQ==","mode":436,"size":55650},"js/browser/bluebird.js":{"checkedAt":1708590286422,"integrity":"sha512-K3VuyQI9DBXLxjwYvtV3CKHiaouwQ7xLjeqitBccWi9j/nwzAdD2P3VlJ6S7IhC4b+k53gma/gwJ+TIRXKmdBg==","mode":436,"size":179169},"js/browser/bluebird.min.js":{"checkedAt":1708590286424,"integrity":"sha512-0gompmZMiu58K4ZDWkq2eP0b7NNpiPSr7TcgK0GKdHdSSKpDLH/2NRuhV5b2mNU+ghFZidvKlEj4FiUpmChi1w==","mode":436,"size":79577},"js/release/any.js":{"checkedAt":1708590286424,"integrity":"sha512-MhX1jdggwPaDR89aYQeDH2IvkHE72+A7AB0IeDQ+Nn7ee6LQXx8UtL41F/2DGflLkFo5eHH01JUpkUZozVcRkw==","mode":436,"size":421},"js/release/finally.js":{"checkedAt":1708590286425,"integrity":"sha512-WDnAJqIYCDC+CZYX30gEk56EZo8PgMdgjr4HIPugB4MpodLqsTTC/gCOIUmLJczRjvREkYq5Eya87NIOspEH5w==","mode":436,"size":4613},"js/release/generators.js":{"checkedAt":1708590286425,"integrity":"sha512-Ue5QhktqIvXMetz6aX09mco6ktKuRWFx2PShLR85OVXN8cSqWPNLwT9E31uLNzvcdcanbu5D14vHtDb3HH4WeQ==","mode":436,"size":7761},"js/release/join.js":{"checkedAt":1708590286426,"integrity":"sha512-UgPSGGPmztn50OB7Z5dWHIuccYRq20zR+4AiWtj3d3yYzMrVV+9NaG8mJta/mhGA6Jd4ZYVabRmKkrEhF50UKg==","mode":436,"size":8218},"js/release/filter.js":{"checkedAt":1708590286426,"integrity":"sha512-JtZlOq8qKNas7JbpBPMoQKUfqQKic/MSUGOUzzZff0u+27LqNxWpcUC6StwyUf2X5om00GX7BO+44WohjhNjzg==","mode":436,"size":314},"js/release/method.js":{"checkedAt":1708590286427,"integrity":"sha512-t6c2+3rp+ZogfrNJH6fzs7P+7TPWsAe5kCpTetSJ/VeHu5xFF0VdLTTj/xm7BifkHubfHfeEEy9VulFuI8fiyg==","mode":436,"size":1768},"js/release/nodeback.js":{"checkedAt":1708590286427,"integrity":"sha512-xSVCKbkPgbJ9fZ8drD4XGaQZU1cITshmM19PkZZB7Voshi5bmmyfGw3RrQ1n1gc4eRanwTg2iAN4Wiqi70GTBA==","mode":436,"size":1560},"js/release/nodeify.js":{"checkedAt":1708590286427,"integrity":"sha512-hLAukUHkZ1S2cOPuUE8+Ohbn+kfdVa2ihQyS7NKNMzNjvPgwb+nqqfPelvA++HxbmfaB/UGKFAAaXOoDlY2R7A==","mode":436,"size":1647},"js/release/promise.js":{"checkedAt":1708590286428,"integrity":"sha512-D2qW3TmLGTNSbuyIRKYW6uvfu1SA5lBhyKwNUD5Q3kTzjZMB8f1vTWi02Sz7rd7bcRmIhBWwdGrX5JhkykYmUQ==","mode":436,"size":25788},"js/release/promise_array.js":{"checkedAt":1708590286428,"integrity":"sha512-KVFr+o6GB9+5nMu242UPDXb9U8L20Q9qgZAJSigtIRC7pOv4Xfl9wFW+iU2QwHhtZzKcDG8gnbonFtEIhgTqQQ==","mode":436,"size":5206},"js/release/es5.js":{"checkedAt":1708590286429,"integrity":"sha512-N6Ozz7lbVl1RSQ2AKgRYqUa++V2PK6QudaF40Q8dTI+wU4nmwQwOk3NYkO9W39Nxr4PAvV8PvnZ8eXHo/XdGNw==","mode":436,"size":1978},"js/release/promisify.js":{"checkedAt":1708590286429,"integrity":"sha512-ZPvJ4AiaCBl8T5hgz+Q+1utzpLYprpkWOjUIgEm0jbS55APwFMn82x2B+pO629fGuGYqqNw+XDG/WJSMb7MFnw==","mode":436,"size":12182},"js/release/errors.js":{"checkedAt":1708590286429,"integrity":"sha512-uwYngmLfjGSrTIicVGRkIu+HdgajpwXaMX/uY84i9Nt2LKN9RZ6sEImNLQObi9Yb2C/kQV5QjVmhEeZk9hj6tg==","mode":436,"size":3717},"js/release/props.js":{"checkedAt":1708590286430,"integrity":"sha512-HGDabMbBceLNXpRYhTRGlSRSMDMi6/ed7JIW2oTBDf2HJ4wnX2ohw/7Um63oHzPAH6cNWgjtHzoWrBHuhCzifg==","mode":436,"size":3117},"js/release/each.js":{"checkedAt":1708590286430,"integrity":"sha512-8yOje0OMTV9i47on/sYnF44z9MUxvlkbSi8xR0AiB1kLP7ex26/0fnAmUHTg7cuARIpJ2kU/AMWygY1S6gAm5g==","mode":436,"size":789},"js/release/queue.js":{"checkedAt":1708590286430,"integrity":"sha512-oNQeF/+EpIc9e8dfS/FXnAGWCoIcnrtbr8AhNr7HHbPpgCIeHAHS2NARMgFG+CKLw2NaRFpXiSvA/VJIVNYaHw==","mode":436,"size":1873},"js/release/direct_resolve.js":{"checkedAt":1708590286431,"integrity":"sha512-MFdpROwGxssgw64YILEdwZzXZDZvUpCFYN0szlEuflC29k/i7xOYAw9KUSRH01WUHPy9pcp6UACGAsBwF8IVZA==","mode":436,"size":1395},"js/release/race.js":{"checkedAt":1708590286431,"integrity":"sha512-8robgKdM+htdczHNvM1PH9F0SyR26+YhfYiPtokrjjzWZltux2jTHrFXm3QqDUXu5hhptWhPS7xuLL76FvNRnQ==","mode":436,"size":1250},"js/release/debuggability.js":{"checkedAt":1708590286432,"integrity":"sha512-k1eyRqLlPLWCZyNLKU35dEMsMeha2jZM+X5DVICNw/KETOSegQ30vxHLx2noraViczN2ErBbWiVmUhaq6rAVLA==","mode":436,"size":29549},"js/release/reduce.js":{"checkedAt":1708590286433,"integrity":"sha512-gjGTzCJO2Fd5xeeraPrLOLwTIATURckeSQO+SYCc1qszWniovbikTMaAVs0eSCDQZouysVMDXOagb9nHyPKiMQ==","mode":436,"size":5126},"js/release/context.js":{"checkedAt":1708590286433,"integrity":"sha512-hgOzaWdApehpffkEahmthZkUjLgyRXxlKkL/1t2czWu43yd+YFkF1+swk9CSMiB0tiCZW2ft2YsGcKXr7PwGwg==","mode":436,"size":2382},"js/release/schedule.js":{"checkedAt":1708590286434,"integrity":"sha512-RQg0odIzJXgVSijlnYgz0a8AVfygqgy1L7zWq7W7edE2fsUEMP32S1OgrvrWoHWClhEjZzNbIgmsATj2MeF0+A==","mode":436,"size":2093},"js/release/catch_filter.js":{"checkedAt":1708590286434,"integrity":"sha512-cA8qXObciYZ/TWgx6ydcTqXKzjCk42g3sm7MZwXA6rm4PPvMVrzgaDNX6yEwkr97gVpsCfqe4EXZWkZrk31a8g==","mode":436,"size":1426},"js/release/settle.js":{"checkedAt":1708590286435,"integrity":"sha512-AJON5Hhbtn6rNru9g17KZeKtdnUrEcXFBCWcIbe/sREur7WrLt8bVjylYwIVsqprltSA/jmj+PEuTJ3IhXtSgQ==","mode":436,"size":1263},"js/release/cancel.js":{"checkedAt":1708590286435,"integrity":"sha512-cS9bsdzHp3cpYSfWC+QG5xQdc8exrF32ib/SHjcgC1NHqOqo0MQ5uIqNfoxQJzoRN28xhsHu5Pe3HX12JcSwvw==","mode":436,"size":3707},"js/release/some.js":{"checkedAt":1708590286436,"integrity":"sha512-avJwyD5HEUuFn6RTw0XQtkkv55DutL+Tbxv/dv9Ts4e8ff47w+fh8a6onzkYtmugTtZ8Z3nIWUfTMnRYJ5J84w==","mode":436,"size":3959},"js/release/call_get.js":{"checkedAt":1708590286436,"integrity":"sha512-mhrZMn7CXDPRkQvDk/IOkTnLC1SpfK6tO8MnBduB9lWsL0Cd4VbMnYV3bZvtWyDV2Bt+fL6Qvn8HSRC/tipDkQ==","mode":436,"size":4355},"js/release/synchronous_inspection.js":{"checkedAt":1708590286437,"integrity":"sha512-Q01t+3hJNxqOwU/IkvE3WT52o2fKiQhIKpmbW8+Yn6rz3NhlFXUaF0o9JVP5wobOg8+cHdLUiarSWizmjlaHXg==","mode":436,"size":2813},"js/release/bluebird.js":{"checkedAt":1708590286437,"integrity":"sha512-laBo+LDux7WKKT3fKqVayZ/ZFG4gczFUs7TId/7snuBVTnm/K5CO9XeAeWGLtfvzLIp+t+T1nSu/kqsv4e9Row==","mode":436,"size":291},"js/release/thenables.js":{"checkedAt":1708590286437,"integrity":"sha512-Lq89j3fKoHftHs4pVRaBz3W9UVILIEp3RLs+2vnqWsix9imZA7xOTf5zsyyehnXn4UOHt/7kI/ZJlrTYSRXz6A==","mode":436,"size":2131},"js/release/bind.js":{"checkedAt":1708590286438,"integrity":"sha512-bxF8rCy3lnx/MyZxknEn4XgQOvbct0rTt0Xlnk0HEBzdB9T8D+36Chg+QLg7MWNpLYuaH7Avk1xB0AAvNgMULA==","mode":436,"size":1970},"js/release/timers.js":{"checkedAt":1708590286438,"integrity":"sha512-lfzM6bw6wD8O2g56yWXEt9eFy2H8a4+z2cGzTPJIVTRu3Pmu5rkkSj0Q3+fpc76pEzKEl4JneUlUPxsKWga3WQ==","mode":436,"size":2395},"js/release/async.js":{"checkedAt":1708590286439,"integrity":"sha512-dHm+EAY41yt8tJZtO867/MNXfOLf6lptJb8Aax0cjmt46c34TvuajV/kVV4Zyvz7zE9lhcNJ3LHE61wsePvWfw==","mode":436,"size":4132},"js/release/using.js":{"checkedAt":1708590286440,"integrity":"sha512-i2/twwojAwDHDNGY8fHqbd4KUDMe39gJx3EjPEEX4rbC+556qQ/bhDZNIQTBsz8SgnO3VYUAKoyQwEhklBGoQQ==","mode":436,"size":7525},"js/release/assert.js":{"checkedAt":1708590286440,"integrity":"sha512-m9dFQJzPpQ56OpH6XUjOZbsHRKJ299eRrqs289LO0RSrTwjFBMIGeHIosy4F1adnVx2cwBXl44neAAGkY7DFIQ==","mode":436,"size":1653},"js/release/util.js":{"checkedAt":1708590286441,"integrity":"sha512-APow6n03i8Djc3Nhkx4bU/GljRksR3j74SbMyqGvYpZE3Gyvo4WeqCiZBP4PEBQLLDeu8aV2Ye8Sy4V6sifv0Q==","mode":436,"size":10284},"js/release/map.js":{"checkedAt":1708590286442,"integrity":"sha512-qnxr8nJZzmnH697es8MUYU/4BJVSbi3Tog/YxVJJLYaKUeZCJeuNoZoLoAf6tWxNpPsKH78xCv8tIO42Jy++Hg==","mode":436,"size":5377}}}