{"files":{"package.json":{"checkedAt":1708590266510,"integrity":"sha512-W+W6jhctKI/Y9m3Tr8+uddn0jX/tNki8NLSQH8w/bsylmrfWpz/aKY260zo3LXTAg2lukWnmpkhee8SxZvrjGA==","mode":420,"size":1180},"HISTORY.md":{"checkedAt":1708590266511,"integrity":"sha512-pErRoZOSTnIBAGQiy5lSVHhKwvUiNzPdAMmgcZAoOYIkcScfj6v5HXxynQ1RxEHHPDHbrMsc0ADOmTT8U19nHQ==","mode":420,"size":1043},"index.js":{"checkedAt":1708590266512,"integrity":"sha512-9Q2JuQhQeT51kZwZAkqfH9J5KWKLycEh1oX3PFRyx1bIJg8BASaVUO5HCNNwGGRywBuoCnbpIg0c52P0NyWELg==","mode":420,"size":2809},"LICENSE":{"checkedAt":1708590266513,"integrity":"sha512-1WgrYTNxE+YHKhqzqqKI0EYky0o+n0b9wCaaRmF/RxvmIFZd5qgGO8P3m18xRkhVBUWATubFv8pVyYnrvrc2Ww==","mode":420,"size":1173},"README.md":{"checkedAt":1708590266514,"integrity":"sha512-Tjps7HcJswGPvfog/amSd7xgngatRaYpJlIif5dRrxvdHODYc8Ol1UfgffT+XQJw8FrC8yiVRxrdwdVwxQ4wqg==","mode":420,"size":4094}}}