{"files":{"package.json":{"checkedAt":1708590290304,"integrity":"sha512-osZPI6H0av6lupBkgfWVSeuEcOhwS0U8Gl8lRTHpIdgLdGNx+VXZWXgY4GuDjXsOP4GD2Jouw0qsatLheNYDOw==","mode":420,"size":832},"index.js":{"checkedAt":1708590290304,"integrity":"sha512-UmF0tWNXCOMxFiW8PHH5XWJwmm20Sy4JnUZ33yAgZd7KpmWgAkOT0sUp3Vgj6vBSqpKhswINwb2yjqs0fV+3UQ==","mode":420,"size":226},"license":{"checkedAt":1708590290305,"integrity":"sha512-nIst73auX/5NY2Fmv5Y116vWnNrEv4GaIUX3lpZG05rpXJY2S8EX+fpUS5hRjClCM0VdT2Za9DDHXXB5jdSrEw==","mode":420,"size":1109},"readme.md":{"checkedAt":1708590290305,"integrity":"sha512-kOMQq+BZJUpru7TW+ltzKVbqow1GwVdQgnVdm+llFP95TJILyg2ibJESlyFH6PwPz6Mjidwppj8eB1cVHj94yA==","mode":420,"size":1046}}}