{"files":{"LICENSE":{"checkedAt":1708590288828,"integrity":"sha512-oT1mxcgFtHYA3UUWbFGLhYr1GFO7k6vsiCXa4lBnkk8nw/DjX++7Wqk6bcR9uhgtqLXSXQ+atXuYqQCwY0WzsQ==","mode":420,"size":1119},"js/src/javascript/acorn.js":{"checkedAt":1708590288829,"integrity":"sha512-TbUsqY/nT3S39ipv8hMew8XrWf/r3oSl9wkySKUwaITu9GE4GS9l7BtoRAQ+yecDj74TzywuW09Dg//v+AgnDg==","mode":420,"size":10052},"js/lib/beautifier.js":{"checkedAt":1708590288831,"integrity":"sha512-k77gQjUehHrI+SP0f/K50wNsDHy090qFf/J3mWAQRjgjIc6FIRP9EjiH+X0iHNsl8yJG0IvlauXpbyuLEYqNKw==","mode":420,"size":227035},"js/src/css/beautifier.js":{"checkedAt":1708590288831,"integrity":"sha512-Ig3dBaLcnFZIVM2vpgFbdpUiBhUR5XufcthkqvxWMi5WvtmAYtUm4BO97ihZe2gkUCnCaIhNOY+OKLjtKMtZdA==","mode":420,"size":18035},"js/src/html/beautifier.js":{"checkedAt":1708590288833,"integrity":"sha512-Y3EDDHxu101udTQ7D03kmOIXZKB7L4I4AXf+WCg+WlFAJu4S22J3/zJX9ZgpQgSsc206BSArY2KfeCX83C7jlQ==","mode":420,"size":37527},"js/src/javascript/beautifier.js":{"checkedAt":1708590288834,"integrity":"sha512-udiYnkM8fNYdQl5kadClNg2eK0lsgQmJUH/lRFQtMp6GxAMRa0iVqPTSF7yTR6e1NtEWcYdr3/4xUw6Hwdv0Sg==","mode":420,"size":57707},"js/lib/beautifier.min.js":{"checkedAt":1708590288835,"integrity":"sha512-Nk9mGaVaDosOJiYNLJ02ICTpMvwtgeN+nZgfWbhAvzC8YYvDcV6RaqBKQsYnDZIkOnB2L7xwMwU77lXuauXOAA==","mode":420,"size":99635},"js/lib/beautify-css.js":{"checkedAt":1708590288836,"integrity":"sha512-q6b5lX819FCxs+NJ7MqxjhiYDL8BEn1b0jSrhJ/R4YDc6MjYo3TWb3trpvIIYOGZL1EdFn5Idd74p/RLgQHTkQ==","mode":420,"size":54387},"js/lib/beautify-html.js":{"checkedAt":1708590288838,"integrity":"sha512-JV/9kqg7oedxS4adSbOs5i+OtPSshFJ7zFqZDN+vD1WenXdwkJXNwR8lJnc6VBaAp2pOXpJmvXU8yqP4AYGJIQ==","mode":420,"size":113941},"js/lib/beautify.js":{"checkedAt":1708590288840,"integrity":"sha512-c+KeoR3PhgfMgDe+0qpCSwOy5TRujhkliR5eNjlFdhhC6nzEiWiFqxKE9jNDHTxTJ+9FScVoj1MnwlYOi8dsVA==","mode":420,"size":149680},"js/lib/cli.js":{"checkedAt":1708590288841,"integrity":"sha512-g/ov4ouTNxrYE0nbw8fVsxTvO76YKLZM25NqxLcCNwA34TA7vCD0MGGpihw+Nqr3fZWwdbs50JtN++WYL4NRbw==","mode":493,"size":25336},"js/src/cli.js":{"checkedAt":1708590288841,"integrity":"sha512-g/ov4ouTNxrYE0nbw8fVsxTvO76YKLZM25NqxLcCNwA34TA7vCD0MGGpihw+Nqr3fZWwdbs50JtN++WYL4NRbw==","mode":493,"size":25336},"js/bin/css-beautify.js":{"checkedAt":1708590288842,"integrity":"sha512-ZxSDi7G0HDk+HX7zRb9goWUyjgNa5ApYBFOcmkPJHnKMIu+ZpHBpP8tP7PTxn/VSkr6gmavO0Q7ou3H7bsfsAQ==","mode":493,"size":72},"js/src/core/directives.js":{"checkedAt":1708590288843,"integrity":"sha512-razjDGzcm+4X8IGLtgKvogeA7RgQwJapTOWaF1JEUFc7jpRn57li9iHxsKmeOVV9+VghNFwpenTV/NTBB3Lqww==","mode":420,"size":2403},"js/bin/html-beautify.js":{"checkedAt":1708590288842,"integrity":"sha512-ZxSDi7G0HDk+HX7zRb9goWUyjgNa5ApYBFOcmkPJHnKMIu+ZpHBpP8tP7PTxn/VSkr6gmavO0Q7ou3H7bsfsAQ==","mode":493,"size":72},"js/index.js":{"checkedAt":1708590288844,"integrity":"sha512-oJpzHi0LjyJ+gkQ0uu1fvJgHINg4IG2cU3/273dOm0nPKixPNqM294KfA2kc3B+fhVbmu90hZ4OjXrJjHc9Cbw==","mode":420,"size":2903},"js/src/css/index.js":{"checkedAt":1708590288845,"integrity":"sha512-6fd9O39NLsX0BBvTa7YNnjkd/6Z1spJrZOHtJouta3Z2gujL9xI7iDO4USBvXJSyebUPqlVglzeEWrOamUfeMQ==","mode":420,"size":1539},"js/src/html/index.js":{"checkedAt":1708590288846,"integrity":"sha512-BrpsaLHjxe0+YqU/xYnzZ/y9+lXReYG7zq/KrY2UFVtcOThk5tip1G2l4ug4LFLJ5K8ZP8nL8IzSClX86EVTfg==","mode":420,"size":1589},"js/src/index.js":{"checkedAt":1708590288847,"integrity":"sha512-eaWTBn/TNyJjnp81qzE+256tAxLq4aNj7fPi/GrwDm6U4kvL67da7grvievQxd4n9gvCICQOxLExbEPsyWfnKA==","mode":420,"size":1666},"js/src/javascript/index.js":{"checkedAt":1708590288849,"integrity":"sha512-Z6EgDjpGySq868uZazKoyLPvgTemG5k/gWTa3wzNNzgNjhIS8CndYV9fYALGl1DhZisFFLfhKySsTyyWc8h2PA==","mode":420,"size":1543},"js/src/core/inputscanner.js":{"checkedAt":1708590288850,"integrity":"sha512-TTqGkWAOIISuhmeNApXpNd0omuK04nbvGseGjApCgWFjwG4C++CCTX4ae8ko3ejLlFc9gHASbt03kwRI85KSgw==","mode":420,"size":5634},"js/lib/unpackers/javascriptobfuscator_unpacker.js":{"checkedAt":1708590288851,"integrity":"sha512-IS0TEOL9IOh3GBFUV0evJfeHYot68XBadMOTZyMS+vDF/0arfqhbZbxAGK9Pp+otfPoypRZPOj9XdlZ/KJQTQA==","mode":420,"size":4128},"js/src/unpackers/javascriptobfuscator_unpacker.js":{"checkedAt":1708590288851,"integrity":"sha512-IS0TEOL9IOh3GBFUV0evJfeHYot68XBadMOTZyMS+vDF/0arfqhbZbxAGK9Pp+otfPoypRZPOj9XdlZ/KJQTQA==","mode":420,"size":4128},"js/bin/js-beautify.js":{"checkedAt":1708590288852,"integrity":"sha512-ixOTvUxLIfwDK2P6EZJTsnMHmzOdBL19QSOHwLr3x4cT8eMf0Hfe7mejRyugeieZ+v1aHakn43OOSoBeI24ElA==","mode":493,"size":70},"js/lib/unpackers/myobfuscate_unpacker.js":{"checkedAt":1708590288853,"integrity":"sha512-DHMkpNffUSvj7FAYBORUkZPEpAgYG1FjcEhA52uhLDbVDPHdT/JdX/kpne/ovlpYcxNl0K7AeMEYu4cJ8uhh5w==","mode":420,"size":3910},"js/src/unpackers/myobfuscate_unpacker.js":{"checkedAt":1708590288853,"integrity":"sha512-DHMkpNffUSvj7FAYBORUkZPEpAgYG1FjcEhA52uhLDbVDPHdT/JdX/kpne/ovlpYcxNl0K7AeMEYu4cJ8uhh5w==","mode":420,"size":3910},"js/src/core/options.js":{"checkedAt":1708590288853,"integrity":"sha512-zZVOrtZjyuSbDMacKMm5o5pYW+9hCptaBzRkGXbfEabGj9zInF0CmRtHqy/nmmme8Lv+fjtRsbvkpXdpOQp/Yw==","mode":420,"size":6766},"js/src/css/options.js":{"checkedAt":1708590288854,"integrity":"sha512-7cfXLu2xPMAXACXbIDLpQnpi31HnTk8NQaq70Wu+U9UO2ElJkuozYYMLNMuareQRavpRraTEcdLH82UhSQgJrA==","mode":420,"size":2241},"js/src/html/options.js":{"checkedAt":1708590288856,"integrity":"sha512-fdM9YASP9WVKsxe2APz0y1zSRjBdC7+SWDcenzAcHlKwlAFnPxmZJCPJO2hlF6HGB2OYxFYyUvd1FrrzVAMjzg==","mode":420,"size":4287},"js/src/javascript/options.js":{"checkedAt":1708590288857,"integrity":"sha512-AeF2L2mdCaYbi0CBqXxOeHp2aB7IbX09iIY4Q9aGz4HNYHfUIMGIJ1K/wntooh+/aW5twxAHZc/CiRI2G40Y8g==","mode":420,"size":4058},"js/src/core/output.js":{"checkedAt":1708590288858,"integrity":"sha512-cNns7maAwX/KFkhBDpeYDHpHjt6DeFjqVM5RlR/NnvqT5hEvHLhixpTg4z6Rlp/qtNqY/U4UmKGqcfzsmZl23A==","mode":420,"size":12355},"js/lib/unpackers/p_a_c_k_e_r_unpacker.js":{"checkedAt":1708590288859,"integrity":"sha512-M9P/lXu/vpWeB0OTo1tVrzy9LSi+2Jyuiv+NjTVUddG29Pq3I7GD9XeDaSXIV5rCfbbI6FItzJBjPqq5yg9Bkg==","mode":420,"size":4937},"js/src/unpackers/p_a_c_k_e_r_unpacker.js":{"checkedAt":1708590288859,"integrity":"sha512-M9P/lXu/vpWeB0OTo1tVrzy9LSi+2Jyuiv+NjTVUddG29Pq3I7GD9XeDaSXIV5rCfbbI6FItzJBjPqq5yg9Bkg==","mode":420,"size":4937},"js/src/core/pattern.js":{"checkedAt":1708590288860,"integrity":"sha512-GhjAkcrorlKDHe1XvSqk/14mjr6ikI90vnOPiHTYsk6hrl7k9ryBnJb6p3Zz0iVaBztn88NiV3R5WCdYyVhZwg==","mode":420,"size":3021},"js/src/core/templatablepattern.js":{"checkedAt":1708590288861,"integrity":"sha512-Rzp+lA8oSZNjyBR9BqqNxQ1/l7K2KNdrZl9npdtbt5vDpBryw44WLSHFJCvNJkc2lAqRVSsRUepJPS5XA0h07A==","mode":420,"size":7447},"js/src/core/token.js":{"checkedAt":1708590288862,"integrity":"sha512-pKM0yJ+wtmA5kmZikVvJz3Efg0Rr52VvCqO+LuUL7z2Nntod1NdCgdkeSxh/1eX6qmeCMaw8MdsJUYulFLhc+A==","mode":420,"size":1851},"js/src/core/tokenizer.js":{"checkedAt":1708590288863,"integrity":"sha512-UTQ+823udhZUFBC4js2ch2+PrUKMlSCu9PCq2IB2BvDH3w/RxikkQ5wwOYpc3GdoQ69Upl11PXIcZUPnWZAFzw==","mode":420,"size":4061},"js/src/css/tokenizer.js":{"checkedAt":1708590288864,"integrity":"sha512-1X1bqSiBRHc+vjyKOPpaWHkY/EpEKRvhm4FTNHYLl5SooBIWJOuhRx8rAv5/Pj1KScW9Qj9BeFZkFclAbjh3/g==","mode":420,"size":1201},"js/src/html/tokenizer.js":{"checkedAt":1708590288865,"integrity":"sha512-muJ8OEt3dpffA1b1cWbJQlwIpkyKul1LZucRs0S6EaJUiKaFkBd7URK3moA8XVPZx1LGSzjQDi6/T22/Ae15XA==","mode":420,"size":14007},"js/src/javascript/tokenizer.js":{"checkedAt":1708590288866,"integrity":"sha512-++cNYEdCSZLsPa/toCP8JyRRlhG+juvwRY1n87UYzPwdkerSPHgam758Jzf0lTXC6iO7sdnFVVY53XdVRKho8Q==","mode":420,"size":20141},"js/src/core/tokenstream.js":{"checkedAt":1708590288867,"integrity":"sha512-yXwUaWu7MrkRu6hRl32zWVgDKrhVInf8q8Fo4ZYiXHGl67QE5fKZaw2dswZdoC8DEUXle206tejzPvm7SAuJYg==","mode":420,"size":2259},"js/lib/unpackers/urlencode_unpacker.js":{"checkedAt":1708590288868,"integrity":"sha512-9f4lodZogtTEYToYp/Mdd9nTZqxe98+0cFPukyI+vPQJKVckF3MH/dRz2UceUoj6417UnkqyH5zdwKIpr+pMsA==","mode":420,"size":3293},"js/src/unpackers/urlencode_unpacker.js":{"checkedAt":1708590288868,"integrity":"sha512-9f4lodZogtTEYToYp/Mdd9nTZqxe98+0cFPukyI+vPQJKVckF3MH/dRz2UceUoj6417UnkqyH5zdwKIpr+pMsA==","mode":420,"size":3293},"js/src/core/whitespacepattern.js":{"checkedAt":1708590288871,"integrity":"sha512-+CYv3K7QKyFDzePj+E7SFZurl+eQQ3w/93N9XPKZB9p3wK/TWYVTUSqCjKFq50voyDzF4oWYeKkxeOqfGClf9A==","mode":420,"size":3412},"package.json":{"checkedAt":1708590288876,"integrity":"sha512-bvdLW/rUCtDHVWt1eNxa0uwzZ5wyKHWtrrULlEfi83Pu7cjajJzI/70wrTO5VoPmWcvUVTwjS0C8z9hYRLGYTg==","mode":420,"size":1856},"README.md":{"checkedAt":1708590288883,"integrity":"sha512-tslKsiDEXufD/2nRTrokZfrDJYWkjCqBSYfpqUInJ5Q3ROi47Gmds2hqnFQdpdDtYl1R4HQ2jnLq9V3quwuZOQ==","mode":420,"size":19475}}}