{"files":{"package.json":{"checkedAt":1708590288993,"integrity":"sha512-cfFzDmJPHn+K+8RWNEVzyFSnSf4fqAUtOUEW4coEiG+dmMnSBFnXkOKf8TDmGocq6+nSy2EXBoKb8iOroIbZkg==","mode":420,"size":650},"index.js":{"checkedAt":1708590288994,"integrity":"sha512-TtX9RDYnixjmWLq+E0MXNOsnFRlAW2O2lq/8Orxt6uigA3mLehitixFUoA7k+FzP0x+Tf6NlMEnmRu5Xifu4ew==","mode":420,"size":346},"license":{"checkedAt":1708590288995,"integrity":"sha512-lSw93JVg7wfwyVXKrg6yIFjF9Bidgr+tA/l6XNlrRhjnE6NhwkyPL3xNL47OZScS8qoQkYUwE6slmo7jGesH0Q==","mode":420,"size":1125},"readme.md":{"checkedAt":1708590288997,"integrity":"sha512-L4+aDL8rG9dxoJrkmzaeaQ7Ivz8hht4rTvA/UTY9FLDLC3ISl5wHZxdYBcjnLMFloIfzN6vWt8xfY0gUN4sXFA==","mode":420,"size":567}}}