{"files":{"package.json":{"checkedAt":1708590292271,"integrity":"sha512-EmOfsYCMA+YL/BMcrspRgf5+DEfOQ3N/zHeBzvwPzwMXXMzBNY/ukMUwc9afpmCm+LDkQsY5DmQZupZkedUGQQ==","mode":420,"size":582},"index.d.ts":{"checkedAt":1708590292272,"integrity":"sha512-KTfUC6MqzFy7WEhKiJSlzcB7A6LN+V4InfkDKSPsZdSUHkMoX+28Aw8Ufup9AZTlh5lkTbi7o8qEejIVAcjwfQ==","mode":420,"size":783},"index.js":{"checkedAt":1708590292273,"integrity":"sha512-NUTXDE2E26ACAWbr1om+3E7EZTxrh3XXF0EE+odzxLtGLIjFhHuFisjr/YJRceA56Nj1mmpWdlwHr0VOY/5zHg==","mode":420,"size":743},"license":{"checkedAt":1708590292273,"integrity":"sha512-nIst73auX/5NY2Fmv5Y116vWnNrEv4GaIUX3lpZG05rpXJY2S8EX+fpUS5hRjClCM0VdT2Za9DDHXXB5jdSrEw==","mode":420,"size":1109},"readme.md":{"checkedAt":1708590292274,"integrity":"sha512-GI2LEXz8UgmrueS/X6bKm+U1El36UqOQYOHeDcxiVJVYHCUTFgLiFkTfjxo6nFJ+L+ddR6NDJF8lCRh3xmIEVg==","mode":420,"size":1181}}}