{"files":{"package.json":{"checkedAt":1708590272410,"integrity":"sha512-bShw1hw6Qi6jh0Kqj9haWQYkV3kVV9xSzXp2WLh1O49CJCzN/H1CiOHMylXZOjbHTjcnCI0+ERgxUpskwJRMug==","mode":420,"size":1001},"history.md":{"checkedAt":1708590272411,"integrity":"sha512-0Z8b+rgpou86rzy0qByaCEmw7Tr2ffapqXSYMC2KGgYI6+ohvr/zYzo3qIqhtz9TGZ9BbNircGbuZ0fHgte7kw==","mode":420,"size":5543},"LICENSE":{"checkedAt":1708590272412,"integrity":"sha512-U6kUC9iRszpsyPjz1p9vNKEpiBrMAi5xZUrDYeyvJ7UJaUr0/BXmBHqPeq1CjfS1cnrA4nnVQGGfi351+JPS/A==","mode":420,"size":1087},"README.md":{"checkedAt":1708590272413,"integrity":"sha512-uz3gpDAInPxNwXEwGKd9eEF/uqyURNEJAyxizOwpAG+Z27Tcq6MRYedNfFVyLkhp9nM8goTtBWFC08ekBg1dbA==","mode":420,"size":13071},"lib/layer.js":{"checkedAt":1708590272414,"integrity":"sha512-TzszV9xodZ7HJ3+O6j4oRuQwI9K81dsy+p//cX1NfhykMoRQHLzid7gMEvZ+YybRuQ6+rTg3jFrUONNv3wOK9w==","mode":420,"size":5750},"lib/README_tpl.hbs":{"checkedAt":1708590272415,"integrity":"sha512-BLwoezKIwsQfmVSiGgaxG4QVzriOG5XaXGa4CFymBqv3HBaLirWozfi1lu95xVqa4zrwa6Ax5XCOaRSfNX+Xjw==","mode":420,"size":2031},"lib/router.js":{"checkedAt":1708590272416,"integrity":"sha512-+rYL+itSBq11fuvnwaNeea+bx/FzGXkYxQ+QrXeXxgvHKR0dFjNBPobZdqkfoDeD5wTpQQJbw+zjNuL6lLdWog==","mode":420,"size":17653}}}