{"files":{"package.json":{"checkedAt":1708590264703,"integrity":"sha512-0dSYJEyNHp4iUgrfu/eXuVrxPSuBkJ9JAdCBlSO18fX8PHkSmzqSxgMgPSrK2eg1EswqcU0rj6Bor3mFnSkO6w==","mode":420,"size":1200},"README.md":{"checkedAt":1708590264704,"integrity":"sha512-P9cgBInH0hXkJXuw355JoBHq3HcBGQIcCJLurPnzxEsATMAYSZHJk0mvEdKxCOClQVIsmRkI4ACLXx7u8mBnpA==","mode":420,"size":6115},"punycode.js":{"checkedAt":1708590264705,"integrity":"sha512-22Xs7c1xMRj7i8jNy1nmplBWIa8gnwteRPoicU+vVOCTRHdr90fRzjAPxN80xteMb17oE6bUNj8VOZflYcEiHQ==","mode":420,"size":14670},"LICENSE-MIT.txt":{"checkedAt":1708590264707,"integrity":"sha512-fWtEu2WGJSgbSBlOWj06B0Ur6h8lZQbdFveiGUHvPw0lnhvNDMYgJkK/H9EpvBh+ajkh04LVaNMSvYPzAjl5oA==","mode":420,"size":1077}}}