{"files":{"dist/index.js":{"checkedAt":1708590278185,"integrity":"sha512-XIUWKbkRx+bPLbYQONZtzCKH8Ry/83UYpPddSJd1ET0Kr5r517ZLE1XyXpqnAkeNmsIZD3ih1h4cJ2MuT1ZUaQ==","mode":420,"size":8398},"index.js":{"checkedAt":1708590278186,"integrity":"sha512-/2yWnz8R42HRdPDQbbPWeoOk2lBHkDf7tTDpLBn75Y5q0Tbf0qEB5xxc1qtDLda0odWTtG39SnejoQuxUHEbug==","mode":420,"size":785},"package.json":{"checkedAt":1708590278186,"integrity":"sha512-8QX3r/T2tIg5MOBz7SUxubi+Smj3ricWgA2JOeE1d2d1FQhTbl4QMLP4XGkeT20y94CvazTOBCjA3LSDJ2XVww==","mode":420,"size":956},"dist/index.js.map":{"checkedAt":1708590278187,"integrity":"sha512-ivLuF3ZIagRcJtCTdSZcnhRpFdJ+Ob1pA9CWgpZTYxM5CyKRnArRbDZmWzsO14iu4cQUPk+IoUH7hbR/jUrhTw==","mode":420,"size":3891},"README.md":{"checkedAt":1708590278188,"integrity":"sha512-/2mKKy0Sz7auDOPKfnkpp8KXwfqZZem9b4DG+xHkwBuBOlUwMriI5R2fRmR6stbQuKGBoxdWDSUMikA0skQ1rA==","mode":420,"size":3225},"dist/index.d.ts":{"checkedAt":1708590278190,"integrity":"sha512-aOYBYv6i8xceU+7UnDMaFMlrQo0SOE8rCmDe7qfP1vl7RGiNqwZVf8Aavuk7yAJrb6o7Hb2DN0KrEfXIM526xw==","mode":420,"size":5278},"index.d.ts":{"checkedAt":1708590278190,"integrity":"sha512-9NWXO+SXJITHlTriZPN9cBYmHpJZd6s8V9Q+Y3mSw/wrE2y67LMvWuo2leRD0hs+Qy8kLLp6XGs/ohf7gW812A==","mode":420,"size":131}}}