{"files":{".eslintignore":{"checkedAt":1708590266154,"integrity":"sha512-VLhEcqup3IHXtZJPt07ZYoA9JNRjy1jhU/NU41Yw4E8mEyea/z+6bw5hL3lhCO09pji9E0BH2Q3aDXdc3i9zBg==","mode":420,"size":10},".eslintrc":{"checkedAt":1708590266155,"integrity":"sha512-RTfj3v1YqTONrHnTfPDsgRliAIwUFoCCrg1X60CN0BthPv5EK7J1TbQAmiwSJt23c5ZGym48yugIHaRiLqeKbw==","mode":420,"size":79},".nvmrc":{"checkedAt":1708590266157,"integrity":"sha512-Z8rdOE5A3S+8rBFuBDzc4wOoNT2AzzIKcQPnEE/DnaPyHrPvq3+KKSlI5nDlur3187j3zqnFxZlNjgK2D2Wwcg==","mode":420,"size":5},".nycrc":{"checkedAt":1708590266158,"integrity":"sha512-2vm1RFz8Ajl/OYrfoCWPJIm3Bpnf7Gyn5bha/lZx/cq+We3uMy9xj15XeP6x4wF3jf/pO7KMHAkU9mllm605xg==","mode":420,"size":139},"LICENSE":{"checkedAt":1708590266159,"integrity":"sha512-VAafw6n4N41XvAsR+n+iEdr0zTIENa8hymUUtLGRZtNAEzrKNuwlPdG/4XVTK8bgjhOLpy2sORJp/QqopRK+Yg==","mode":420,"size":1081},"test/corejs.js":{"checkedAt":1708590266160,"integrity":"sha512-57U3Xo77c4Lu71Maut2wPlTQZVar3hWkrNmXoWi0FwrlfQMEw3BJBiXfVp5JyjF/fMKN01tp+fRwY7YhBRy1Gw==","mode":420,"size":51},"index.js":{"checkedAt":1708590266162,"integrity":"sha512-Q51Wjh00CedKltOEvZBiEnrO1H5AJ8sfO/vOYfFi1BuYFMg+/NjHXD2xcfizNhJdMCAmriCxvPegSHUkzhHpJA==","mode":420,"size":964},"test/index.js":{"checkedAt":1708590266163,"integrity":"sha512-64m/lH9IYFz4Ff9aRsuqI2z2skXMDrwoR+r+1pvuZ8PXZ80EgbDnfA9Ra4oGL/pvs/+N1NPRIalpTAw5l92sRA==","mode":420,"size":2635},"test/uglified.js":{"checkedAt":1708590266164,"integrity":"sha512-K5ANyu7d/P/Et0FoYuTQA5KK5ZuNV2ZUOks21yXee1K9DxzrSRqkRYm+aXDVvatEZjeRuzzL1A73oyH/Ilx+wQ==","mode":420,"size":147},"package.json":{"checkedAt":1708590266165,"integrity":"sha512-YUUzeTwb3E7HVHlqwr+wzFOdtlONM+xHr8D/tFcxlsKp2kKgw8qoNhjPBZwrufSa/fT5Abdq48SLcEahEimyKA==","mode":420,"size":2389},"CHANGELOG.md":{"checkedAt":1708590266166,"integrity":"sha512-o7eENyAskpUN2UPXooMg4KqWmtW2ueym0umgB2NdB42EqQI4ubedm2y4NGyBWaaruGkQKfqHxruhVDYNuPSyuA==","mode":420,"size":22600},"README.md":{"checkedAt":1708590266167,"integrity":"sha512-tt8b6QYe5lx3Xyc2Y9fQXUC5tOibwgDqyoZi+k2j3Jlet4v9VhzcR8Vn8d1IiwdCfg/2UHSVR9LfumzsPCvfsw==","mode":420,"size":1781}}}