{"files":{"package.json":{"checkedAt":1708590285126,"integrity":"sha512-OoJFxrKkLSeFqOKXP6DnMqwjuBSpgLygY+5fNeKKU1L3v2OAbiNao/aQVYN+1wz2cPJlhFXPiF+iLkN5nfFRrA==","mode":420,"size":1395},"index.js":{"checkedAt":1708590285127,"integrity":"sha512-b5NUZogS1I2ssT4OU0+g53nedu247IE5LZlVOvqF6NRAzuqyU7UnplMPIIJtu2pBoVzsvFZxtBxlKiTdNJVSmQ==","mode":420,"size":3487},"LICENSE":{"checkedAt":1708590285127,"integrity":"sha512-Vdy8f/8awcR1X0y/JLoh4NyuBiyALT25N9K2GC9FVN2F0UUpoMlojqyCWjRbY6uLLl12meK+BxeN9buKByI16w==","mode":420,"size":1091},"README.md":{"checkedAt":1708590285128,"integrity":"sha512-H6L46nf65uMDhF+B+xfYkB4d5+QAfHvnAXGO6Jxho6gkVr4oiRAHchIH/JCF4E3jFFwZ3Y4/1FYqUxlKTs6npw==","mode":420,"size":3541}}}