{"files":{"LICENSE":{"checkedAt":1708590293391,"integrity":"sha512-wYbSntPZYa4EqZ+74vl9rltK7T4UFoxw4d0/JmLD2RovtrtKMRIryQ/0f+sNZ8j0OH5IfHTl1CpGmLiFd3tPsA==","mode":420,"size":1092},"index.js":{"checkedAt":1708590293391,"integrity":"sha512-Ukr8wVNT2Q3wIqvs+6/aEDTH9IsOaVDvXmeHqr7Ct2cJOePDjq9KjWvyYu+gzWkzwo/504foRTy9VwUBXiSP+Q==","mode":420,"size":1365},"package.json":{"checkedAt":1708590293392,"integrity":"sha512-UJo/aZd9Xqk7sbN6QJuwINWNfwb8FxheFqfhkUMqHvI2j+KRJg6Vrpg8oTYALvmUfSZarysRGUwHDT1g65vyoQ==","mode":420,"size":797},"README.md":{"checkedAt":1708590293393,"integrity":"sha512-dS2kezS6KTU3EjSBTyS+X7uxv+A7jmSwUPbO7SJvMV6sMPj4JregrmPR08BN7MshMqFD9s2R+nIAS/TmjkvFTg==","mode":420,"size":1149}}}