{"files":{"LICENSE":{"checkedAt":1708590272418,"integrity":"sha512-5HycIj0/VBX8kQ4Xg9xMr8DtZL0DBVx2HAenWEoxkxtsqdJCPXD6rFGInPgJB9zjUw02sjYjSWEGivRstWSK4Q==","mode":420,"size":1058},"index.js":{"checkedAt":1708590272419,"integrity":"sha512-alJPsHj22ZDppNec3bAVGGixdPpohu27m5pj5Mws2sbnFRPqm+G2IZ0gxnz6Sn6yzkI5HejPLuZPxRLkyYVTGA==","mode":420,"size":3165},"package.json":{"checkedAt":1708590272420,"integrity":"sha512-XIEY6i3/MpBTDwyFHRBOrYCGOZFWONX4FromHWpmK/6COsWX2BNrxpODLKRzqSR1g3RWlc8nZcED+w6G6Ryhow==","mode":420,"size":406},"HISTORY.md":{"checkedAt":1708590272421,"integrity":"sha512-wwclsNhAa4xlIHDxg3Zz7N7HSa35zNCGOxjdV7/cmF/np7tVQjvKafG/rtriQQjfs6OFzhhpwhn/izb4oFDRDg==","mode":420,"size":66},"README.md":{"checkedAt":1708590272422,"integrity":"sha512-8IZQZ6thYtbu/dW+Q80XWg5Gpcm4hJ5BKWdbLDWBfsSH/Pf0wm4IMQQTqWH4Ywtzvx169QFS+CVse/P8zf2+bA==","mode":420,"size":4918}}}