{"files":{"LICENSE":{"checkedAt":1708590272234,"integrity":"sha512-5HycIj0/VBX8kQ4Xg9xMr8DtZL0DBVx2HAenWEoxkxtsqdJCPXD6rFGInPgJB9zjUw02sjYjSWEGivRstWSK4Q==","mode":420,"size":1058},"lib/handle-filters.js":{"checkedAt":1708590272235,"integrity":"sha512-O0glgntmgsPUxgzaqzPwE6G6efpTm0x2j+wnnGgwD+JKvWOz7NAGUDzGV7fIHEf8apiqsw0p5nIas7cN4Dc3Gw==","mode":420,"size":4233},"index.js":{"checkedAt":1708590272235,"integrity":"sha512-XLbTWiI1SPcHWnlhPioI5U/QLO/QKmzmA6Pr6ICf+lqUkPf2KfKYjLU4h/s+KX21F78cmpkm+R/gbP7oFr3tJQ==","mode":420,"size":121},"lib/run-filter.js":{"checkedAt":1708590272236,"integrity":"sha512-K8v2ZRhBbJ66nc/eIOhsHUAJq1CBaEE9/+j1DsJeSR5kujR2oQyghMG217i+FeXQz5C+sNn9gDuci7hKkt6Zig==","mode":420,"size":1260},"package.json":{"checkedAt":1708590272237,"integrity":"sha512-Qo5IMAikoFs34515jLIdN6m7BInvpE/3lMgBeqDnQLvJmnZcWst0Syz6r95bWLecpSOUiSnCMsX1y1sMO5jPYw==","mode":420,"size":914},"CHANGELOG.md":{"checkedAt":1708590272237,"integrity":"sha512-0GP7qlliEItkfGo9xd/1GyH8z1WLY3SWNlru0Po8CIPZiROphtLiAg4RVNrvReLITT8mC8gDSmLgJ/sBBbNQYg==","mode":420,"size":498},"README.md":{"checkedAt":1708590272238,"integrity":"sha512-0iB3ngDHh05/PkUKobunsBbQ5wdW9bD7G3keZ5a9+UrGU3FsKLDTYNUdv9MHcV+fafA9o1GRnjujaFjGnunwvg==","mode":420,"size":1496}}}