{"files":{"LICENSE":{"checkedAt":1708590278178,"integrity":"sha512-dzpVk2BCoFiKKE2Zjv1/sosGded+hNU8w3UwJTpqdpsDeyXIsip8tsym7kwE1A0Idn+5yICNYf1LISaeGcK6+w==","mode":420,"size":595},"index.js":{"checkedAt":1708590278178,"integrity":"sha512-pdNgJFtvSmUO3hZhZYnyR9bdRlaYm+LuA8fpEpkPbnn08vM1tQZ5wHS7Zp+JrdHbI24RMr+X5+UpaYU7CAVOOA==","mode":420,"size":11534},"package.json":{"checkedAt":1708590278179,"integrity":"sha512-Kx7QamKeo2lvsRlNFRSSFbJjJToNhV9Lcu0SUJ50UBhcz4wf5JD1irc4bl7UGYLrZh9Jhjgl5f1hvVp8TaeoNg==","mode":420,"size":1603},"CHANGELOG.md":{"checkedAt":1708590278180,"integrity":"sha512-WpciLPY2c8yudJjFtgV4niDwum15Dt1nHTtFogLixe1ajcYcnzVuBwG6YTG7KZ6U9Z+i++FTjY4aGhk4YWs3Aw==","mode":420,"size":142},"README.md":{"checkedAt":1708590278181,"integrity":"sha512-01S5JOTBIVS/eZUOGn5Z4+kXi/MFcLcKJmChxcSVjdI+PxDKBFIdMaYaIPwBXAnSKLaB48su3NDLn24IIwSpXA==","mode":420,"size":2859},"index.d.ts":{"checkedAt":1708590278181,"integrity":"sha512-CM5lJtcfIZ2A9E6Nc+z5r/d7PnFYktCC1ObSpgSm0jJagylRTGQUZTG1cp68hgdt7oZhVh7qcgFMUHnMvghplQ==","mode":420,"size":727}}}