{"files":{"LICENSE":{"checkedAt":1708590281657,"integrity":"sha512-2SaZOkxJbyqdUbdgX9T1K0FtkknjwNDeYxEaJXMnabU8qUSjI9+c2k1tH4hFE33eU20CrBahVVrtKeZsmTstDg==","mode":420,"size":770},"es.js":{"checkedAt":1708590281658,"integrity":"sha512-6j99mZCpOJI8RLI1hxWlBhlZ7V5h0c8EwJh2pIDJKlp95aVnI5pAlrDwKtniCunXwaUjXfo0CU6BKAmVFG9YJQ==","mode":420,"size":1133},"esm.js":{"checkedAt":1708590281659,"integrity":"sha512-R2srmfWfNSlXskSKZaC6cEtn+sZ/khgnvA/VmHLBxRGzx4SZd8/SPaY8xrvY5opRukE2WkUArHssiHPhwDFGAA==","mode":420,"size":1101},"cjs/index.js":{"checkedAt":1708590281660,"integrity":"sha512-DBOqn/BBcEsDbLH2o6le0H+UEQEEooRRphAiPQSd56BSgBok7UZmHqbwG9GMtoG1pg3BFjrkFFwxfIq4XZmyTA==","mode":420,"size":3523},"esm/index.js":{"checkedAt":1708590281661,"integrity":"sha512-4eBxOCi1E2clXsSa92nexTCwldg3Fb0MxgPp2JZ/banPRVnhV99WIpa1fjdcr44KPKO+4RlSzPykNOShW0o9cQ==","mode":420,"size":3409},"index.js":{"checkedAt":1708590281662,"integrity":"sha512-c2P4fbGOUBXfa8PLf+3DJM2haOjmqTHrlYjMf8ff0l+CmXuBMaQBx55UdnmcjDP0lza/pFLxMjWy3Au+iBOllA==","mode":420,"size":4371},"min.js":{"checkedAt":1708590281663,"integrity":"sha512-yVtw6k1TylVkI4dj4UAY8S70aCKyS6agI3fyra9gGfHqvAIWTvueGwfTH/U0ivZVIafTj5JxrQ+b046dym1tLw==","mode":420,"size":1440},"cjs/package.json":{"checkedAt":1708590281664,"integrity":"sha512-ZcZkWKviEBAyzdG1DKbmQ+DDaNCd+mzHAGsz7YFeEGuyD5r/EYGBgH59+fXU2Nl5Zwmx7Jp+BFRCMWNv34/fQg==","mode":420,"size":19},"package.json":{"checkedAt":1708590281664,"integrity":"sha512-niu3AIY9Ce8/JH4ZEF5UNXTNMJfNGp9IwpzQOLFpUJBOzJGIk8hlZ8ZtVP7TWFrchvXuHijFGbkE7wUjW5UJSA==","mode":420,"size":2184},"README.md":{"checkedAt":1708590281665,"integrity":"sha512-c4sjn2lElqXZ2PMMiAjqTGBmL96Ni+f3YBpatKHV0aAsrIloJNIoYEitC9TJWY2AqMcSXm5Yeh+wHJllVMfcNQ==","mode":420,"size":4608},"php/flatted.php":{"checkedAt":1708590281666,"integrity":"sha512-OBR0zXrrnNZNdS4vuuijoSTRUbWnUNO1LGNzYzTLFU0DrtO0c6eiN3G7JAXNFRNDfbIhFIKBRMXVbZFjniqUWw==","mode":420,"size":4613},"python/flatted.py":{"checkedAt":1708590281667,"integrity":"sha512-3AL4L8t8zKmss/Xtym59LCr3ySVlLHk//9Sv7EVm2P3HxvtX/bydryKCidz40WM/2+IlDE70EEcbgIQS2Bv6Ew==","mode":420,"size":3879},"python/test.py":{"checkedAt":1708590281667,"integrity":"sha512-YtPm1U4XibKf4YoKAS3zp3R7PwCRIK87KUw7XE9gzkDNfXNiNCr2VuaQ0mkUSqwebFpuGPA+vtASV8QOKaTQXA==","mode":420,"size":2129},"python/__pycache__/flatted.cpython-311.pyc":{"checkedAt":1708590281668,"integrity":"sha512-delrvb05Pnqb7J+JMYQiIQqC3uIvMW1r+AEakMRuTyQFqyXUUaLSB0EgBso4GOoysrqWbRvrStmRvYn7wJkEMg==","mode":420,"size":6741},"types/index.d.ts":{"checkedAt":1708590281669,"integrity":"sha512-QOLmLaHeiGM1OQwkmEu5ulI0LcG8brAoeGlkT0okVn3YWDCjW9O3dbdca+SRfMyyurIeJXIIn3owmshXvGKjAQ==","mode":420,"size":345}}}