{"files":{"license":{"checkedAt":1708590290708,"integrity":"sha512-oadktXBrmOfE9NWq3uHTRdMJFUzaQLngtiPuR+0FRouWtpp0wK/qA2YLN2hgIreuJayRMqnZfAKqYLNDJDgQAA==","mode":420,"size":1216},"index.js":{"checkedAt":1708590290709,"integrity":"sha512-UIOEOyZ6wVroNI0RpJPzZGFJUlgfDNglQ4ET0OMcy9eDnMmINMAy+odZNdvycjEPAqZALSWtgwkhmbjMqTuI4g==","mode":420,"size":330},"package.json":{"checkedAt":1708590290710,"integrity":"sha512-B2/4z2Qtb5xN2m7QEe/5JzVfvC6tNxe/QEzx5GIx+IFeh1wyTMVaoKXr2+D+PmVasguFx/8cPdtB2vuT0OinTw==","mode":420,"size":578},"readme.md":{"checkedAt":1708590290711,"integrity":"sha512-CPDi1gkYUHrAqzobF1xJ8NhAjweOqyy++3bSy1p0GBNOs1i2cmKxHjaErejH9rbOXB7zirdfL1BHWT+kPonrXA==","mode":420,"size":376}}}