{"files":{"package.json":{"checkedAt":1708590261028,"integrity":"sha512-GuFOSx9C3VWLh71UO+52s7cdYb92ebH2LuOXWVc/d1ttEPdN9/QKCUM6s1iWkZdVwx4gQKArkhplfIqBRwyM7A==","mode":420,"size":1409},"decode.js":{"checkedAt":1708590261029,"integrity":"sha512-Cko+mnUVOs1PXpGp7LoruIs2Ld3fOU1lnAX00awjEXH2h2Km/kI3ZWcIsqoQ1+hfu+ePy/AoQi1RXPdkBuDjgA==","mode":420,"size":2399},"encode.js":{"checkedAt":1708590261030,"integrity":"sha512-rVABzSyqgAC9W0cXA/trMJPqGQyd7FU9A1HiY1K/Ch0IrvUjWBcNbDBEH06v2aU2JSMTTCU4gJuV3ZTdueZ0pw==","mode":420,"size":2090},"index.js":{"checkedAt":1708590261031,"integrity":"sha512-+L6K9yv7y0e7JWxE5MtW5UML9Yo4AKiadGmxWSstaXrxPLpGpqg00bhRn++5npOzxx/BqC4dLzuvzkeQFkz08Q==","mode":420,"size":127},"History.md":{"checkedAt":1708590261057,"integrity":"sha512-wP/juQ202pNbNm7R8aN259M2O7gA0l99UrRcHaw2SUpawB8rrYJqkTAc+cADljuzObuQat9FIteOt6tsOLM6zw==","mode":420,"size":357},".Readme.md.un~":{"checkedAt":1708590261059,"integrity":"sha512-ii0vKD+fXie1V/5rMtevmOS6TBq7DnNKliwGTBmjIbLq4WgDcG/eM+laMTnNWpc1Ela+dFeQ6B74z9nYSFDd0Q==","mode":420,"size":3225},".package.json.un~":{"checkedAt":1708590261060,"integrity":"sha512-9TMlGvDG+ORm5dbfLxaHET3t/PZoZu4kXDSikNrLMESvR06V/Dixf+i8+3t7GzYvDGJYmXgRrmyiVrZ9v9AuOA==","mode":420,"size":5710},".travis.yml":{"checkedAt":1708590261062,"integrity":"sha512-0t5W4F7vWvQdQxTh0QkmYgywpQ2smUiVnAG/bd0H+ItXEzMCjzNT3Xm5FSupiMUn97EPr8VRwAnxtL7cC8lK4w==","mode":420,"size":43},"License.md":{"checkedAt":1708590261063,"integrity":"sha512-BGbTD1ZXiVJuRI68H8u7txqhnHOrxZs0nGNokg5ueBOSXLEwy1aImsfBKAahe86TUF/ntRZoDCdbFb2PB2vx3g==","mode":420,"size":1081},".History.md.un~":{"checkedAt":1708590261064,"integrity":"sha512-9l682vQUaXKA0vEpCBGWOYWtUlDZAI0Zd2gqvraCq4faGmsBEQSEm1HZ0vYTRCBp007advqTAsHYojPzZJkw5g==","mode":420,"size":7960},"Readme.md":{"checkedAt":1708590261066,"integrity":"sha512-BbthjgmtA/iHeQ5iysBi8njKw3KCXK+V36m2yZcLHrhSEenZMCsOVLfHM2+mw+4ClCVGXrXNbOS0kG39iIWMAQ==","mode":420,"size":331},"test/common-index.js":{"checkedAt":1708590261067,"integrity":"sha512-UahnV94mcfK6TShVKCoH7fERG3nS/j3tXoxS9CE0UMmwyq3x2hkJo8ICqtwI3iJkce0Lc+zP1TEGjVQmWhk5tA==","mode":420,"size":54},"test/index.js":{"checkedAt":1708590261077,"integrity":"sha512-avG11e+3htwQH42Eqb1BluzFDp4JWoIHK8Op0fn5ZtXaQ+lUB4/ZGBbKCoIUEppxi372ybBoxk1bL7o4RJzxnA==","mode":420,"size":7504},"test/tap-index.js":{"checkedAt":1708590261078,"integrity":"sha512-FF4iJWNZmHQKzG4TVsee651PbblkaPB1Elk7DhxyU1cvF4ehiZDwwKmECx7qZKYSPJ+iBXTThB4JcCiKKtgALA==","mode":420,"size":52},"test/.index.js.un~":{"checkedAt":1708590261079,"integrity":"sha512-iDzqy0zHk03XquB4f5fVsVi8yxh9uYZajD5sp/RqcsFCMNCGab5iy/jNQE4GoDnYcPhAgNz/BMF3V2SL8MY1Ew==","mode":420,"size":975}}}