{"files":{"LICENSE":{"checkedAt":1708590272721,"integrity":"sha512-/jO1uKsgTe1deOVxzvxzgTG7DQ1uw1Mlg8Nxa9mG26fMZZBFsuuJ23uCu4CY4+T4NHjY7C3rA14oqz15LY2Cfg==","mode":420,"size":1103},"lib/index.js":{"checkedAt":1708590272722,"integrity":"sha512-vEvl1j+CtcKawP6xLvKPgRihpXGfJ3ZVWuIDjaDIfh8k+C1PzF3DzWF+NQvei+VXoa8AA6L3CUJVSLgPGAfg1Q==","mode":420,"size":12912},"register.js":{"checkedAt":1708590272723,"integrity":"sha512-hSNVqtKS5N7fZgMVdHaP82qsCRkd1Yh7AxApNyQvChu8LQmUAnLPxCH8iDPB1Y5mRFsuGC079u+mKOq3dJRlfA==","mode":420,"size":465},"package.json":{"checkedAt":1708590272724,"integrity":"sha512-AV8FUkzU+FxLqXgrTBoPuTJNINnV3mTR/IfFksSDJXO1gumnoxmQsAvHloOMFXFlYVNhTjrV3N/0bp27N19pNA==","mode":420,"size":1576},"History.md":{"checkedAt":1708590272725,"integrity":"sha512-r4nR/i3UQCtlJguTxBoiMgZkaU8omT0jtctZENAD5QTQq8rGvErtHbXMS4xlpFSJjIpFc5ZttCdyB7jz0zb43w==","mode":420,"size":37213},"README.md":{"checkedAt":1708590272725,"integrity":"sha512-2wcaz229dzL6Sm+0cxTNCKFKYQWbPHksIeVe38y5bwE30iiF+9+/k2t4aIUK9FLxIHTARHDEFcXWqKFPSIzVKQ==","mode":420,"size":6478}}}