{"files":{"package.json":{"checkedAt":1708590284755,"integrity":"sha512-La7gsiLidxpYDP8Jkiz7yUZRv/ZaHneRpqlYG6FtUmgNuk2d85RzWKAfLo8YnwdKnc/sxU2lRWlFcK9YPcc/ng==","mode":420,"size":1072},"README.md":{"checkedAt":1708590284755,"integrity":"sha512-2DNpOmjnCbD5DS9q0iuFRwYR4ktTRnd9UynVcZKgtQlWTFYO9w5EwTpf1gmAwsMZQk0O1RAXxBCAU0cBAX6t4A==","mode":420,"size":3486},"LICENSE":{"checkedAt":1708590284756,"integrity":"sha512-2eVpaWWblebySBv3/YmNPMgLvykCK0Eyd2ktxgsreGgVSiqG+nwQUClBHqVSZQArIIjd53QJfovW+qFqQnVEBQ==","mode":420,"size":1088},"index.js":{"checkedAt":1708590284756,"integrity":"sha512-awilyOItFrlzbVFStguqRVDxeQ/G89kPAugta/2/YcvbT66zrHeS04yBLUSkOIKhEb4upTmoMKD8KPtlAiMz7A==","mode":420,"size":1952}}}