{"files":{"LICENSE":{"checkedAt":1708590270648,"integrity":"sha512-aSrm/Li5AEY3SmeUiiJcYa9WYYe6NgSpJAaxTXc/ZkbHeqzF32H9SXg/SNcrSt3UwBF1FNIuHeztLya2Syf+VQ==","mode":420,"size":1181},"index.js":{"checkedAt":1708590270649,"integrity":"sha512-cIMWnTNVeljiBXOsRt0N6OMZkDu6+8NhjXzxmviJQyU6HDT8Iy1YuaC1IiETjc87xnsNQS7pjDBtQF8jaHtgfw==","mode":420,"size":7171},"package.json":{"checkedAt":1708590270650,"integrity":"sha512-4zEtwDPW8rXV+jKsIVfmuo9edAce73l3e4NcpQjffmGbxE8LZ8y33FeVEVyV4ATjRhMgOdaEAoAsbR5WfLtpWA==","mode":420,"size":1325},"HISTORY.md":{"checkedAt":1708590270651,"integrity":"sha512-FkbYa5stb0gS2+sOjI5H+3uRVMq1EXmVFHY1+BcFOIn7vYWXwWJekc7U7gbNzgCUTGglTeWLpOUPDMPBiwxCqw==","mode":420,"size":6048},"README.md":{"checkedAt":1708590270652,"integrity":"sha512-Zn752kGXC8HQwjJSamFq9oJbwiiUt0JV+N4MfFyeTTlzE/OytjyIhI+sc/FOOJNr2PfxrGdctULUiGBmYTqJMA==","mode":420,"size":6553},"SECURITY.md":{"checkedAt":1708590270652,"integrity":"sha512-u2BbGd6X+jaRWj1AhzEuRcp8NRiJoyQQyR09zt/Y0f6QGHUaQvoA0Nytf1Slpb5HVwyND1zZ+/nyi3yC8MekfQ==","mode":420,"size":1188},"index.d.ts":{"checkedAt":1708590270653,"integrity":"sha512-zM2N5SakoJf32TIK8u9+B3LkKYBZA+MZoGjO/kw9Y2o8NVaf1JpaeR76wNvXpPNO2Feah1ZZk6r2/u0mkXa/PQ==","mode":420,"size":2286}}}