{"files":{"LICENSE":{"checkedAt":1708590272130,"integrity":"sha512-KYRMN3MVTuiy5XkFDHd5PnQmHaQnt3z16nsBDePxZ9YNmq7IFlslpBBlR3UI+zvlbEemzowOYeKil9a0ZkOYxQ==","mode":420,"size":1106},"README.md":{"checkedAt":1708590272131,"integrity":"sha512-A9qoio0A/SqnE+VpYFVPCmK9uQUIUGCp+KPJo5GpYVC+MDokz/LH73hqK9z4wlHYFdP0BYfdHm/IVm3OmXW4/w==","mode":420,"size":335},"lib/index.js":{"checkedAt":1708590272132,"integrity":"sha512-YCWzIkjtSIDeGOr6ryodCrTqshgMUC2bvoED49GyeNV4B9PRA+JDtQmpE9nlSwrs7ICzOipap/9imtX632Sxgg==","mode":420,"size":7861},"lib/index.js.map":{"checkedAt":1708590272133,"integrity":"sha512-pceWT44+Konz9xQsMN9/677izxC/99uhB3AUzfMEaC4lcqxrMQO0NKd4HCL6KRZ0MBBaMEmIWPddrmuyazfkkQ==","mode":420,"size":21643},"package.json":{"checkedAt":1708590272134,"integrity":"sha512-V1agKI9AbR5rBn7QEN8sNK3a0y+4j0pyHhD3xG6gptKmc/ducCGuxDwNUgCajK6+sUmkSX/js6+OqcXjM9zrMA==","mode":420,"size":698}}}