{"files":{"package.json":{"checkedAt":1708590268676,"integrity":"sha512-sAszC5yiJzViAA/noAxrS0BSg4uQ+NPNpNg1mIkTRM1ssOK9zEnGEUN6tPtZBXFHKGrgrNXYQq0UCGtAC11nYg==","mode":420,"size":664},"index.js":{"checkedAt":1708590268677,"integrity":"sha512-t7eB5Tzt+0ImPCjgMR/gc1wmsVP/pP9HxKH9m1a6DMhW7GkNhF3hdKc7DX5wg3P1gFbPhh5hM9Rr0dHpT9yGFw==","mode":420,"size":1408},"History.md":{"checkedAt":1708590268678,"integrity":"sha512-kpklgEzR1jrVDxwItpYj9D3P71lL6OPvPtWSJJthTEDpKfQBI1gH6EmdKsDUIwCpBwvN+lhzyP3GMVvdfHx4fw==","mode":420,"size":390},"Readme.md":{"checkedAt":1708590268679,"integrity":"sha512-Inq3EWyDfQGVdXdyp/hN3uIuJiRaKG4zbPPPqoG+ULZ96iKKXHU7m/0iwhZtv2K8GIjff8YpgbioA7TuPOYxDA==","mode":420,"size":930}}}