{"files":{"package.json":{"checkedAt":1708590268685,"integrity":"sha512-b7k+DA58DP1ALgfHRABCeVht151WJ1ikmC9PMLcTdYk/DhpYUCCifkEjceWOd1TyJaxJhaxmgmu0u/hHMHLwFw==","mode":420,"size":341},".npmignore":{"checkedAt":1708590268686,"integrity":"sha512-TYzd5bglAAgLBpoLeHu4xRz8s0UisQSeNiMxt/BMNoBQg8T89PKdQPr/YF29wOz9wEdLYm1ZfVsxqbnShfGRmg==","mode":420,"size":584},"README.md":{"checkedAt":1708590268687,"integrity":"sha512-9JkPdiD4pmzMG2oWqQJg+VDM4DIlKMxpH5waaZ5WK068rBCdEXMr4K6YRFL1M9EhG+qq5O7FvZU3TC82w7nanQ==","mode":420,"size":39},"LICENSE":{"checkedAt":1708590267147,"integrity":"sha512-UMHacIyP0mdeqn3RwddNQmJM+tRnkJ36atiCfecziXFoderaQYtNoFYpZyiyjcCVnPdjkihNzO1GiFfR8hhqmQ==","mode":420,"size":1099},"index.js":{"checkedAt":1708590268688,"integrity":"sha512-PDyjlHuIQ7MIZOqeHdAjpFyq8Vmm7dKC0cnZxB6XYT1+cA52NyUj/+63e2PBJh4ftbpAyVsNcduS0xSnFcgoXQ==","mode":420,"size":294}}}