{"files":{"package.json":{"checkedAt":1708590284303,"integrity":"sha512-u+/maK6BLFJtgDfrSabwLSLe0cucIFgW09wuZqzJZS4v3bHQteH6yCmNaGCkkYNF8QcM7yzZxVkCpv5uWFsPMA==","mode":420,"size":1113},"LICENSE":{"checkedAt":1708590284304,"integrity":"sha512-bmSK7F+LsLWMzFqwxX86ImwTm2Rm4rZXEnsRKmUm97Q+etHwJjZ/wPAT71KPoYS7zDzTI+/tyFFgYqhgpxLUpQ==","mode":420,"size":1087},"index.js":{"checkedAt":1708590284304,"integrity":"sha512-yhtDZM0YY4Yc4ZahIfPzIZhSuwZbGXF3WwMEUdsLcfuO2yVKt4C2NEO48DGvquh3iLXBPRl0IwHbimNhfFkoEg==","mode":420,"size":1948}}}