{"files":{"package.json":{"checkedAt":1708590265400,"integrity":"sha512-37iTqCuSoQCbr8uY8HCrcAJPcrtKFEJaBlaYDD6fZFKDY3pjz0xR1tF8R2+uinTr05ZWSa+LJZPb3aXi1Qa7kA==","mode":420,"size":1511},"CHANGELOG.md":{"checkedAt":1708590265401,"integrity":"sha512-McAUPDUuNOLNdbvD4jPIYvE5zRy/ktLkDvMSZy5WGnxsXkIVMtijaUFN6cnPfus/bdfrAXXnrll/F8oK2yi7pg==","mode":420,"size":40028},"decode.js":{"checkedAt":1708590265402,"integrity":"sha512-was9gBN6sd+nOGtr0XIEkNNsO63CRBbyjF/GvFlvan6yLgqPRHX16mKv2D4690m1gwh2vR4h7Dx5QaPP5uLqQQ==","mode":420,"size":767},"index.js":{"checkedAt":1708590265403,"integrity":"sha512-RXL0bGpRhGqIgv9FZ4AneJDhu45H8APjVTTUhRlEHaFkooaz1PNor74q2OB/jmq/XunG3qwZB1jaAHNZ1O9niA==","mode":420,"size":276},"LICENSE":{"checkedAt":1708590265405,"integrity":"sha512-v6fgWAjUpU5jjk4IrCGqmSZ4tlsGD4zCNlrN2MkIVNKwPHv03C4sksr1o/peLLtMB/p7oZmaw1HNzzYwySbUkA==","mode":420,"size":1121},"README.md":{"checkedAt":1708590265406,"integrity":"sha512-+JG2yVYNAUtaG6Wx0I7aZATWOwtzZ3C/B4+Bd/d9+QZSIs4rvtyPoTRKmraM73VgCzZy5iNAht85odwhuAkCkw==","mode":420,"size":14734},"sign.js":{"checkedAt":1708590265424,"integrity":"sha512-4G5q+ycgNL6xx9Raq/0Ept3ZYb3ZaYMt675Uf2DqBd9Gr05ZdnO5Vya3X+gxqyjZl+ETJ1/Sv5paghyQ2xf+5w==","mode":420,"size":6823},"verify.js":{"checkedAt":1708590265425,"integrity":"sha512-/Fw59QGFI9eoR9gIjoeOW1VSkfD79kBSKDOPyg8dglMb6LhYGbLxZYitL9z76k2PejRZWXPvYoOX5e1owacPiQ==","mode":420,"size":6939},"lib/JsonWebTokenError.js":{"checkedAt":1708590265429,"integrity":"sha512-t9+0yx/tid7P5VYc3XyrLVfiL/lImwI8xLJTakZCsmXEZ+erEcjrbxApcH4w9BK8WP+ltlN9zd1AJA8VjW4qxg==","mode":420,"size":428},"lib/NotBeforeError.js":{"checkedAt":1708590265430,"integrity":"sha512-clUajVqRlAh83ypNd9W2XSVkHtsHyaIBX2owDZwylMEiCDJOtv++RyAQT8u3wyy59749tNuD5LPtZX3lQKbevg==","mode":420,"size":362},"lib/psSupported.js":{"checkedAt":1708590265440,"integrity":"sha512-0QKJH3ahIWvsTGromewH/3V58Uc48a5vLGLXn/s81ZDGqZwzSTTtPakh+fRg/OcmKbU/cGBdiQ32GiRxo6B34A==","mode":420,"size":107},"lib/timespan.js":{"checkedAt":1708590265441,"integrity":"sha512-DogHLFLiifaDzwaK/6nSzuAIyYjKAFgiR88rnD+DjTQhAE/HGBgfu8VlQKOMwrRvvlfpZz8GnlunqvDMqXzaGw==","mode":420,"size":412},"lib/TokenExpiredError.js":{"checkedAt":1708590265442,"integrity":"sha512-cCFJ7W2zoRn03r2YoiaVed+DJWSukQnOw+CgdUiUtQLcENMDtLusqcpCk0Xn9HKm1bJtYzzGyswS0ApByxE+Wg==","mode":420,"size":395}}}