{"files":{"LICENSE":{"checkedAt":1708590274639,"integrity":"sha512-CwBouL62hk27aXHZ/hZdLV/UILzW17u9j0JYnrmBv5XYVN8tFsIdN46m1I9WI0XS9m3g/RcTTf+oSV60lubf8A==","mode":420,"size":1096},"index.js":{"checkedAt":1708590274640,"integrity":"sha512-8JOmbvXw55CFGVVxQho+vHaBu+Qa3XQvtafvvWYPw/bM1ubIqVxDNKkSMrbgpFrruEU573/vBfohxj420nVxdQ==","mode":420,"size":4992},"package.json":{"checkedAt":1708590274643,"integrity":"sha512-whl+/kltt5K7785NaLuvYyBKUyZ+ija/R2UhcYxeZ+QYFl3sFvJgxSGxjEtUplhi/pShojhcGMGRVl+n2pANuA==","mode":420,"size":1092},"README.md":{"checkedAt":1708590274644,"integrity":"sha512-3FOOTlQSNBacyQhNwegbSqsXw6PnPLx3jpcGGyhoqlXw50LU0hCX631OcANI5+RLoaUsgzN+2fKatBJX6TXTXA==","mode":420,"size":4252},".github/FUNDING.yml":{"checkedAt":1708590274645,"integrity":"sha512-orCdO5CFgnVEgKfJmD83bpGuVPPd24ETYuMGQIbLnjM+m3OKZRm5t7MRcV865js6da9E8uegG12SWnwNiS3lEA==","mode":420,"size":54}}}