{"files":{"package.json":{"checkedAt":1708590274166,"integrity":"sha512-fYLPY0Osd1p7UySdeK3/s5iL2aaL2CYy4WeOLE2Km8TNvKlDCgEI8F8TAP06jFYna6E1AKjY/+P1dqktYYpdQA==","mode":436,"size":2216},"changelog.md":{"checkedAt":1708590274166,"integrity":"sha512-VJaZX4APCjQqDV3KMA7E/r/P5dM+krkXwCC9/9QzQHbvMdDhsReF7N0kuZItrqxexHP6BACM7+ySWQ1jdoLslQ==","mode":436,"size":87},"LICENSE":{"checkedAt":1708590274167,"integrity":"sha512-7lTk/3eUsMSlGs2rOK2oWzbA9gNWhENJ5fj87Uq1D/DQo7cZhaEHGVAjACrTwY5t6dVAIs+/BlhfMnlyiUFf9A==","mode":436,"size":1086},"README.md":{"checkedAt":1708590274168,"integrity":"sha512-fADurqsq3mdwDYoRLIp5rT1+Vim2RXeV4BYoN0CtOSmNo95HLP7E6ok7/KjakYvT2CHEBOmaXPAktQd3lrSpPQ==","mode":436,"size":3058},"js/browser/bluebird.core.js":{"checkedAt":1708590274168,"integrity":"sha512-BQXiLrraeEpPQo0xENXQYu8szej/X7SNIMYAQWLuSJGmKnqS+JYPyqu4krj6qygdm7ex5T6sPcdAeTHGlSLdcw==","mode":436,"size":123379},"js/browser/bluebird.core.min.js":{"checkedAt":1708590274169,"integrity":"sha512-Hty3PYsf2BZ7RZwixixYB5mWnQ+UFLst2LROrV5x2RGTUElVy31yBrdFtrMBRDY7EoRWy4jXTEhn6Sqw4DQOIg==","mode":436,"size":57355},"js/browser/bluebird.js":{"checkedAt":1708590274170,"integrity":"sha512-bpuMOQXgmfJBm+zqzzuIxFInZEe4m1VaZNXBIdmP5pDhGczX3WqvYIl02whJR5UAy+H0x7tOPYRZy9lHrmmSFg==","mode":436,"size":183390},"js/browser/bluebird.min.js":{"checkedAt":1708590274171,"integrity":"sha512-TFp7JOp8so/oHJrngLI0kn9diZrc0YDr1NrGj1YbzbvSBdGfligjYVRp1xtqlmNCPWpx4xJDhiWSGgUYvqCbBg==","mode":436,"size":81530},"js/release/any.js":{"checkedAt":1708590274172,"integrity":"sha512-MhX1jdggwPaDR89aYQeDH2IvkHE72+A7AB0IeDQ+Nn7ee6LQXx8UtL41F/2DGflLkFo5eHH01JUpkUZozVcRkw==","mode":436,"size":421},"js/release/assert.js":{"checkedAt":1708590274173,"integrity":"sha512-m9dFQJzPpQ56OpH6XUjOZbsHRKJ299eRrqs289LO0RSrTwjFBMIGeHIosy4F1adnVx2cwBXl44neAAGkY7DFIQ==","mode":436,"size":1653},"js/release/async.js":{"checkedAt":1708590274174,"integrity":"sha512-6JLmbZUIb8UiRPNyYxKNUfaOCLD/9ZvHnooYiseeTOxnKnQ2Z1ssCNVh/d1XvAUsgCUVySML+ZwVFrc4q0KiLA==","mode":436,"size":2876},"js/release/bind.js":{"checkedAt":1708590274175,"integrity":"sha512-bxF8rCy3lnx/MyZxknEn4XgQOvbct0rTt0Xlnk0HEBzdB9T8D+36Chg+QLg7MWNpLYuaH7Avk1xB0AAvNgMULA==","mode":436,"size":1970},"js/release/bluebird.js":{"checkedAt":1708590274176,"integrity":"sha512-laBo+LDux7WKKT3fKqVayZ/ZFG4gczFUs7TId/7snuBVTnm/K5CO9XeAeWGLtfvzLIp+t+T1nSu/kqsv4e9Row==","mode":436,"size":291},"js/release/call_get.js":{"checkedAt":1708590274177,"integrity":"sha512-mhrZMn7CXDPRkQvDk/IOkTnLC1SpfK6tO8MnBduB9lWsL0Cd4VbMnYV3bZvtWyDV2Bt+fL6Qvn8HSRC/tipDkQ==","mode":436,"size":4355},"js/release/cancel.js":{"checkedAt":1708590274178,"integrity":"sha512-cS9bsdzHp3cpYSfWC+QG5xQdc8exrF32ib/SHjcgC1NHqOqo0MQ5uIqNfoxQJzoRN28xhsHu5Pe3HX12JcSwvw==","mode":436,"size":3707},"js/release/catch_filter.js":{"checkedAt":1708590274178,"integrity":"sha512-cA8qXObciYZ/TWgx6ydcTqXKzjCk42g3sm7MZwXA6rm4PPvMVrzgaDNX6yEwkr97gVpsCfqe4EXZWkZrk31a8g==","mode":436,"size":1426},"js/release/context.js":{"checkedAt":1708590274179,"integrity":"sha512-hgOzaWdApehpffkEahmthZkUjLgyRXxlKkL/1t2czWu43yd+YFkF1+swk9CSMiB0tiCZW2ft2YsGcKXr7PwGwg==","mode":436,"size":2382},"js/release/debuggability.js":{"checkedAt":1708590274180,"integrity":"sha512-OqLY3X3TItJopqs6NX0NJHfqq5Tr0G22PXTAXRE01DrrrVQf71SSOy9zFx0ENeY13HSW7Ypq7wqCss6+LXmqjQ==","mode":436,"size":32170},"js/release/direct_resolve.js":{"checkedAt":1708590274181,"integrity":"sha512-MFdpROwGxssgw64YILEdwZzXZDZvUpCFYN0szlEuflC29k/i7xOYAw9KUSRH01WUHPy9pcp6UACGAsBwF8IVZA==","mode":436,"size":1395},"js/release/each.js":{"checkedAt":1708590274182,"integrity":"sha512-8yOje0OMTV9i47on/sYnF44z9MUxvlkbSi8xR0AiB1kLP7ex26/0fnAmUHTg7cuARIpJ2kU/AMWygY1S6gAm5g==","mode":436,"size":789},"js/release/errors.js":{"checkedAt":1708590274183,"integrity":"sha512-uwYngmLfjGSrTIicVGRkIu+HdgajpwXaMX/uY84i9Nt2LKN9RZ6sEImNLQObi9Yb2C/kQV5QjVmhEeZk9hj6tg==","mode":436,"size":3717},"js/release/es5.js":{"checkedAt":1708590274184,"integrity":"sha512-N6Ozz7lbVl1RSQ2AKgRYqUa++V2PK6QudaF40Q8dTI+wU4nmwQwOk3NYkO9W39Nxr4PAvV8PvnZ8eXHo/XdGNw==","mode":436,"size":1978},"js/release/filter.js":{"checkedAt":1708590274185,"integrity":"sha512-JtZlOq8qKNas7JbpBPMoQKUfqQKic/MSUGOUzzZff0u+27LqNxWpcUC6StwyUf2X5om00GX7BO+44WohjhNjzg==","mode":436,"size":314},"js/release/finally.js":{"checkedAt":1708590274186,"integrity":"sha512-WDnAJqIYCDC+CZYX30gEk56EZo8PgMdgjr4HIPugB4MpodLqsTTC/gCOIUmLJczRjvREkYq5Eya87NIOspEH5w==","mode":436,"size":4613},"js/release/generators.js":{"checkedAt":1708590274187,"integrity":"sha512-Ue5QhktqIvXMetz6aX09mco6ktKuRWFx2PShLR85OVXN8cSqWPNLwT9E31uLNzvcdcanbu5D14vHtDb3HH4WeQ==","mode":436,"size":7761},"js/release/join.js":{"checkedAt":1708590274188,"integrity":"sha512-gziH/NknRr/QSNCtQ/E58YfRBNjUC/Qj9MGTi9I+yezkL3gVTdFPr9fv/jljcWGLlFqAAD63FUzg1kkaDyDWQw==","mode":436,"size":8136},"js/release/map.js":{"checkedAt":1708590274189,"integrity":"sha512-aEfws2V5sTZ1iJYp+uJSBPFevV0YBn9r8dAtu1eqM9V1B3i3NjpZNZhSmcstOr29RDwU3sT5pyNhQTAQ0AQPPA==","mode":436,"size":5602},"js/release/method.js":{"checkedAt":1708590274190,"integrity":"sha512-t6c2+3rp+ZogfrNJH6fzs7P+7TPWsAe5kCpTetSJ/VeHu5xFF0VdLTTj/xm7BifkHubfHfeEEy9VulFuI8fiyg==","mode":436,"size":1768},"js/release/nodeback.js":{"checkedAt":1708590274191,"integrity":"sha512-xSVCKbkPgbJ9fZ8drD4XGaQZU1cITshmM19PkZZB7Voshi5bmmyfGw3RrQ1n1gc4eRanwTg2iAN4Wiqi70GTBA==","mode":436,"size":1560},"js/release/nodeify.js":{"checkedAt":1708590274191,"integrity":"sha512-hLAukUHkZ1S2cOPuUE8+Ohbn+kfdVa2ihQyS7NKNMzNjvPgwb+nqqfPelvA++HxbmfaB/UGKFAAaXOoDlY2R7A==","mode":436,"size":1647},"js/release/promise_array.js":{"checkedAt":1708590274192,"integrity":"sha512-HmjbQ7yI9q6O35pG5PdsjtBEY+Wd+OuSlP842x6g3aFsU5r66imI78JXagkg6ugDfujB7bJ1PnfdrFAipka+zg==","mode":436,"size":5252},"js/release/promise.js":{"checkedAt":1708590274193,"integrity":"sha512-QPIUxdchkkMLbvrcYDUrEbzCwqFnwXI9epNwsL1l6gN0Ic1lEYv491NjB5q82D4GZDvjkKViaRHvpNw7HxtBXg==","mode":436,"size":26986},"js/release/promisify.js":{"checkedAt":1708590274194,"integrity":"sha512-ZPvJ4AiaCBl8T5hgz+Q+1utzpLYprpkWOjUIgEm0jbS55APwFMn82x2B+pO629fGuGYqqNw+XDG/WJSMb7MFnw==","mode":436,"size":12182},"js/release/props.js":{"checkedAt":1708590274195,"integrity":"sha512-HGDabMbBceLNXpRYhTRGlSRSMDMi6/ed7JIW2oTBDf2HJ4wnX2ohw/7Um63oHzPAH6cNWgjtHzoWrBHuhCzifg==","mode":436,"size":3117},"js/release/queue.js":{"checkedAt":1708590274196,"integrity":"sha512-oNQeF/+EpIc9e8dfS/FXnAGWCoIcnrtbr8AhNr7HHbPpgCIeHAHS2NARMgFG+CKLw2NaRFpXiSvA/VJIVNYaHw==","mode":436,"size":1873},"js/release/race.js":{"checkedAt":1708590274197,"integrity":"sha512-8robgKdM+htdczHNvM1PH9F0SyR26+YhfYiPtokrjjzWZltux2jTHrFXm3QqDUXu5hhptWhPS7xuLL76FvNRnQ==","mode":436,"size":1250},"js/release/reduce.js":{"checkedAt":1708590274198,"integrity":"sha512-RQbDizMhsa0h8wdkmtDpAav8VM0uHsHoTpBx2iD8QByebntQJ6vAmAHZtCPo05sM92iTEyL1/2mj99OPeqVtqQ==","mode":436,"size":5372},"js/release/schedule.js":{"checkedAt":1708590274199,"integrity":"sha512-bRIvRyVO12s8YW4Wc5+5wjufoGSzYPgJ/MZZI9xPHMYMUNUaMZWhEfnce27vlaL4RuvbsqYxc039siVvEzyjXQ==","mode":436,"size":2148},"js/release/settle.js":{"checkedAt":1708590274200,"integrity":"sha512-zYqXlcUl0oM2m5nnzMjswooRSZRcuH+HlqNkErNpY43SwTW9k4o8kW5sLBbMRjjihBbUhQ+8BOgQBtvLjfLnIg==","mode":436,"size":1366},"js/release/some.js":{"checkedAt":1708590274201,"integrity":"sha512-avJwyD5HEUuFn6RTw0XQtkkv55DutL+Tbxv/dv9Ts4e8ff47w+fh8a6onzkYtmugTtZ8Z3nIWUfTMnRYJ5J84w==","mode":436,"size":3959},"js/release/synchronous_inspection.js":{"checkedAt":1708590274202,"integrity":"sha512-Q01t+3hJNxqOwU/IkvE3WT52o2fKiQhIKpmbW8+Yn6rz3NhlFXUaF0o9JVP5wobOg8+cHdLUiarSWizmjlaHXg==","mode":436,"size":2813},"js/release/thenables.js":{"checkedAt":1708590274203,"integrity":"sha512-Lq89j3fKoHftHs4pVRaBz3W9UVILIEp3RLs+2vnqWsix9imZA7xOTf5zsyyehnXn4UOHt/7kI/ZJlrTYSRXz6A==","mode":436,"size":2131},"js/release/timers.js":{"checkedAt":1708590274204,"integrity":"sha512-lfzM6bw6wD8O2g56yWXEt9eFy2H8a4+z2cGzTPJIVTRu3Pmu5rkkSj0Q3+fpc76pEzKEl4JneUlUPxsKWga3WQ==","mode":436,"size":2395},"js/release/using.js":{"checkedAt":1708590274205,"integrity":"sha512-i2/twwojAwDHDNGY8fHqbd4KUDMe39gJx3EjPEEX4rbC+556qQ/bhDZNIQTBsz8SgnO3VYUAKoyQwEhklBGoQQ==","mode":436,"size":7525},"js/release/util.js":{"checkedAt":1708590274206,"integrity":"sha512-/Og3Y51d14oswfTYtGZNioslyR4Q7EFd94/NNBMyd57EebRF45pWoiAjRwI2XvZYxKPA2HKoWkTJKfHZZgCy+A==","mode":436,"size":11379}}}