{"files":{"LICENSE":{"checkedAt":1708590277009,"integrity":"sha512-ZVsWlhfM3sJcLFeamuhLJmXiQdo498YpI2ZkWn9rjVWuXyjMn4nG6f+/oE2DFBRTk00hUINe7BN+UYwL96+8Rw==","mode":420,"size":1064},"one_ini.js":{"checkedAt":1708590277009,"integrity":"sha512-5JScSr7V1jJC4Fee+Y88nPcpKykwlkSrh8cr2CQD4Czub+ntcWCHiTAA7XiiAL7MORj2xlC1jgOktsqc9IpotA==","mode":420,"size":9017},"package.json":{"checkedAt":1708590277010,"integrity":"sha512-Q4flyTZRn59xWzOyPCHu99VKP+Q+UTuUUSr0D8kSBoMWYzXkBVsVPx4DAO9DEguZ+nilbe7treYLUDeYS8H66g==","mode":420,"size":599},"README.md":{"checkedAt":1708590277011,"integrity":"sha512-8woYfCeRd1Jf0XanL8VI5ib31+6EGkZG0iMlrQV5toJ+lccB9++btxGyM+dJ8sXGVfb+IoXAuHj5hgM3HyqMqg==","mode":420,"size":2049},"one_ini.d.ts":{"checkedAt":1708590277012,"integrity":"sha512-7n81OgAiYS+/9Fax9//lGfrnq08H1fwheIoM5RlY7wUgSlkc+DNgdwWPolRLQvX0+91lI2pUI6gmhtSoZKGt+Q==","mode":420,"size":442},"one_ini_bg.wasm":{"checkedAt":1708590277013,"integrity":"sha512-jlwHaOMyuTl6nnyyx/dKqCBep3zSeCMUsoKjKNpHq2VC4u5EnMdHfd/Tb33PF47C7XaWRtSbo44YKZS0j2yuFQ==","mode":420,"size":84807}}}