{"files":{"package.json":{"checkedAt":1708590265147,"integrity":"sha512-9dEyu1ilr4CzzqKgHQqGQQA4tkihK5hs8dnHwtazPllUvv8NHwVWUzYXmIYY/4KjHAQTocbz6J2C23ixr5fRGw==","mode":420,"size":527},".npmignore":{"checkedAt":1708590265148,"integrity":"sha512-IrO0D4V5yC9y16oNseFPvvoZ3C4sWOgfqDWeZdX6oJtKWUBcfYEhU1FspZ9Tv1digl26vKDUCyQlzAGOBaWxkA==","mode":420,"size":22},"README.md":{"checkedAt":1708590265149,"integrity":"sha512-b/2XOd6jLr7j4R/8IdMJZ4t87YeeUGEHVEQCGoBkV/i2yBDf6U9ZUnTniJnhbIzgprQnkVbT+Gr0NgyYZSib0g==","mode":420,"size":1623},"LICENSE":{"checkedAt":1708590265160,"integrity":"sha512-3mlFVEEw+O3949396GLQjP/ENirzsLMC0aUiZsB/cam1I4MwCup4IAHwHmdpJI9JJG3zw2GOnxESTXai1bOq1A==","mode":420,"size":1543},"example.js":{"checkedAt":1708590265177,"integrity":"sha512-KXYdybIAfqqB/TvNiPqe2NFXJ/LPqpxFj84XTzcRfGEBsnp+s7cAzfJJP3p1QOtujX01HatcBiuIGAVO/5kIkw==","mode":420,"size":107},"index.js":{"checkedAt":1708590265179,"integrity":"sha512-9uCC8nhFxSCA4hx7/zi/Tv0lCpbTYADKSoKExDcVmJoGcXyB9BNx5dCmGsb+uQbNgnx/o3pkZOkVToUeBfypRw==","mode":420,"size":41819},"example.html":{"checkedAt":1708590265180,"integrity":"sha512-6sseyBTLLq9w48wK9lGWAGrX72/HQSW9rdFLwl2pu4zuifLzCFWl8gGWQPhH0p9QBNsJr4AfVulC6sLa7VLA8Q==","mode":420,"size":200}}}