{"files":{"package.json":{"checkedAt":1708590286808,"integrity":"sha512-WwAQtBME4hKiLSyJ7/Zc5BCwAMccSrjH/bqPVJugYp/ifzfBQgWLBB+4ibxz4AlZrVj2c4Zu59KXJGh9o8PzIA==","mode":420,"size":1138},".npmignore":{"checkedAt":1708590286808,"integrity":"sha512-/X9tNlgLn52UJH+07DmMe/53FTmdEaHW+h78UelUBe6PXmVZxYYbDQMqtCXw3iTH6Eu0wDWU5xX6Ic1HRhpptA==","mode":420,"size":72},"README.md":{"checkedAt":1708590286809,"integrity":"sha512-O4DqipEuxN3xoeL8Pz69j0vG9ZH5snMmlMtWJ8VJ15EcGm64KraKwCXhPgkLPjm4tK5mqRWfRWlrY0POdiE/VA==","mode":420,"size":17918},"LICENSE":{"checkedAt":1708590286809,"integrity":"sha512-R7YS706T8a9iiR4pXp+6wF4Czxcm9Ww2+tUxQ3bijLyvfINVUnvAvaVMJsvgl7yMpctPeaqeOrbx2HXcpB1KrA==","mode":420,"size":1107},"karma.conf.js":{"checkedAt":1708590286810,"integrity":"sha512-rWUTLtb2dfbzGP76NvTmwj8/9NxH0CV19tW+97BioukK6hpD3VMnwlZb49g0yWn/KuPv2yrdSpWIgqbwVvZZ6g==","mode":420,"size":1736},"node.js":{"checkedAt":1708590286810,"integrity":"sha512-YTZ+wq/5NJ4gOilf4bwo+t3G2AtVZmD1bqSdZiXWIoIS/oLXOYEUUJo7jZrUAmQp8Ou4SVecdIGSj0fzfIYy1Q==","mode":420,"size":40},".eslintrc":{"checkedAt":1708590286811,"integrity":"sha512-QjlJazEHG3meMNzBigXm6VJ5eZQYqX3VcUGk0PB+4N2wV+CcsTwwxAAgJHS2HnEXVJWzzEEXR63gl9EvTuh90A==","mode":420,"size":180},"Makefile":{"checkedAt":1708590286812,"integrity":"sha512-74dbdEMDFptWAM5cQqB5Gji/kzmD9QEbouqVYKxUSeb+nUrnBu/JcLQAlrlTOkJf/FMmU1Pq0la+RGBnkGiL8Q==","mode":420,"size":1059},".coveralls.yml":{"checkedAt":1708590286812,"integrity":"sha512-vT8jpNRKXfMq42J31VvzM11OiilUsq4tsxZ5lgWLjG0edMLdndLJNLwdcMFcAm/AdaU9R+e4VnUAR/uG9rIvWA==","mode":420,"size":46},"component.json":{"checkedAt":1708590286813,"integrity":"sha512-u40eDkyZqC0y+0DaqaeeKr86P0lbPcmvqIMCERCzyp65PgUtcemNZJRyLflH7CgNZvS8o2uwrpdfBdcQ6MR0FQ==","mode":420,"size":321},".travis.yml":{"checkedAt":1708590286814,"integrity":"sha512-n+4cDfjCCY1Bi6CBbkfu/kYGPl3GLVubmy3JUZaGJ/TltTt8J/QvtsjKrArxDjvUwyUmkTw7Rn5gWSN2Aad94A==","mode":420,"size":140},"CHANGELOG.md":{"checkedAt":1708590286815,"integrity":"sha512-y5g2r5DGPe6vXC3VCFaFsyE7NXkzfWn5tE37XGHGv/palAxNnpuLuN9KhFwPcAgHf6NVmLJ/5FB5+5If6FKOUA==","mode":420,"size":11707},"src/browser.js":{"checkedAt":1708590286815,"integrity":"sha512-kgrqJQ2Y4p6ABe8Bhd9eNLxCbTIXhd8Hy6us5gvbz8bJLi/wyfImpUkl0sfVlQNe/quryTXH8aTHBOen72QTOQ==","mode":420,"size":4734},"src/debug.js":{"checkedAt":1708590286816,"integrity":"sha512-wtR+/uKkRCvmN11iP0a0x+6VUsEyuSKesoS92YYp7dAmZBZ4BbCvmz+qqbGQbp7QxeODOW1Jlc73BR+aRQ4bmQ==","mode":420,"size":4394},"src/index.js":{"checkedAt":1708590286817,"integrity":"sha512-C1O8mEF4M2rFFmAectR30r7u9pNoANoX06ecFT4ANvdChRfr110pZyn2WFbH4HdJAp9aoZKyrAce/E0+OXUKMg==","mode":420,"size":263},"src/inspector-log.js":{"checkedAt":1708590286818,"integrity":"sha512-T/2J28UZofbC9WobJvGq1EXfjVCW2hRTZF27Z9xYsXrpFDkGNXykr2AFl0DDujT3IzBJZSuAXRr+0/0gbNVaDA==","mode":420,"size":373},"src/node.js":{"checkedAt":1708590286819,"integrity":"sha512-jTFrY3ABJtfIllqIbps1ozLT9+aNKPImTSNcCvrSgGb4d/JYIeGYPd3l8tUFJxbMczOHebQbb00bkK0z3D6fJA==","mode":420,"size":6015}}}