{"files":{"license":{"checkedAt":1708590292813,"integrity":"sha512-0fM2/ycrxrltyaBKfQ748Ck23VlPUUBgNAR47ldf4B1V/HoXTfWBSk+vcshGKwEpmOynu4mOP5o+hyBfuRNa8g==","mode":420,"size":1117},"index.js":{"checkedAt":1708590292813,"integrity":"sha512-fRjKeR90pV/Jugj5h9BKc/7u2YY13dJ0+kFu9ZIY8931VJT0T2wcGJlpagak14bgRuZ/CK6tD9rHABthYZJdsw==","mode":420,"size":5267},"package.json":{"checkedAt":1708590292814,"integrity":"sha512-E4pwFl/eweXrpXLUrh+PmyUKYM1GBN3e5MPJ/LTMVTRKdXKOx7SYWTNdOIRVmronTBr6jUdawb/yAuSvqCGrtA==","mode":420,"size":1022},"readme.md":{"checkedAt":1708590292815,"integrity":"sha512-bWVEDSad+l7KfHf9CjEclNI1fzzovYflTpq+cs76FnKS4Mkwyvu9VzoKgufs/FnFc8V8kWHR46/yAyuhfZcvVQ==","mode":420,"size":4908},"index.d.ts":{"checkedAt":1708590292815,"integrity":"sha512-55upX1Qew6JmrFf5tk3A6ZExuW0uy5wUMT0v4SGkwCXsMmRPsnka6+CO4H6Q08IP/hs9L1F3E3DaBpOHOR6eWw==","mode":420,"size":5198}}}