{"files":{".editorconfig":{"checkedAt":1708590273792,"integrity":"sha512-gD3iQtgC7ZgFS97pyZqR0FPjMNyRAfat8dipbSL28iiJ6B1MP5dDeDYeEnP5sYMTz8whQIk3E5vltk2kcyJJEQ==","mode":420,"size":286},".eslintignore":{"checkedAt":1708590273792,"integrity":"sha512-VLhEcqup3IHXtZJPt07ZYoA9JNRjy1jhU/NU41Yw4E8mEyea/z+6bw5hL3lhCO09pji9E0BH2Q3aDXdc3i9zBg==","mode":420,"size":10},".eslintrc":{"checkedAt":1708590273793,"integrity":"sha512-uIiKHFyBo46Uy2T23h+7Ooah0hEcRt+gPxrylchCRT8hdS4pmMjK3r2DJFzDItk/pgb108juNKsq+yh5HrxLtQ==","mode":420,"size":221},".nycrc":{"checkedAt":1708590273793,"integrity":"sha512-aLxN7EM7vuJGE3vcz8CsQow+RuaR3thZWTHupkykz/8WOXUd8ayX5goRxPe3MCnZ0VVDkuEk8UBkk3NodRfMOg==","mode":420,"size":159},"LICENSE":{"checkedAt":1708590273794,"integrity":"sha512-VAafw6n4N41XvAsR+n+iEdr0zTIENa8hymUUtLGRZtNAEzrKNuwlPdG/4XVTK8bgjhOLpy2sORJp/QqopRK+Yg==","mode":420,"size":1081},"index.js":{"checkedAt":1708590273794,"integrity":"sha512-tcfpJaFHZhkfRxkhgAUqVofPKMoPA79eIkF8X2QqwiGacOg5eT4UyXKwP+ljzstKWx9izRbnJQDXDFmVTn5Tqw==","mode":420,"size":1405},"test/index.js":{"checkedAt":1708590273795,"integrity":"sha512-iV7RduTJdJBRzWQAhoPXJnAQ5bpVxflf2CJiBLALIVOffnBiZmbLt9ywbTxnrvmEqE7YPFINI4XzaUESmVwU6w==","mode":420,"size":3009},"package.json":{"checkedAt":1708590273796,"integrity":"sha512-Ynu7M2DkDzSPOoq4LhiI7EyihlEHhNRfX//jpxFu8xKFrmpSDsyiQR+MIU7Q7zTzRXLdSz2DhkxixNp2WLv02Q==","mode":420,"size":2246},"CHANGELOG.md":{"checkedAt":1708590273797,"integrity":"sha512-b3Cgaa5F/5jPhdoA0ynJiTg0t0Sy0+OWov9kkyNKiEwixcluUsKOwXwNPnSr/QG7aS+5OPtc+d+c/bLE1HetOg==","mode":420,"size":19870},"README.md":{"checkedAt":1708590273799,"integrity":"sha512-purSVT2RnHOcDGWsYkciXKWMHPTtl9kFTFYueJf/k+jiNPvJsgQyfjY+QPM3KyW+twSxbMtjbCnSipIMpAWcqQ==","mode":420,"size":1837}}}