{"files":{"package.json":{"checkedAt":1708590278573,"integrity":"sha512-IUAKiCALOR0hCKIH4HqJDB3wcYd8QnxyjJmqyvpY/gvMgX0EOKvL9r7CZnuhlc3GptksaqRS4jR1G+9EVg396A==","mode":420,"size":732},".npmignore":{"checkedAt":1708590278573,"integrity":"sha512-jWCdZNTj97kubLBHssQWkC9Z9ntxbPwbAw/0p0X3jiy2XKq4+jjTnPKOOZf+NczCTC5rHALeejnoIUZ73ucFYQ==","mode":420,"size":13},"README.md":{"checkedAt":1708590278574,"integrity":"sha512-f/nLq+P3SoCpgLDZ4sl5BdHuXYJxPKO6wreiuLSqmBdXBmfxnH4uNsavAd3PiwaChg67d6EAnQoEPHVVnEiCvw==","mode":420,"size":1773},"LICENSE":{"checkedAt":1708590278575,"integrity":"sha512-BXo3lvPVbhYP6tnak9LFlEzrz22vZw6CDexP++oggKNsUej1H1tt/Y9o8CdgHbK0+LachBAe7/K5Bxdo2ob7cA==","mode":420,"size":1079},"index.js":{"checkedAt":1708590278576,"integrity":"sha512-OkOgtK4hgD1aW1u/fgLhHJvwVO8ZS6UdI+1DFdJ3VyArR6y/exDI7ZAKTcfuHbiC2AcnvdTPmEdCxdkioQjLdA==","mode":420,"size":2303},"test.js":{"checkedAt":1708590278577,"integrity":"sha512-wnwnjwoGl7YRaMJmi2LWTlMlBEM3W1wNFAHyFsbxRnlcCLA1v6aU/Jb5RuIbdWYugwlAo4PFVWer5ekx73GojQ==","mode":420,"size":1976},".travis.yml":{"checkedAt":1708590278577,"integrity":"sha512-VVYFXtt9KcKxaYlz24t+4n1J5d2O5QbbYRyz86uLRAp1STBNEth5xZThoGJKAT1Jav7XY2h0rF+sCJPGCdXK/A==","mode":420,"size":69}}}