{"files":{"package.json":{"checkedAt":1708590295879,"integrity":"sha512-g9WkHfG9S9fYxIZMGt4iXz83yysfpalZiE4JXiwGx5q1NQiD+cB+xUfxStjknEMCXcm8VST00H5V/p9De2uTsQ==","mode":420,"size":942},"index.js":{"checkedAt":1708590295880,"integrity":"sha512-+M6ccZedZKF7V8xu/cLvuEQ8FEcX5WHsg4rGcocp9+L5Gqf9roL9hG1NKdS1zOr6SU90uYg984dnvZZRWfEybA==","mode":420,"size":10689},"LICENSE":{"checkedAt":1708590264403,"integrity":"sha512-P6dI5Z+zrwxSk1MIRPqpYG2ScYNkidLIATQXd50QzBgBh/XmcEd/nsd9NB4O9k6rfc+4dsY5DwJ7xvhpoS0PRg==","mode":420,"size":765},"README.md":{"checkedAt":1708590295881,"integrity":"sha512-EJB18pBZYHStt48El/TGxpzE01b+jXAhBPx8tHXGSis0lGi2uJUyyZ5fIs/xC+19EXFOTe/mSvlm0OBmXWtzww==","mode":420,"size":5447}}}