{"files":{"package.json":{"checkedAt":1708590264250,"integrity":"sha512-pomHIVIdT19tYgf6tbJcyoSXyMPXkDTUMCfdk49lnkUNU+Zb+VwFWoLp9NijqpkgyEjP8km5cYIXws9xIUzpXw==","mode":420,"size":353},"README.md":{"checkedAt":1708590264252,"integrity":"sha512-1lsb5IScj4Rxp+9fFhGb38UpvWITpJ6O5UF68JJU1xjvaQ1pkUI9xPuIn4KhgJtAsAV3e7FERsgoLpysT4HHXQ==","mode":420,"size":1669},"LICENSE":{"checkedAt":1708590264254,"integrity":"sha512-Y/yYmeRmEn4D1ZSE8PUqMeGAbK+bokgp1fsqhm+hYz7XRwF6gfEE12+dqZ5ilkifxeB+aueLs+q4g6gU4YqtKg==","mode":420,"size":3195},"index.js":{"checkedAt":1708590264255,"integrity":"sha512-tUft5VAtQpRaE2J51xheW8Af8WU87h08C8V3byP0wBG6y599D/AjnszlUvyM7S0aRO87e387S2JRJcde5r4lFA==","mode":420,"size":23230},"CONTRIBUTING.md":{"checkedAt":1708590264256,"integrity":"sha512-YHc7yq/t7KD69i1k/y8SdsM441P9chjuh/DcCTk6G/1aOoO2FpZ7ujRyTlXDve3cMpPaCXX32lIuliXvnuhckA==","mode":420,"size":547}}}