{"files":{"package.json":{"checkedAt":1708590286772,"integrity":"sha512-buh94VT8+qH6CLLdLJ/fTYda2qy5TdtK24IeehM5n2Ou4vZd6k15IFXIiHgkVdKB4ug7DF/vqSqoSKlFDtLRVw==","mode":438,"size":847},"index.js":{"checkedAt":1708590286772,"integrity":"sha512-KQc6yqRufW7aYLJuM1S0cs3m5vDRiJAy6X2715VWkM5kZiJS0eRYXVnucIx2ABOPGISoCWzSsc1GLy/pmZ6kyQ==","mode":438,"size":322},"history.md":{"checkedAt":1708590286773,"integrity":"sha512-wGVLxIAe67s/xuu/wFXEVqmHG8ph015dHxqGq5xQBLh0KULz1DZObG6MaVxjlO6M8f4uPSEs6fOLefiOBtC3ow==","mode":438,"size":570},"license":{"checkedAt":1708590286774,"integrity":"sha512-Wz2a8ijV2Bo6S5gIo2cRpD3Y7cXMC0uRuJMKQIQ6f80zR9l5vlgYt1PjAFhPHGyJHYjzMOflhiZTy04U3+E4aQ==","mode":438,"size":696},"readme.md":{"checkedAt":1708590286774,"integrity":"sha512-fPEnt+MJWlfq24oyCiz0sIqNGPZeJxCCsLTogIs2vUVEKbTOS/7wUdPbbi2L8LNyBRVW7xCeciF987uQN9RI0Q==","mode":438,"size":1811}}}