{"files":{"LICENSE":{"checkedAt":1708590292243,"integrity":"sha512-fnVa2NAWEpIOD1sydOJDmzatR35gkGVDR3ssqOaH1NVE9fTGH7V3ovwSi34CyegRHINqsngUiHxV5jMvVmxztQ==","mode":420,"size":1077},"index.js":{"checkedAt":1708590292244,"integrity":"sha512-wFkAu8ir8v2V/FP1ZueFD2Gi3ouWvO1RnVTekgeglSoPomXbRPGIY4xe9IiVI5OIwVKqsbSQotklzbG+VQ39Ig==","mode":420,"size":3537},"package.json":{"checkedAt":1708590292245,"integrity":"sha512-jlWr8pI676rJVDH11cSct2Dx8HRnggt/Mpzu2sG4W4R7QsxNtlA3aFWRKUd4XCUlL2CrX1zapetww7rcF78xOg==","mode":420,"size":1483},"History.md":{"checkedAt":1708590292245,"integrity":"sha512-+xmE0tfd+TH+CQ3/dmaB1j++qBbI66TrrjaJ3gj1McFQ9rcE303KhQrPDSFl0zGcwDq19uGUZ9L5QmOuEJJLDA==","mode":420,"size":5056},"README.md":{"checkedAt":1708590292246,"integrity":"sha512-FDKxNPx3n6qZtdCK79xMLUA4+FRc/pKXxZ0/8l8/6YQaeHDxxjeBwcmqHXVG5dWFsuqsSKiChCLgT/NZaa5k6w==","mode":420,"size":3894}}}