{"files":{"package.json":{"checkedAt":1708590288925,"integrity":"sha512-4HWsbYBSpRjfhRWOLYUYvdD/nAzRa237RLoateqm7QUz4QRVAurA6Jrvel5S0BL0WhEgpq6yAUiuTvGe5TspqQ==","mode":420,"size":787},"CHANGELOG.md":{"checkedAt":1708590288926,"integrity":"sha512-Edjvli2YbDDT5La9S3dtxc1j9FyfltAPpKSn9IAC3QRdEiX6rzRaSwSqdu2WMPqRNo8dDuXQCZ67vS1x3ZtgYg==","mode":420,"size":2440},"LICENSE":{"checkedAt":1708590288927,"integrity":"sha512-P6dI5Z+zrwxSk1MIRPqpYG2ScYNkidLIATQXd50QzBgBh/XmcEd/nsd9NB4O9k6rfc+4dsY5DwJ7xvhpoS0PRg==","mode":420,"size":765},"README.md":{"checkedAt":1708590288928,"integrity":"sha512-U23mOilXA7+JqIui3xB7uHu+cioNxbm7LBDF9OdEksBanJ8FwHlG1dwT4Rc11QfkGP1hS6hLJBgZXcfRdAeDyQ==","mode":420,"size":1258},"which.js":{"checkedAt":1708590288929,"integrity":"sha512-Vj3xWUlFiEZpp53rFHOv/MQEweb5oWik1jH84x4H4fTSNsy7hMgQfu/ZNuWnmknoMX2VIwvzHyqlsIu+gXYweA==","mode":420,"size":3184},"bin/which":{"checkedAt":1708590288930,"integrity":"sha512-Mio/3L3AqyJArNpUer5jbVH38hFCAEkff8ZsQ1PUPTekBS3w0y8p7egMinaNMS766O0oY59VwuWmePMGpFmG+Q==","mode":493,"size":985}}}