{"files":{"LICENSE":{"checkedAt":1708590281280,"integrity":"sha512-HQaIQk9pwOcyKutyDk4o2a87WnotwYuLGYFW43emGm4FvIJFKPyg+OYaw5sTegKAKf+C5SKa1ACjzCLivbaHrQ==","mode":420,"size":1141},"README.md":{"checkedAt":1708590290762,"integrity":"sha512-FdiMU73/aHOYhMlwkLUoSqW7x5Gf+mhNjPYzqilSg6ADg03aLeMt8CgX0S0r16gKfnC07KZvEA2YaGyMk2CAlA==","mode":420,"size":1645},"index.d.ts":{"checkedAt":1708590290763,"integrity":"sha512-S7SBzT8/NHbdwz7u1bsAvsZsJjZCQXa2VMiHR2UGGRBQPeB9g7Z0jhV9GbTMdIntAHBGm9N2N6p5vmaKg4xnGA==","mode":420,"size":969},"package.json":{"checkedAt":1708590290764,"integrity":"sha512-2KXvm/T36IeSA4xY9kiDBE75K3h2G+hFHctkp04eN7skByJ/TJP8zyS9nuM5JdhzIPzzoYMZwbiVBmZYlOvPDg==","mode":420,"size":849}}}