{"files":{"package.json":{"checkedAt":1708590262017,"integrity":"sha512-/a9Ff59d8seR8OzT32c2uYfJzoOJI1/8CXVjOc1XzUwjqnWg1RcNOZsXr4Ub8CGAL4nUtt7VqsErXyk7x/hUzg==","mode":420,"size":2084},"CHANGELOG.md":{"checkedAt":1708590262018,"integrity":"sha512-u0UGGQMBmv1eQGS9BRB7ftAcHKZNOIfMKiRiTNhSx6O+JQdVfi/Q3qAmWDuNFfZutu55aRN3M2dNG7qefuU15w==","mode":420,"size":68418},"index.js":{"checkedAt":1708590262019,"integrity":"sha512-QrYxpABExmyZqXymklx2QBJxErnSImD2Q3QcY+hfrNZXJGfa0zDEw9g+W8+d/acNvtm2Tyf8C4NVSIeSBSP5ow==","mode":493,"size":3974},"LICENSE":{"checkedAt":1708590262020,"integrity":"sha512-1S6tAynpIj3OPVT4PJ6MqreXQ1XCSOLoWhqKoxmK9AJQd2HCK60xMHrjvaBlKO0LNIfprJ9qbDxBPgmlrKyRXQ==","mode":420,"size":9140},"README.md":{"checkedAt":1708590262021,"integrity":"sha512-+a9AEp/e7QqSQrX8a7RsUivo1ouLWjIFMQuJV7xuKvyPDZACif4TT+4DzkbcAhMeBstyKU+mKNkwR3Sn1B+t9w==","mode":420,"size":44615},"request.js":{"checkedAt":1708590262022,"integrity":"sha512-QfD85WsI1dQTwU3Otn9H0gtiD/A4RiZEwH8mIkLV2xLeIIcRgxuWjLqz5AaABugZRTqop4lWoZ5ClRuBqeI2cQ==","mode":420,"size":44512},"lib/auth.js":{"checkedAt":1708590262023,"integrity":"sha512-zmb9QzWOuYxtfxwpAwL/uMlWWtmE+2k41EGFO/evA4udkAKVX+G9c8msJumIBGBry9JAra7x+taqw7C3OqnprA==","mode":420,"size":4774},"lib/cookies.js":{"checkedAt":1708590262024,"integrity":"sha512-wPYBdZUa61zP424AD6jGl2+uNYr9XVpBFNWw3NOxYTNHo+nKEFwfqjKgGcohep0jYm1szwIamJp1p841e6gmwQ==","mode":420,"size":974},"lib/getProxyFromURI.js":{"checkedAt":1708590262025,"integrity":"sha512-qV0r42sj3bBZk6h++1W1p1k+k1Og9wIafHGN5JsVJNz0LKiGpRMBPNX2mI8H1owGaGQk4lWPMOx0iWWtMl6Jxg==","mode":420,"size":2241},"lib/har.js":{"checkedAt":1708590262027,"integrity":"sha512-FJ/QL8V54Ac/tBUI+/gE7gdo5Fc5VmKx1KxnG53AqYCVHqb1dsscUFFd/ovOOxY31Gw+6ncr1dhJureZ0LcZlQ==","mode":420,"size":4806},"lib/hawk.js":{"checkedAt":1708590262028,"integrity":"sha512-/kjKkSULzgBe6UWXGkSdBN87JFEnX+PODTgitShDJ2S9uwE+wS7O+tZmvmBIVKtKbXPCWKO90hUTkFT8hErdcg==","mode":420,"size":2750},"lib/helpers.js":{"checkedAt":1708590262029,"integrity":"sha512-UK0UoDQPmHbHZ519RpLoH2Y97TiGDtql5GbUV7epxqL48NVvJJ9N0HoYqISNlVNjzk7i4GPL3Bh8LAAUzc9/Hg==","mode":420,"size":1411},"lib/multipart.js":{"checkedAt":1708590262030,"integrity":"sha512-m8XgjH20UUGbzQg1poXbYGD5goznejrATmk5isiXxOwqsaYjpt0tsscM7nU8DmkKnJ6z4DZcVSjE/22T9d1XBQ==","mode":420,"size":2674},"lib/oauth.js":{"checkedAt":1708590262031,"integrity":"sha512-3Y8FDJpqWD+GgC47DTRBbLAgMbmw6xM5EfliiX5jhTZeUz74deKRzOrEzMZwFojZsdUJA7xYYhze82njhvFfYw==","mode":420,"size":4136},"lib/querystring.js":{"checkedAt":1708590262032,"integrity":"sha512-h3EPEdGMoOg1lLMiPANOcXt2ISL4pCZw00crr9WW9E2xccgUQVpOodrRYJKQenUNtP6gE/zQKxQRQUyXWcuM4A==","mode":420,"size":1334},"lib/redirect.js":{"checkedAt":1708590262033,"integrity":"sha512-h1u0yazt/fgDl3jBnPdqJF12RZGK9e8Gb4JFWQWhYYXTs8FbcuO1k6QcYSZwrQTaYqlsQX4UVYxk7xzwHLHFSg==","mode":420,"size":4635},"lib/tunnel.js":{"checkedAt":1708590262034,"integrity":"sha512-HCCY3dhIaM4tSnIfqX4TETEfhtAq8XBfTMfqJsmMFs3pFktz2rV0iYXKvdlcMo6+aZ5xjwOls6p+izeirmmmJA==","mode":420,"size":4416}}}