{"files":{"package.json":{"checkedAt":1708590271396,"integrity":"sha512-dAuD1EHPvboEF0JIwdLQXn72PJyy/15bhMK+FwL53P3pcjFCpY/xSGCIqg/08FJY8e/haky0ZaQIzIM1tLh7LQ==","mode":420,"size":533},".npmignore":{"checkedAt":1708590271397,"integrity":"sha512-lIlHQFc/qbFJihYVUNzoAfWMpBOAeqCRtZiprUmSW+5l0UJwgtncKvSs8Tk39+17tteG9nwL/xMp5Bc2aaRKNw==","mode":420,"size":38},"README.md":{"checkedAt":1708590271398,"integrity":"sha512-feLV178uvJ46LZsbX3efP9aJjZqwhWmwdXC4Wt4g3iQ/23TSaD1m8/0bLMjGDhZoV9z6CkyVGoN+isdNRCvHMw==","mode":420,"size":2088},"LICENSE":{"checkedAt":1708590271399,"integrity":"sha512-1g+yvJgrd6+yiPA7hkA1k4Thz0zVRPaifXwH0N6cMQpnlAS3u2MYCWbIZMsKt7xdZbj2ZA/b0716ARFnH/hikg==","mode":420,"size":1081},"index.js":{"checkedAt":1708590271400,"integrity":"sha512-RvLpe3sQztt7mr91y60iEswOdgfZc6V8GswuQrQ1NLvDtIuMGtDF2xjbgjxKnRPqfTjaNkBDIl9C42g4UjSMFA==","mode":420,"size":2856},"CHANGELOG.md":{"checkedAt":1708590271400,"integrity":"sha512-w2hx7yLMb2AknA6RzXHUKXLF7FT859XQSM09yJrebSmSWwG+1OUz54yobUHM7xIZs0Pyd/IhMNKR291jMbl3fA==","mode":420,"size":109},"Makefile":{"checkedAt":1708590271401,"integrity":"sha512-EB0Nlxh/txHa3z5+jpRNl/sqTfut/uLuKISTKEb/q+NxYuWAACMCTw8TNk2eYyTqvAMH1zASLEyIssr1cMYy6g==","mode":420,"size":106},".editorconfig":{"checkedAt":1708590271402,"integrity":"sha512-JbbnKgMtuodyWa1a/zf8uAJQPwg/6H+IKS8GEk54dS0PJF4v/GXZC4BH29KV+uQyXUmgD5uETCpbs/v+cjT96Q==","mode":420,"size":188},".travis.yml":{"checkedAt":1708590271403,"integrity":"sha512-8Szf+xqhlPDuMKcaxhy4w2OS7sWTCqa1LxJqbKWj/LnJ478WKqHKrJ8/+E0ItXdjk8XF0FqSjm3dZr120oqm6A==","mode":420,"size":63},"test/test.js":{"checkedAt":1708590271404,"integrity":"sha512-MujUQcewbDTzX9avWbkN4+R/utk7TPyz40P8xXxPGlMB5qkHC3fDV6stiOdWDVonVHawm7wqfts/YMdbG9qe4w==","mode":420,"size":3885}}}