{"files":{"package.json":{"checkedAt":1708590275704,"integrity":"sha512-YsTZWTmJhgse1LVMSNBLtfRfQfQ/jcRxCif1+F9j60bR4TOTOaz0TUrrIol17DgoxdfoJcqZlq2/46ajA2NOsQ==","mode":420,"size":1829},"README.md":{"checkedAt":1708590275705,"integrity":"sha512-11YIes+W2R1O2XNjGsL2yIUwuPZDOObaCoiSV7QVOtPiZDr2OYADMsjZmC5lwYuEpxYjNPfgZRUOIZjMAexcnw==","mode":420,"size":8093},"LICENSE":{"checkedAt":1708590275706,"integrity":"sha512-tvfTdJiWJDiFPpsR/I9WZSs0oBmhGFXq7UhlakT0rx9viP394eXYZoTSYAH9KLC6LQkxkGWAeqY2WHVWHwxwPQ==","mode":420,"size":1087},"index.js":{"checkedAt":1708590275707,"integrity":"sha512-N3SSYdQ7TZqO5A5SJq+KHXHVAN991V6gRlg0IH4a97N9crW262jTBPw1xOSh66JJ1DdVXtkeizvIgYD9fXfP1Q==","mode":420,"size":2407}}}