{"files":{"package.json":{"checkedAt":1708590286517,"integrity":"sha512-hG0NgNYjtCAKNiDuHWsL3ZuIkVwz7uScMrlW8M8k8g2diD4TwfXiGcdnojuB6fQ56EeqlSXaehhfprayDU447A==","mode":420,"size":671},"README.md":{"checkedAt":1708590286518,"integrity":"sha512-n2sDnB+hacy+WnDuSK7SKeuq6e87yS/z0ub14zgS2kdY/Voe5LssFgYBppgvNWPgvvPQA448uFr9TCTkKbH/7Q==","mode":420,"size":4241},"LICENSE":{"checkedAt":1708590286519,"integrity":"sha512-GiQ/5H7xgGF5QPkdVmYdg7m/xkv7kyBUQMsQ8g80NQBHxAvq0WuJAqKY2+iZSUaj1RXa3E7oxHNojiQyNw3aqA==","mode":420,"size":1061},"lib/index.js":{"checkedAt":1708590286519,"integrity":"sha512-i/cO6dwiu0CsNsqQ9Mmw86P7KZzCaVIMKBhWxu1LCtAnRXSB5tngGWT/qVyujuKJMphftkYz7TJByFiVpoJopg==","mode":420,"size":6555},"lib/positions.js":{"checkedAt":1708590286520,"integrity":"sha512-qeqjPvaIA2qb/W7/KPgsvPazvbTuYWDRWOd56LUVpipozmkNEHvxZ/rpWlencdxLr/eW97taDNLIMp8/IO35Fw==","mode":420,"size":367},"lib/sets.js":{"checkedAt":1708590286521,"integrity":"sha512-T+LpsgL/2rSFihSfEmZP67BC9pULrN3NdtfEvJhjd6bz7US3jK1iAYae4Onj3fNFzEOGI2N4sD7htWgkXgJj/A==","mode":420,"size":2230},"lib/types.js":{"checkedAt":1708590286522,"integrity":"sha512-s46e69SQyWlwqWE4zNcKs3xNgS+T4AyqL3fexIVieBv5Ao/sl5Nj3p8ySoQKF+QC/xlB/emxfvpV7Bwm5MzVhg==","mode":420,"size":166},"lib/util.js":{"checkedAt":1708590286523,"integrity":"sha512-ygZQzopr8b/+g1bokHC+toYdn8WZzCECau8rQ2OTtpRrNDtO2Hiea7pcYhbuxpeSyAtl++8MKrNvXiS4AttR0w==","mode":420,"size":2616}}}