{"files":{"index.js":{"checkedAt":1708590272551,"integrity":"sha512-Df8+2SHeroYd3bfe1jrSA/ZW6iy8yqmURJQ+GJGJswmomirGU92PcNlcDl2Lc5Q7L7vZ9fOBOMhp2oUYaO1Fkg==","mode":420,"size":990},"package.json":{"checkedAt":1708590272553,"integrity":"sha512-HacrUdS9AfUPeLr2xvhkoXqJlR+oAyCJspRkFZgVtRNRC8AaJqD//YlrVwldzr6V+t2sOiqLYXUWsnqEiWS2Ww==","mode":420,"size":597},"README.md":{"checkedAt":1708590272554,"integrity":"sha512-1YOWsz40iEyQt+EnVe0VNRjmCCGvW5mmI3w7Enz2rMTQwRTcrDt+h25NFz1TQZ0QaKeK39hnMmTpyP9uJfggtA==","mode":420,"size":898},"index.d.ts":{"checkedAt":1708590272554,"integrity":"sha512-46LiDWdrbdvyBUy+yfIc0EwW5RQrSbmLEAbZvX0nxL6xhkvtnWlfA0cnt/5xz90xSDO1N/IsKFyJYJU80LYOBw==","mode":420,"size":777},"index.ts":{"checkedAt":1708590272555,"integrity":"sha512-y4+eL0nRgIobWMuLtnOnHRUZDt+od/1oKsoec3Td9ZinF947HOy3JmGN4+yro47dDNO7aNC0I9z2sdY8xq8u5Q==","mode":420,"size":906}}}