{"files":{"package.json":{"checkedAt":1708590288646,"integrity":"sha512-xBDhq5jmQrPFUbGv8qCsyk1+dvICjd2Zgtx6mbPjirEuCwgGlc9l+O/sPXAOh135RmSPZud3ewZDe2c7vD76jg==","mode":420,"size":928},"README.md":{"checkedAt":1708590288646,"integrity":"sha512-DWZ+vlVhrxqud0Hl302+qelfA1CE/SgseYUBmGxN+HjQoMFXSseCYZpjccF4DHNO4tBK1h5cv2Qqm5xCNIq9NA==","mode":420,"size":2843},"LICENSE":{"checkedAt":1708590288647,"integrity":"sha512-kRxHfFqWpkSG2hb5KtnGvgGb0E7TakZN7fuLAQPJxzhhfT+gp3eqr9qdv+QwsgNG8w/TbETqtg6Iunhub8sk6Q==","mode":420,"size":731},"index.js":{"checkedAt":1708590288648,"integrity":"sha512-aFO3Mu4EXzGOVoO0UjWGAZD1xR4p1iRakL2YyzT8UaTWJVqJljS2NuOiA22lo/d1yX4oJzAlrhlCDgngTTkFbA==","mode":420,"size":1334},"CHANGELOG.md":{"checkedAt":1708590288649,"integrity":"sha512-yLMDA23H7cGsmDNXi3LquablDvf0EIMyGCq507Guwy/NMyoooD50pm12wUj9Va2U78261jakCOv+7WCwaKOPmQ==","mode":420,"size":1017}}}