{"files":{".eslintrc":{"checkedAt":1708590267231,"integrity":"sha512-4+yheARSL/pPQeg25245ejEKIOgmGjgRW2fotkREQVMDnQQZj7Rw9FvimX0senKxW9R3GgLHQbPLwHLqbvQy6Q==","mode":420,"size":43},"LICENSE":{"checkedAt":1708590267232,"integrity":"sha512-16Lw2sQpq8QINLGIfL/+xkhzMDKK7+1KhO0tqPzWh6SJx+JcmBuZ7w7FwLce+/bDBInYIE8pUEWvqkiN2Y1kTg==","mode":420,"size":1067},"index.js":{"checkedAt":1708590267233,"integrity":"sha512-kI1nHUX3ZPp3No/e8hyVQbuumN3ByVUpXM0fZQHz08ibnUb7kGoirhXorZ3HFZDyu25AA214kB+XMrETXyQcww==","mode":420,"size":302},"test/index.js":{"checkedAt":1708590267233,"integrity":"sha512-E28qM2Pu6DSamp8ZXjrAuR+W58595TdiIisiZRU1KLk6hyUvv49HVvgGeZbPamptMZ3nI14YRlLc7xN0KCFblw==","mode":420,"size":477},"package.json":{"checkedAt":1708590267234,"integrity":"sha512-GmCZUV+X5i0fHKby5MtuHRG+gFExiDbDERyGPQ95hMsE52VlF4yo+ZQAIrvfpuSYqYXgInRR30vTpl12fBSe1A==","mode":420,"size":2004},"tsconfig.json":{"checkedAt":1708590267235,"integrity":"sha512-fhkjfkbPLnfq20TKZOoXOkjIPPuE+hzfq9Hcppm/qudNdJs5twWkreSvBf0M/I1lY+fB0LhtqxHQG2A40N1UHA==","mode":420,"size":3611},"CHANGELOG.md":{"checkedAt":1708590267236,"integrity":"sha512-ixADp1LnPbgeQt9Wx6kEKtgViAnfNIGUvIj9D+AwCfE4Clz+wEggDfei1pG7ZQMJSItAOTu6pCcYHfJ9k6HSnA==","mode":420,"size":2200},"README.md":{"checkedAt":1708590267237,"integrity":"sha512-H54KK0XEkFw4tKApk7Dm6Hf2goAhVv+Tj4k+gjs0zYVrTOhWNTngsHaK2TnvZ5ne6AuiBrE+AihZAPnmrk/Xdg==","mode":420,"size":1623},"index.d.ts":{"checkedAt":1708590267238,"integrity":"sha512-gSnRfYz7W33Xo2tvjmsmC3K4TVqs47J2JwINCehDhieKjAUKE1TMwdwxNiIwXJpS9qnxQSk1NVJU7YUMuqVahg==","mode":420,"size":57},".github/FUNDING.yml":{"checkedAt":1708590267239,"integrity":"sha512-55T45wDpjQugigL2F+WcN919ezyBZ2bui1/3/yD52ZWHl4m4gyeahCc5gCULEeiUJoPbASrsXLHIuPUxEZReuQ==","mode":420,"size":580}}}