{"files":{"LICENSE":{"checkedAt":1708590268803,"integrity":"sha512-PdzKuEwGClhqXJ9yOKwSszHRfvzqkReSw7shypuuQWhrUEJ0Ls8I7QVz3SvA0q/8gmABx6dDKJs8j0yUrfpLkQ==","mode":420,"size":1073},"lib/resolvers/auth-header.js":{"checkedAt":1708590268804,"integrity":"sha512-Sd1VQX0Rnvd24+MnoJVMd4rbKvNMOAW6nLH3UksbT0cYtlhy0/ryZ5eqm7C4g+6Q7Apzy9TcDe0pm8BUiDtzdg==","mode":420,"size":940},"lib/resolvers/cookie.js":{"checkedAt":1708590268805,"integrity":"sha512-xrI6vyhVKLiISFFc9bvGANnmM8SDIGALXvYu5sUChHINegGAgqpXdeREFjySCiwBtXNMEyXMmIXCfHeo9+ysPg==","mode":420,"size":502},"lib/get-secret.js":{"checkedAt":1708590268806,"integrity":"sha512-sc16rub93FfThi0baixuhKbrWeCyrcVXmDU5sdmkawMvD5PbQh4Cv3ulrn+Q51nBq1BhRWAoK6gHc0aF1YMv5w==","mode":420,"size":292},"lib/index.js":{"checkedAt":1708590268807,"integrity":"sha512-Znt07p9TfDVCskC4VGEChwEFbstadeNSHUqEeK5CBV77C+JmGr6R5GS8kYO8nU+XmV533Y1nC+MX1Oq5eMd6JQ==","mode":420,"size":2476},"test/test-server.js":{"checkedAt":1708590268807,"integrity":"sha512-s03Iywgia+eozhUeW0ve/mWnOps6Ux0npbB64GNGmCKQTWb7k53wDTdF/peNINwgcwNBZMIlcB7dTLO7r3CS/w==","mode":420,"size":1444},"test/test.js":{"checkedAt":1708590268808,"integrity":"sha512-yeH71OoftI/nDW2qPI/V35VdZTu1u/kZ1x4d4TTmFpjG6QFL4AYZyi14BPqonzJAoMHus23q2qzThOzVHCLNuA==","mode":420,"size":21313},"lib/verify.js":{"checkedAt":1708590268809,"integrity":"sha512-RTeH6RWkOB3jpygDbTLUdQOcrdB7xdE1UL5Zxr0qSaAIXeVZ6xc5oXe6++cE600dR/O+b0T0fXAMXOANsSra2w==","mode":420,"size":243},"package.json":{"checkedAt":1708590268810,"integrity":"sha512-qY9Xm72K4ZE7lILzEE4RZf/EVcnA6TE5cGBZvlRJW3w5b74VDsAv9LQvsqso0Ur0F3F4DPEa7O5pyq4+y5DO1A==","mode":420,"size":2801},"README.md":{"checkedAt":1708590268811,"integrity":"sha512-4Ygm9Ov4WsicgzbfajHOKabxhdAgay87OfRh8XIWxTB81paQaJwT72mEXDzUcL3fx9jfnmtg3KC2SNMQG+hl2w==","mode":420,"size":10621},"types/index.d.ts":{"checkedAt":1708590268812,"integrity":"sha512-jsQ6HoVYT9rJgsLNeKCy/idIoi+D1w4Jh5Ihz4mA+Fumtl5IqFmK0Dvkf6QyY+HUSEEtQL1r9HXEecO78mnF5g==","mode":420,"size":1257},".travis.yml":{"checkedAt":1708590268813,"integrity":"sha512-2iDaQIC07uE3TCU+ygvgcH2E/TW/UYKyvWRUBhyTnav+uvCjewWFirnnPKSLJnTSDygj20M7tslJ7sdzVZ/kLg==","mode":420,"size":207}}}