{"files":{"package.json":{"checkedAt":1708590279396,"integrity":"sha512-Lw4gzC6YqGrpBWhta+1/pZMXq3lqj/vl8iulLhKHTVTPL7AiY4lRDUl58LJjh5dkXsLdRHTYgH40beHcwoAYdQ==","mode":420,"size":444},".travis.yml":{"checkedAt":1708590279397,"integrity":"sha512-uHSbK2dOL+Efi12Axh5kxSloKTmJ7hsluGEkrLjG5j7E9BQGyNCJeG3k0f0+prEY5APc11JbtGvKplFgqiE5Ow==","mode":420,"size":318},"History.md":{"checkedAt":1708590279398,"integrity":"sha512-ELX/QW6LTbRbKaAFbwIoY5hFcuDBpG6hUjSbg2V37E7N6U3DXxyw57zmdvs4HPXi9nOtTU+a49McrzmBPi60NA==","mode":420,"size":59},"index.js":{"checkedAt":1708590279399,"integrity":"sha512-zUBh7qfbVASC4K0lSrAhvAKrFdCEodRihfTyF6Bj9EKuIaXEEVyK196jy1E45SfLHg9LckIznn5P7r/V1ZjS1g==","mode":420,"size":698},"LICENSE":{"checkedAt":1708590279400,"integrity":"sha512-272MOplyxFCPIRfFKjNYXsjR6MRwf5q3uICfbvXsbOjTbg04hBNihSWXGxrSLwkPgXz6Vvs12f3VlYo1i5vpBw==","mode":420,"size":1112},"Makefile":{"checkedAt":1708590279400,"integrity":"sha512-tk3FOgt7vFfuNhbx4HBp7dmyOD2q9DWrr7eTC5428/o5uNroWXf8sYI5CcVl+EawoM26ciTdSC0AISCkF4XPDw==","mode":420,"size":76},"README.md":{"checkedAt":1708590279401,"integrity":"sha512-/gfzsSi+/S1E43Gngb00vlC3kc+9/YAKVvtzCO2CcsY5cbgJID+rdMQoUTXWjw3jtxhJypFCOFoY4Avf8Cilpw==","mode":420,"size":955},"test/index.js":{"checkedAt":1708590279402,"integrity":"sha512-/gQ18Yj4yROIs7A8y1u/3hmq0tDMvJppP/HkCumh5ikQf7QhUQM7WI1pzELw2e2EFUhnZIb3UzcC5p2Ot/zW/A==","mode":420,"size":3733}}}