{"files":{"LICENSE":{"checkedAt":1708590264951,"integrity":"sha512-NInsN4NAPaqJnsW9idjSOnOGqyzqYkPMzLI9LNemnHNfKFLWamw1cdIqe/ckgjFzyMEVxOSbkSAzFjgUXj3AWA==","mode":420,"size":1139},"src/browser.js":{"checkedAt":1708590264952,"integrity":"sha512-aQXtXyHAOruHIjK4NWzUDvOo0JXiuUQElWP4ewBqTUgNe09bWABfXVJlq4oI/w44Yf40LaBg5bc+RUcjkdPUew==","mode":420,"size":6010},"src/common.js":{"checkedAt":1708590264954,"integrity":"sha512-V3XUybgj3JUUSIoo8r/LqZChPe/fxZkuH/7JFcpebsK6h73bHLf0t3I0WhS0BB+Yp097zJ2b4qM3HjACwzu+vA==","mode":420,"size":6289},"src/index.js":{"checkedAt":1708590264955,"integrity":"sha512-T6qHTZ2GL/ySFSh0LE8f6KmyKjWHYPbpP87xOFI1dTKagBzpZZ7Y6WsCtz5YGz6Z2Rlz4imBs1j/teQxA6U2wg==","mode":420,"size":314},"src/node.js":{"checkedAt":1708590264956,"integrity":"sha512-MBe0cXEY9W+sEG3KoEauzzzGPDfmT0mDjlN5oTWDwpPznsWs5I+y2r6savSpZ/liGYEnM+rW82w/XI0TLXlZAA==","mode":420,"size":4685},"package.json":{"checkedAt":1708590264967,"integrity":"sha512-oBfSGh7LFZBlvDK5SzjeA7OMEESLhfiL/hSYsUQyCITWEqhoudsZLWrPBB+I2kFflT2d2FQe4p5AU+JGPdVHkQ==","mode":420,"size":1419},"README.md":{"checkedAt":1708590264968,"integrity":"sha512-3YIi4u2YcgxM6QGNDEZDGclGgiTZAuYcK0HJeKaA653AHSCU2FE4aPplP3qbI1rZ+aom5tEqI5nVx+Q4TwqjgQ==","mode":420,"size":22496}}}