{"files":{"LICENSE":{"checkedAt":1708590270210,"integrity":"sha512-v6fgWAjUpU5jjk4IrCGqmSZ4tlsGD4zCNlrN2MkIVNKwPHv03C4sksr1o/peLLtMB/p7oZmaw1HNzzYwySbUkA==","mode":420,"size":1121},"lib/asymmetricKeyDetailsSupported.js":{"checkedAt":1708590270211,"integrity":"sha512-6za8NnZZaSdxhxb4uBOhv4ZxCmeFZ0DHhfOThk1slL7XBOTMouzwd69DAJSo53j+MO0Jrq+ZfFaE2rQ8bSwhgg==","mode":420,"size":99},"decode.js":{"checkedAt":1708590270211,"integrity":"sha512-was9gBN6sd+nOGtr0XIEkNNsO63CRBbyjF/GvFlvan6yLgqPRHX16mKv2D4690m1gwh2vR4h7Dx5QaPP5uLqQQ==","mode":420,"size":767},"index.js":{"checkedAt":1708590270212,"integrity":"sha512-RXL0bGpRhGqIgv9FZ4AneJDhu45H8APjVTTUhRlEHaFkooaz1PNor74q2OB/jmq/XunG3qwZB1jaAHNZ1O9niA==","mode":420,"size":276},"lib/JsonWebTokenError.js":{"checkedAt":1708590270212,"integrity":"sha512-t9+0yx/tid7P5VYc3XyrLVfiL/lImwI8xLJTakZCsmXEZ+erEcjrbxApcH4w9BK8WP+ltlN9zd1AJA8VjW4qxg==","mode":420,"size":428},"lib/NotBeforeError.js":{"checkedAt":1708590270212,"integrity":"sha512-clUajVqRlAh83ypNd9W2XSVkHtsHyaIBX2owDZwylMEiCDJOtv++RyAQT8u3wyy59749tNuD5LPtZX3lQKbevg==","mode":420,"size":362},"lib/psSupported.js":{"checkedAt":1708590270212,"integrity":"sha512-0QKJH3ahIWvsTGromewH/3V58Uc48a5vLGLXn/s81ZDGqZwzSTTtPakh+fRg/OcmKbU/cGBdiQ32GiRxo6B34A==","mode":420,"size":107},"lib/rsaPssKeyDetailsSupported.js":{"checkedAt":1708590270213,"integrity":"sha512-PA7qZbHVmocFz+vYYFdsH2Pk+OVz0jKF+RQnRFV3lGKMe/L0H4awIONRw5oYOUaMtkTH+dJtJ+BmsUkEDE/e9Q==","mode":420,"size":99},"sign.js":{"checkedAt":1708590270214,"integrity":"sha512-B3FbsMtmaLRLvaLjxhoZPBPQum9V+RXe3mILgQamfJO78PoJkjzdFmLvyljWg1Ubapj7k8/MTjd8vd6TMuZQ3A==","mode":420,"size":9350},"lib/timespan.js":{"checkedAt":1708590270215,"integrity":"sha512-DogHLFLiifaDzwaK/6nSzuAIyYjKAFgiR88rnD+DjTQhAE/HGBgfu8VlQKOMwrRvvlfpZz8GnlunqvDMqXzaGw==","mode":420,"size":412},"lib/TokenExpiredError.js":{"checkedAt":1708590270215,"integrity":"sha512-cCFJ7W2zoRn03r2YoiaVed+DJWSukQnOw+CgdUiUtQLcENMDtLusqcpCk0Xn9HKm1bJtYzzGyswS0ApByxE+Wg==","mode":420,"size":395},"lib/validateAsymmetricKey.js":{"checkedAt":1708590270216,"integrity":"sha512-ueMv2SLDMH3SCYJTB/sp1WcMxXzhxKLsRIXcYkVEYpM9dWjRMBzLsOReIiK40chLL0vJmKjtQv7pOD7Dzlg2Eg==","mode":420,"size":2238},"verify.js":{"checkedAt":1708590270217,"integrity":"sha512-sL7vWrO55yFyg9YDoiOzOI1rUXkQMgvgYSnWvEKtcLdJkafogMmg+dcjm79kF4myZ1NNbCWyEi7WbJC1rmhKRA==","mode":420,"size":8612},"package.json":{"checkedAt":1708590270217,"integrity":"sha512-RG/67HJ5q3sjQPVX7jcKgnqKd9dGR2vDsJVfqoWXmvlPaoW6n76FxkDsClXP3et8P6lXtFswiC1tHVj+D+DvbQ==","mode":420,"size":1507},"README.md":{"checkedAt":1708590270218,"integrity":"sha512-n/22PGXYWQOHUkJ+L5cwiH+fwGdKfdjkXjxsSsjpuzxX1wo8vuXCwngFrMWPKd5XAeSrNMTFYgpj6nDrx2eiEQ==","mode":420,"size":17709}}}