{"files":{"package.json":{"checkedAt":1708590281958,"integrity":"sha512-An7ktoHBTg+T9ufyv4gyUJB1rFlEySM2q+ND3qZ8vfBiihn8eATLljJZKpV7O+GuC+Q95gkctktUhDd2SynBDw==","mode":420,"size":1731},"README.md":{"checkedAt":1708590281958,"integrity":"sha512-WexWV4xhFrDZGQpbntPWQVNGBWvyJ074C3M4gczuaMnLbfdaYGuRDgfdoVolGcDxk9p1fK6eqoo86TU0eD3mPQ==","mode":420,"size":5057},"LICENSE":{"checkedAt":1708590281959,"integrity":"sha512-CnFEd+zu5cIdcJwcKPQ82LYbZN4zpDGBC4DxyXXSoxyA6Nq6K9d6CCYXQdosU9Fq96xELj21N/ZtmeEGcqlDPw==","mode":420,"size":1088},"index.js":{"checkedAt":1708590281959,"integrity":"sha512-lPyUBbcYxrFd8wwMwYXrVUYu8t+4JEw+Nk0SLQsgpzka+sBr8w71CSP3zTEkV+N1AJE+tTvmBSiKSVZQLYA8LA==","mode":420,"size":1213}}}