{"files":{"LICENSE":{"checkedAt":1708590265480,"integrity":"sha512-oaKT6wCX/oeHXzv5CMwLDujxXplcaOmEtqJOJHsulUQH15QeqWq9f+ACob37cT/fsNODnZSKM0YD8F5kSCn2Bg==","mode":420,"size":1167},"index.js":{"checkedAt":1708590265480,"integrity":"sha512-x5W3KFzJJhakb9GtLQDOZftLJp5rb8NTFYkdEZt8Jbf0VzVAvgYn1XcSMgHZz+EZyKU/DnWotuqHD42JoTDCEw==","mode":420,"size":5252},"package.json":{"checkedAt":1708590265481,"integrity":"sha512-bw6f49A0ZAuLL5AqXjNrOdgYzsUEqcUnZ/XwjXG7GQOxgncWJcEQ92iozFQLBxpUr7eBAnCgn07f5eNduiL+Nw==","mode":420,"size":1157},"HISTORY.md":{"checkedAt":1708590265482,"integrity":"sha512-Qxjp1ZDOEM9ipSGK3KhsD95+tq+0khK6YIX51r2b7oUpTk4bGwCouA1Rdxqv2XXLQ84CqKLZRj0ZpHtkM2+QeA==","mode":420,"size":5096},"README.md":{"checkedAt":1708590265483,"integrity":"sha512-qSnt61ntxvHvT3VU3f0LG1SqCX1P32nF7CWxTDxyKgNNFZ2vOtOFCO/Hdf34wkZQfVMCHkrXnwcIxd+UsxGoZA==","mode":420,"size":4123}}}