{"files":{"package.json":{"checkedAt":1708590283507,"integrity":"sha512-Wib3YUs9KO0bzF0SCj6G290QPjM584wSTzAXUG9FKM6A9WzPX2po/G8TkY26KaguVNPwh7kY/xur86P9kd5qwg==","mode":420,"size":1445},"README.md":{"checkedAt":1708590283508,"integrity":"sha512-PEbHLhbT5yHbFUByOvQLb8MmimzC/qwb/TQF9TwBHAdgiAf4EedQ3MaUnBlzcAVEVlgZukB8X7azyQyynQUyxQ==","mode":420,"size":5239},"LICENSE":{"checkedAt":1708590283509,"integrity":"sha512-k5yaeclgrtMAXo4WduTJKbEFgallOoV5i9ZXUuAfGDmY5W2h+asbhbS1U2YqXwH3wKWtXlawnFlvOernEG0CfA==","mode":420,"size":1088},"index.js":{"checkedAt":1708590283509,"integrity":"sha512-FPUiDZLaaa8qNtFg+0XRv+sELpc8szvH9W/kIs7B99Eu3JMztlCyse4lKoeAc3Slli0Zc/oTyxY0AOsYBfpS1w==","mode":420,"size":756}}}