{"files":{"package.json":{"checkedAt":1708590282246,"integrity":"sha512-nzhk5/IdZXDXH5bRxlmJ3h2RbtiuJTTwNqIHHWnBoDNqn0ptmvgDx+8WRkWJeRZbgIHCTj141efUFb+R5pIkew==","mode":420,"size":1681},"README.md":{"checkedAt":1708590282247,"integrity":"sha512-dTTYbeWwEp5z1PzWOStqH38OLTAyLwQsRWRRGQLa+SAhsvQyYO8qpgytiFdNLKCvIk3Km38W0y1GfAWxL61CYw==","mode":420,"size":7919},"LICENSE":{"checkedAt":1708590282248,"integrity":"sha512-5RjdeO+H/e3I5WJnPiCTF+RB5+aI0KUMXv1/8BAm6A4AnRjR1EWIdoOjKUvgd/xwiFIHrYZUvsTxSyHvNPMD7Q==","mode":420,"size":1087},"index.js":{"checkedAt":1708590282248,"integrity":"sha512-NpRLqaJGSswxTWHWgVgVWUHK6iHpQ1kR8pSib4Ri/S1/QHD66g2cE89Fn0IsCOashlqlBFSAWzm4cR3JCxdl7g==","mode":420,"size":5753}}}