{"files":{"package.json":{"checkedAt":1708590287053,"integrity":"sha512-pjStRe1etdJrq3b0GOm+x0TCCa0J+hiAVP5IiPsMvwAAxDvNb6MsEk9pzMcnG18mlZzMgCs1wVHgahq0ohv+VQ==","mode":420,"size":463},"index.js":{"checkedAt":1708590287054,"integrity":"sha512-c07gpF09NGnPQZRAhddJvIQSbr6RpRdx3eUyDSAKE/CtgvOwSO3PeTb1z5EdY4DFrCHdaNx+Lqla6D0K6Qa8eQ==","mode":420,"size":3609},"license":{"checkedAt":1708590287054,"integrity":"sha512-F5fkuSbEw0dKsu4BJ9tBxFBGJD6UKigYEX1Z2o5FJfyD/hY1SfJw9UnreA0CrQgs06VbP2NiIL1IBVW1uTa8sg==","mode":420,"size":1122},"readme.md":{"checkedAt":1708590287055,"integrity":"sha512-zQPzzkIcTe111gvtOUjm4QyAICcdIfe0a0V3kdmHYFdMRy4ty4h5rDqyJrTUP6XVQMN66SIfyrUcltjYLiu4OQ==","mode":420,"size":1070}}}