{"files":{"LICENSE":{"checkedAt":1708590278033,"integrity":"sha512-wTfnc8s4Ray5d2LQ5WOrwpjTCiFgbWQCejR55GCiahxw1tnmV7UJMUH+GfoXlvcmjn+hdzfOaV/0kbit9GNBJA==","mode":420,"size":775},"dist/cjs/assert-valid-pattern.js":{"checkedAt":1708590278034,"integrity":"sha512-a8Rc1kYBB6pmfOwXDlMY5DuRwuDYXJoWJQ+xy4XsQUIKhD9Vo8q99GDx57gZNIgoex6YBkGniWFooc7MAGufSg==","mode":420,"size":492},"dist/mjs/assert-valid-pattern.js":{"checkedAt":1708590278034,"integrity":"sha512-jNueGz4Tz93IzbNSKtEvGde/72E+wspDmrHy5nbqEuLFEDLdESNuaVp+bDVwxH1vKzovoUttHkiwF7gWNog0ig==","mode":420,"size":336},"dist/cjs/ast.js":{"checkedAt":1708590278034,"integrity":"sha512-lTxYjrSDsKNKKpVvgShkaYtTgrTaG3rU9JoE1/x4BcsVPzbUfh7BINB6XFt96heqzq5ual1XX75rDQLU7Z4VdQ==","mode":420,"size":22766},"dist/mjs/ast.js":{"checkedAt":1708590278035,"integrity":"sha512-BPjOFbNtiy3NQY62PByT+gzSNcNCDGG98WWy+K7A26U8k6eD9PXwbtznGflkF2ZhiHQJ7ZBALg1UTvEK9BUJ2A==","mode":420,"size":22532},"dist/cjs/brace-expressions.js":{"checkedAt":1708590278036,"integrity":"sha512-Bru5VbrTcS3i0H2TiPw4kW8n1TTjtvzK3zlvRFxG0XQvWFwJh9JfNo/tOao+d5TyGvJOtssNubPHDem5ozH7cQ==","mode":420,"size":5763},"dist/mjs/brace-expressions.js":{"checkedAt":1708590278036,"integrity":"sha512-7foQzaG2CQihRczW0qAu6U70+vPmCepgjk7ZeCkFE20Anky37mZoSEuIAGLN2b9Sviqa03GExTn2EwhwnRrh+g==","mode":420,"size":5631},"dist/cjs/escape.js":{"checkedAt":1708590278037,"integrity":"sha512-M0YjKsGLZRG+gJV+/q9zhcB6OswDbiqlSrOLV/AjyOd2mTeqo1lsE8MwqJTU8OdCfuHtDafB5Ot1NLN7jxtAog==","mode":420,"size":968},"dist/mjs/escape.js":{"checkedAt":1708590278037,"integrity":"sha512-tHYvgdwzprrbGYMq4UWk8XaMlhUpLy2x7P66m3iDmHjW0DI+ubPuOuiwjkXmuHHgT0OpZNH+mZ9uBcIJ/FPaEQ==","mode":420,"size":848},"dist/cjs/index.js":{"checkedAt":1708590278037,"integrity":"sha512-QU3Szr4IuLDDtXJT7VcCHc/7uHly6vrW78CtkOz19WF0o2jMGhXZxXq6VJC994pT/9ts6RnC8EzRZdoWdHCIIg==","mode":420,"size":40340},"dist/mjs/index.js":{"checkedAt":1708590278037,"integrity":"sha512-QjksA4znVKH0lpd6l3zrRwqG8s4+yiy5t2KkB+gEd3DVzdjpugz1NwTNWWw3mhJ2doVr3yi+HtVFZAttWxIu3w==","mode":420,"size":38881},"dist/cjs/unescape.js":{"checkedAt":1708590278038,"integrity":"sha512-kjJulObJld65HIWzPMdLElqKTvb1vNUDx4u6QUMz1nTnmTE6+L7qNIq+xqc1d3ye0BCsHPuOIQTPlGGmPvbDsA==","mode":420,"size":973},"dist/mjs/unescape.js":{"checkedAt":1708590278038,"integrity":"sha512-BCV8M4A0gZDdrcs23RlVwIW5HE+bujic7CwRJFD+ODBQauhX+DhUO3Mc7w/R3fdJ4iTJ8dAIKh0N0A7lR45yrw==","mode":420,"size":847},"dist/cjs/package.json":{"checkedAt":1708590278038,"integrity":"sha512-bFiTnaWPm3Fik6gyj3o2SbbiQr8jX64ABVoMx5+yeI5Kmd+qQi4M+tvoTg1eM7g29oYn5qQJZUh37cRDuU0ExA==","mode":420,"size":25},"dist/mjs/package.json":{"checkedAt":1708590278038,"integrity":"sha512-nTI0IMxjxr7nncxdtfDxj2uOBz2q+P+lRZ4R8t5ZqfXowXjXf6kq/J3dNSYj3sNixi//hZxxovq5Px4hcsSYfw==","mode":420,"size":23},"package.json":{"checkedAt":1708590278039,"integrity":"sha512-7BPjTtRdG1F1W7vrHb6N/65Jd1l58WyfZTmCcAFv6IwqOhH+xhC35EkeLtu+Vk2ZNcR5JSfbb2JzGdjOniVbSg==","mode":420,"size":2106},"dist/cjs/assert-valid-pattern.d.ts.map":{"checkedAt":1708590278039,"integrity":"sha512-Fy5KNfXg7XjXzkULBfz9O2OhNtca0pkoMPZQJ3Eq6RHPwW4RdBgSu15wMCJJF6kO8MQgvHdeLbSL+85j+V26Og==","mode":420,"size":199},"dist/mjs/assert-valid-pattern.d.ts.map":{"checkedAt":1708590278039,"integrity":"sha512-Fy5KNfXg7XjXzkULBfz9O2OhNtca0pkoMPZQJ3Eq6RHPwW4RdBgSu15wMCJJF6kO8MQgvHdeLbSL+85j+V26Og==","mode":420,"size":199},"dist/cjs/assert-valid-pattern.js.map":{"checkedAt":1708590278040,"integrity":"sha512-N76agnGonZYLLEGi5ILcYNcpWOxf92+Ty9EW+gWaPL21a76BJtJg9zwvg9qyAT+BG7juj+PZLgrHDJopXrig2g==","mode":420,"size":802},"dist/mjs/assert-valid-pattern.js.map":{"checkedAt":1708590278040,"integrity":"sha512-8B6+obMpuLoRPy3F/39Q7m5vFoif2Qv9WbH1bWaD3gTu2XN0Z1dxh2WEj0CaT1VWijImiFvdZ+seG0gKedAIqQ==","mode":420,"size":785},"dist/cjs/ast.d.ts.map":{"checkedAt":1708590278040,"integrity":"sha512-Xu4WZ0okPRWuoCiKtFXOzhURYu3iLQDVA1ti87eJBaGLgp4X2YN/0hyff1GYZn01HW3WQqhbWxuusgr/bhec/Q==","mode":420,"size":846},"dist/mjs/ast.d.ts.map":{"checkedAt":1708590278040,"integrity":"sha512-Xu4WZ0okPRWuoCiKtFXOzhURYu3iLQDVA1ti87eJBaGLgp4X2YN/0hyff1GYZn01HW3WQqhbWxuusgr/bhec/Q==","mode":420,"size":846},"dist/cjs/ast.js.map":{"checkedAt":1708590278041,"integrity":"sha512-qRHhPR+lbyOIWSJycZGvBX9BWGddXuj6r/F0yrD0LwAucDQhTFpnv2zJHFAu9mKgg2Ouzin0PfHZgaBgwBR3LA==","mode":420,"size":39913},"dist/mjs/ast.js.map":{"checkedAt":1708590278042,"integrity":"sha512-MR3ja14s7gVYkeigJ9CVwCe8InFlwnHQVnmdFXxGvl9GIawG2g+Oh1aY6rAA0izheIcQMCgdiZVvnm2bCzohCw==","mode":420,"size":39928},"dist/cjs/brace-expressions.d.ts.map":{"checkedAt":1708590278043,"integrity":"sha512-EgM0uhlY9QPpotfj1xoxeWyAsghr1Kc7XLOKAXZVrFNSHQ2WcYJbbxMMxQ3O0wvt0XNvARQ0ry8t9FBCz6O/6A==","mode":420,"size":304},"dist/mjs/brace-expressions.d.ts.map":{"checkedAt":1708590278043,"integrity":"sha512-EgM0uhlY9QPpotfj1xoxeWyAsghr1Kc7XLOKAXZVrFNSHQ2WcYJbbxMMxQ3O0wvt0XNvARQ0ry8t9FBCz6O/6A==","mode":420,"size":304},"dist/cjs/brace-expressions.js.map":{"checkedAt":1708590278043,"integrity":"sha512-oGZLLJ65q81Q51hKU7DihzVAJ0uYGU/AaZTfr35dMmsgyvp+VkPOHyuFp+Ig/GoOuIxNA60UfvPhxJOSbwA5tw==","mode":420,"size":10371},"dist/mjs/brace-expressions.js.map":{"checkedAt":1708590278044,"integrity":"sha512-B/78IjAo0Xm8jTI+3vdb0uf2qn5tZS/sWwk6vU/4pe5Ao8aTavkBWjeImwS3qxqJhwxOEeHhjfpQGNwis9zWXg==","mode":420,"size":10355},"dist/cjs/escape.d.ts.map":{"checkedAt":1708590278044,"integrity":"sha512-whnWn9sleswY7u9+ge1bC9G0zIshlnjXe7LRQy7lV25/LUzZYa/C4IKLGZLkSc/u+MybQ/sJrcj4AEpq34jIWQ==","mode":420,"size":244},"dist/mjs/escape.d.ts.map":{"checkedAt":1708590278044,"integrity":"sha512-whnWn9sleswY7u9+ge1bC9G0zIshlnjXe7LRQy7lV25/LUzZYa/C4IKLGZLkSc/u+MybQ/sJrcj4AEpq34jIWQ==","mode":420,"size":244},"dist/cjs/escape.js.map":{"checkedAt":1708590278045,"integrity":"sha512-bcWjctg3z5nJYfwSWph4WP7DoMbdT5ac8BhPHeOs6xuW6/r7aG+N7MQHo3K+lBrKFTKP4iY9sHTBpkKtUJykHQ==","mode":420,"size":1378},"dist/mjs/escape.js.map":{"checkedAt":1708590278045,"integrity":"sha512-VdN5cY4IsjOKwwW7mHlj1Xwzotn23mW/sha3907kSzFlT3+cbu9VgiEUqm2tvCCz40sF89ttiRNmXQcszvr1+Q==","mode":420,"size":1364},"dist/cjs/index.d.ts.map":{"checkedAt":1708590278045,"integrity":"sha512-KXnyk6I4gt20dMuzzkCn6Md8fPAfPBreWDlZNPZbZXAINrtU9a/XIUrJ60AfvgpW9CfM8v20VAHQ7qHm6kMKNg==","mode":420,"size":3194},"dist/mjs/index.d.ts.map":{"checkedAt":1708590278046,"integrity":"sha512-KXnyk6I4gt20dMuzzkCn6Md8fPAfPBreWDlZNPZbZXAINrtU9a/XIUrJ60AfvgpW9CfM8v20VAHQ7qHm6kMKNg==","mode":420,"size":3194},"dist/cjs/index.js.map":{"checkedAt":1708590278046,"integrity":"sha512-dYTgzvlJ5CQaxgLD/346e1SeOiGlofRjWSDPIjPm0zpxO0kzI/s87yNkf6Cqr993clOue/B2hp9EEIMfeFw5mg==","mode":420,"size":71370},"dist/mjs/index.js.map":{"checkedAt":1708590278047,"integrity":"sha512-c07caN6MJnPFv8GPV+KeiXRNiklNoEaP00i6mZC/gdKjhLcbfGzafyeqZf4w35lvB2WiDb3oV11gWr68oCB0hQ==","mode":420,"size":71396},"dist/cjs/unescape.d.ts.map":{"checkedAt":1708590278047,"integrity":"sha512-wIgSHEzcyTjB6v3CYFjORgsruIQjoksfdH0ECWQlfM8O2b4Qdn9ycqxIZCFD7xUz7CFw9A6AwTO7sRMZA7JFxg==","mode":420,"size":254},"dist/mjs/unescape.d.ts.map":{"checkedAt":1708590278047,"integrity":"sha512-wIgSHEzcyTjB6v3CYFjORgsruIQjoksfdH0ECWQlfM8O2b4Qdn9ycqxIZCFD7xUz7CFw9A6AwTO7sRMZA7JFxg==","mode":420,"size":254},"dist/cjs/unescape.js.map":{"checkedAt":1708590278047,"integrity":"sha512-IRdwnM2yNa499gSk4ZTLiky2n/QLeN6U+NQisSikMpQ0IT4Ktm5ozSEtzD4PlsHepTfXfR7GW25SCsx2vH/qCA==","mode":420,"size":1403},"dist/mjs/unescape.js.map":{"checkedAt":1708590278047,"integrity":"sha512-M0k+VKFnOsqqdJeJXmuqjiN4kVw7tCetjnmOfJRQCVt66oPCKn6rUX4vM+QM6tJBSpBpsu3Yu4AkHK0+Ri+L8A==","mode":420,"size":1389},"README.md":{"checkedAt":1708590278048,"integrity":"sha512-7N54wojIVPyxNNIlzlucNFlHNRUrl2wsnaI7alWQdDEiMtyJPr4xzG0lNf76+48bkxMYH+MYTHVdz3rFXrp4Kw==","mode":420,"size":16943},"dist/cjs/assert-valid-pattern.d.ts":{"checkedAt":1708590278048,"integrity":"sha512-quDCp3uoStzxT8Se3euRizqmwyOhC1wwCDNf6pN4v2thvViiHGa8IAQj3Mln2PFak/Mns5l6I2fbzdpTvmSLnA==","mode":420,"size":115},"dist/mjs/assert-valid-pattern.d.ts":{"checkedAt":1708590278049,"integrity":"sha512-quDCp3uoStzxT8Se3euRizqmwyOhC1wwCDNf6pN4v2thvViiHGa8IAQj3Mln2PFak/Mns5l6I2fbzdpTvmSLnA==","mode":420,"size":115},"dist/cjs/ast.d.ts":{"checkedAt":1708590278049,"integrity":"sha512-dCLSoUEufiMeX5YHfLhuMsu77lARTM5yFUBx0LySpk2IPFs/0WQ3ccj6NwzuKreEzpFlbXRwuHkuwWfz1jk0KA==","mode":420,"size":758},"dist/mjs/ast.d.ts":{"checkedAt":1708590278049,"integrity":"sha512-dCLSoUEufiMeX5YHfLhuMsu77lARTM5yFUBx0LySpk2IPFs/0WQ3ccj6NwzuKreEzpFlbXRwuHkuwWfz1jk0KA==","mode":420,"size":758},"dist/cjs/brace-expressions.d.ts":{"checkedAt":1708590278049,"integrity":"sha512-Y6/wejwLex+OJBhuIb61iMU6hdqzTIhqQFMMkAS6Ldt2+maC61WB3OZmLM21rW2DaI9tpwi9V6hrLepqcRXfKA==","mode":420,"size":251},"dist/mjs/brace-expressions.d.ts":{"checkedAt":1708590278050,"integrity":"sha512-Y6/wejwLex+OJBhuIb61iMU6hdqzTIhqQFMMkAS6Ldt2+maC61WB3OZmLM21rW2DaI9tpwi9V6hrLepqcRXfKA==","mode":420,"size":251},"dist/cjs/escape.d.ts":{"checkedAt":1708590278050,"integrity":"sha512-xffGtEDCWQ+FD6MT+CncC06HutYdd3BCqf4VdvyXdzvWzmqfdo1Sg7jWrkxNvq6R98X1oOgI+Ulmu/+d3sCjow==","mode":420,"size":647},"dist/mjs/escape.d.ts":{"checkedAt":1708590278050,"integrity":"sha512-xffGtEDCWQ+FD6MT+CncC06HutYdd3BCqf4VdvyXdzvWzmqfdo1Sg7jWrkxNvq6R98X1oOgI+Ulmu/+d3sCjow==","mode":420,"size":647},"dist/cjs/index.d.ts":{"checkedAt":1708590278051,"integrity":"sha512-BdHDsCqOpPLlXctlWzzo2wv4XtnogfVOFNbUHktneEdmmEMHHvMV0+gQwt2TUvqSQFVMeAd5zitkKHHVo6FhEg==","mode":420,"size":3901},"dist/mjs/index.d.ts":{"checkedAt":1708590278051,"integrity":"sha512-BdHDsCqOpPLlXctlWzzo2wv4XtnogfVOFNbUHktneEdmmEMHHvMV0+gQwt2TUvqSQFVMeAd5zitkKHHVo6FhEg==","mode":420,"size":3901},"dist/cjs/unescape.d.ts":{"checkedAt":1708590278051,"integrity":"sha512-rHzjlijeetbhsYPFwJlAsZBF4heunfls/xb/nwF5fFzv6nJFwZeu/OK1uNHqWI/7CWctrqiHLpU+6MVGW4HISQ==","mode":420,"size":788},"dist/mjs/unescape.d.ts":{"checkedAt":1708590278052,"integrity":"sha512-rHzjlijeetbhsYPFwJlAsZBF4heunfls/xb/nwF5fFzv6nJFwZeu/OK1uNHqWI/7CWctrqiHLpU+6MVGW4HISQ==","mode":420,"size":788}}}