{"files":{"package.json":{"checkedAt":1708590275952,"integrity":"sha512-RLgxDEcWHzAApGq5qcTqlQGJT/aZODLkrqT/EFdia4/1aUIET3L669j3YDzwXiw8T9GU/4OmDZzr4lTx3+WCpw==","mode":420,"size":786},".npmignore":{"checkedAt":1708590275953,"integrity":"sha512-SEouI7JHh5Shi3XxY4b0OF6EiWcsI/tXVosxil5ZB/U5C9LHyrMvjcZ1hqx0HLdDIyIsW7LRkXlEbgQl2hFZAQ==","mode":420,"size":23},"README.md":{"checkedAt":1708590275954,"integrity":"sha512-DJwm6tmkYCGZ0orwFZ65yjJHju3B00E/DTTRk3SUWItLj/TnEbN2A+57SP++UOFOD3idMToVRx3aZqh/DwYwmA==","mode":420,"size":1395},"LICENSE":{"checkedAt":1708590275954,"integrity":"sha512-P6dI5Z+zrwxSk1MIRPqpYG2ScYNkidLIATQXd50QzBgBh/XmcEd/nsd9NB4O9k6rfc+4dsY5DwJ7xvhpoS0PRg==","mode":420,"size":765},"windows.js":{"checkedAt":1708590275955,"integrity":"sha512-5E6xcwFq7CTHcmP89dYkaK7mYDVnX9TcRWM3XtrEA+8P+iDGBH/qT0a1Ij9AIPVUR1hl4u1n1RFY4xr+oJf/BQ==","mode":420,"size":890},"index.js":{"checkedAt":1708590275955,"integrity":"sha512-iOrLyK6qYjFi5E34Sa7N0eNQQ7cm2lZ+Spfia/A1whE1fVXCDgy/iQBYO3zrFnfBgtl/qY2yi4bfLQyG2aJRew==","mode":420,"size":1192},"mode.js":{"checkedAt":1708590275956,"integrity":"sha512-/WVikdv8FbAnjlMfN/NhLqwQusbn9RbhRrlpT9FJ9H46fq2MGjo81B2rrX0NLdotl/bvlVnw+jXV3oPvh+QWjw==","mode":420,"size":909},"test/basic.js":{"checkedAt":1708590275957,"integrity":"sha512-elrA+uh57y6cfPrLNvcorbpYDuOA3sI2R+cTGIH1Jk+nq6Y8e4XBd75qLOZwJzbvljTkUrc49SlY58JUcWzZcA==","mode":420,"size":4996}}}