{"files":{".babelrc":{"checkedAt":1708590272384,"integrity":"sha512-XW3U68zBi+rRhfGl0BpX4wc75pcPEOj/mF+D4gtd7Cmm2KWQQFxaajnUZebE1dkfVWdy8EBPBpBULQfPxpDhcA==","mode":420,"size":129},"LICENSE":{"checkedAt":1708590272385,"integrity":"sha512-LTvfNhbYiTy1HXidxnvHPh34TKGBc6+2B8qYH+IcSXretpQnQymdfBvWL/4f3gKAQts0VAAA9Bg8xE8rO92jLQ==","mode":420,"size":1076},"lib/globals.js":{"checkedAt":1708590272386,"integrity":"sha512-cISM6gDUMXvnhGf7F24lkq2wimoyicNKgzUqylV8VAyMe8QWVayo9WhElfLHczlOF6m2L+20Di/0xWihy+A4xg==","mode":420,"size":6609},"lib/index.js":{"checkedAt":1708590272386,"integrity":"sha512-BgcxYhXbdHWngakbYnHdWLmiHdtvTEfaXyvsRRzbWKM3wPmLFgvbOis2p8ba/TvugOdc73THBBJzBUDRBk9ioQ==","mode":420,"size":4873},"prettier.config.js":{"checkedAt":1708590272387,"integrity":"sha512-o3bxFE0RpKHniXu2IRlaLWOXzA94/0vyHAGbpqnpeQDNj4Y3WEJ1BcoqInDlwVhXd4AODAB/2eVhwBFlEmvxrg==","mode":420,"size":63},"lib/reference.js":{"checkedAt":1708590272388,"integrity":"sha512-5b5fYWW4L6iwT0oAXXUIU5cSWM/XJp4vJ1X45MdrHfBiS34xJ4teBoP42yp7aJBzhv0UwA9tlGzUVA/l09UZOA==","mode":420,"size":1584},"package.json":{"checkedAt":1708590272389,"integrity":"sha512-Sq8KQWhEvkl2bFjJ/emt3cZdsrhla8f7YPlKivqXqpRUcJa3kIXZNfLhCOH2b5/khFhB/OQJ8UtjRrYQcNjsbQ==","mode":420,"size":1150},"tsconfig.json":{"checkedAt":1708590272390,"integrity":"sha512-yGyizuAyT33LGcWPPlC1uRG0Y75EoJdc7j8TjZxRgBy2VYa3L/1AOd2bN9zRvdqPjPJuLKyok3bMuuJ/W6tpnw==","mode":420,"size":204},"tslint.json":{"checkedAt":1708590272390,"integrity":"sha512-71fjoALJiyZLfvai63lh8VJnY2V1RWmOD0DVbWiG+XBBGmPAnm7MVPTQvSWkIE7KkE+jP4g7C4gE9MAINYJ6XQ==","mode":420,"size":154},"lib/globals.js.map":{"checkedAt":1708590272391,"integrity":"sha512-g2UjS1hdqAs/vOlva8C+lUyNIOYgSnZcYS/T2ifhMYC7CB/4FVU5lRKEziaUbK1P3/Il2+vQ74DOF6wY3NBUJw==","mode":420,"size":5463},"lib/index.js.map":{"checkedAt":1708590272392,"integrity":"sha512-SjKBlaFvAdBnTzsOqyRkCaJGsRrUZFjN7yMpdYTrc2xkYovo4YfSA3ky8NtRFC2YcacdsY1AwsgO8XQ7qxye5Q==","mode":420,"size":3487},"lib/reference.js.map":{"checkedAt":1708590272393,"integrity":"sha512-Db2dUaD2+8brWOYa2hHBsNVZWshRG2rPPo0nf30YyC+ii9/Ff7sU4/Ppn93a4TVGSNALMF/sRs+HMUs5bNCLLA==","mode":420,"size":564},"README.md":{"checkedAt":1708590272395,"integrity":"sha512-FGPCZixQwybdIh2IBDO4SFCmNfy0rv982mAqD5lwvv01EAIppiQhdc8DCp29EwVJAH06WljKZx5lKf+TLwGgXw==","mode":420,"size":2572},"lib/globals.d.ts":{"checkedAt":1708590272396,"integrity":"sha512-1A49cG+NVG0Ma1p0xJLXaE7wVZY24V/QAzHDzM7l6DbnqYlPoyiIc1KhuDUNk5T6lNs/KtTpHqyZIKzqewpnDA==","mode":420,"size":158},"src/globals.ts":{"checkedAt":1708590272396,"integrity":"sha512-lBFYjighNg/8J12Sc70NBLxUKitzfAPKr4xMUzZBdpUj04CFZkGcDU9Q88NLyzisD1SDmBh9n9UDd4JXA8r0rg==","mode":420,"size":5086},"lib/index.d.ts":{"checkedAt":1708590272397,"integrity":"sha512-jUn2xiVHpeG2jtawA8wv7qhn7xYvqsrus0kobsbIDc6xmR9GQCL36wv9KYLOYamUhcG2o7uB7K6KeDK4r+La7w==","mode":420,"size":315},"src/index.ts":{"checkedAt":1708590272398,"integrity":"sha512-peuR6pfVnRRA0W1YIsRbLI3V+7qAkkuor4kbhCrqNyfGIP3lYuK2eTC/qVjZfi9tV9bkpbJ8bvkasMF0MV8MqQ==","mode":420,"size":3730},"lib/reference.d.ts":{"checkedAt":1708590272399,"integrity":"sha512-Tm87xFgyNBk29a2hyEPyHR8B9CvuPzpuuiD8i6i/cODZ9O8uUPwiDPrz2jbNrFVhhkNqyjV7hCBkJdEmhaQyiA==","mode":420,"size":112},"src/reference.ts":{"checkedAt":1708590272400,"integrity":"sha512-Tb3dlzUjO9wgecicQKO+KsDkpIMtqYfMHKrHiiexlLxBFSERmXzdRfd74QFI9qYqnImjpodC4oKK9lMu0NqowA==","mode":420,"size":561},".github/workflows/rollingversions-canary.yml":{"checkedAt":1708590272402,"integrity":"sha512-hs8c6xpi0eDOIeEYKNEQHs0qa7nhzwDYnWiMo06k4KUFaM8k6fIsNKywNu7acb9fKaAjp0hbW5BkX/PDgOqRsw==","mode":420,"size":968},".github/workflows/rollingversions.yml":{"checkedAt":1708590272403,"integrity":"sha512-dEi+9WnwzUKgSVShGSWCcLKuPs18cayBm9+XcPKR7N/SP1NBE6jB0fwHgyi81kT7hQR/tiVvLfQOB2CsAD2jFg==","mode":420,"size":957},".github/workflows/test.yml":{"checkedAt":1708590272404,"integrity":"sha512-/DYe/Poy5tQNa86HS+MzTb2R7MvSfEADp7phQQRpV/L7+3yaaiqCfbKr6FYHdMeITGiDSjd0UqigqMQQRTd0YQ==","mode":420,"size":473}}}