{"files":{"package.json":{"checkedAt":1708590273474,"integrity":"sha512-BAlu5WFmbf3a1jzV6mE44rPOHB735AjFStrUqNCEPH25kcW393HvdNE59G7abjm2mAAGVuSrLExjuQhFlXHOaA==","mode":420,"size":793},"README.md":{"checkedAt":1708590273475,"integrity":"sha512-au15ctH91lfw+bCFGi8j1VsSdvqg8cNjUGAxEbftc96UEQYvKsSJiB61DcWqh+I2KG8Ps1QJY3pcaPyHHNcoKQ==","mode":420,"size":2513},"LICENSE":{"checkedAt":1708590273475,"integrity":"sha512-UMHacIyP0mdeqn3RwddNQmJM+tRnkJ36atiCfecziXFoderaQYtNoFYpZyiyjcCVnPdjkihNzO1GiFfR8hhqmQ==","mode":420,"size":1099},"index.js":{"checkedAt":1708590273476,"integrity":"sha512-CV5VSCbjadcRcRCXEia169/U1VYy1f3W2F5Na/j2GytUBDqFXYS3NSjOR2gE9LMnuGtBrTbSfvsYJsKkh2CxZw==","mode":420,"size":2001},"History.md":{"checkedAt":1708590273477,"integrity":"sha512-gwthbDlqgmDiwYX5aiy5YR4rDyAy/M+KiA8w9yjBKUGMTrr9Ljs7AEm3j4c22F49zrWm5ZYdmD4iWCJ55nS0Kg==","mode":420,"size":180}}}