{"files":{"package.json":{"checkedAt":1708590262110,"integrity":"sha512-zLvFJrpxAImIs7nLwx14QECqbZTWN8BqiyzeSW1ka3HO2L7+Jz6XdWIjOj7HNdsgglYB4/tvgHJUUBxN94P5KA==","mode":420,"size":916},".npmignore":{"checkedAt":1708590262110,"integrity":"sha512-0FHPvGrP1p53vukHvcp4/NNsLtJEVy+N3CJd7P81/X4sNFfN3BsAmtsMMUD6Pn+VpvPHloJP/y8KkEZQnUrbQw==","mode":420,"size":54},"README.md":{"checkedAt":1708590262111,"integrity":"sha512-b5dgWrY39SvNvKU/qgZmiWk2XcTj9p/A7cAvP7+yb0NktdwuQH/oEa95G2arz3xpqIfmdjyQOdlwPHcMcVCfjA==","mode":420,"size":1594},"LICENSE":{"checkedAt":1708590262112,"integrity":"sha512-8MaOQR07d1mzD6dOo3Zj9OpJaP2469QBbJ7Lxbz32VaUHQwfgeZqu3NnbUA3kkDYKLCmrDbDree6EbYrXtFMYg==","mode":420,"size":1067},"CHANGES.md":{"checkedAt":1708590262113,"integrity":"sha512-GygENtKR5c0HtIWBsOmsLpyuobUu5vXqULRL/gfVJZM8SGwgN8g17MH0w9w7aHM3zAo2QwHDAZfIFLbpZejbaQ==","mode":420,"size":1350},"http_signing.md":{"checkedAt":1708590262114,"integrity":"sha512-6A87uA+aZNX03FEaM37eSVX6wrf/OFf4fgdVc/LfkSC+pbaQ97rg1bCyJkMjJTj2llZOx8pmKklnLeogICpMtQ==","mode":420,"size":13849},"lib/index.js":{"checkedAt":1708590262115,"integrity":"sha512-c5OQezJN+aRyQqEFawUS4Otwre2CJyB+k+vEV37FuDKXWpTLn0vsWgjr4UB3EqsNC2O7D2mrDp5NKundMSZe9A==","mode":420,"size":626},"lib/parser.js":{"checkedAt":1708590262115,"integrity":"sha512-tn2By6WDsDyq8RxrISoYRLpzAS2UW3BxsGR7uZyRwydqe3QWloUGc1fLhdLIFvRK9JBsQAK2Mw13vwVhulfclA==","mode":420,"size":9841},"lib/signer.js":{"checkedAt":1708590262117,"integrity":"sha512-h7nh4Mq58fgK3agJUFBStjB6axsnsKK/KOK2vbHqOyiVdXZxWsO//LAwuGR8Am8B04T5i9SUVL1Z8FSqkwCUWA==","mode":420,"size":13013},"lib/utils.js":{"checkedAt":1708590262118,"integrity":"sha512-D0QMFv5DyZQLcO+Q4hJBQmliDkOX/9G7h2yLezIdBkr66krmPoGJKzf7qXQZ1JtyGjz7x5Rah11ILmFLLtVTqg==","mode":420,"size":2839},"lib/verify.js":{"checkedAt":1708590262119,"integrity":"sha512-ga71UruiX6+LCDcJCr/4XIMyBJ7s/2gEXHH1AacYuscaQqamFbM3oBgft6EnIGTAKcIVzSjD6JjwfJRGwQEKPQ==","mode":420,"size":3088},".dir-locals.el":{"checkedAt":1708590262120,"integrity":"sha512-h8d2C6mXnbcyxNaPTWa78SW1jbNjJZzXP5yHznN+p7Pxs2cueSudVPUEYTELigXj0FuhLJ2AkowWcZh6D3T0dA==","mode":420,"size":178}}}