{"files":{"LICENSE":{"checkedAt":1708590270709,"integrity":"sha512-R7YS706T8a9iiR4pXp+6wF4Czxcm9Ww2+tUxQ3bijLyvfINVUnvAvaVMJsvgl7yMpctPeaqeOrbx2HXcpB1KrA==","mode":420,"size":1107},"src/browser.js":{"checkedAt":1708590270710,"integrity":"sha512-YfFZT5BGQL7B8f5qOUkgm4RT1m/k/mhzFu6Q+keKVgPHYjpVAFu7le3cti8684/F4C9dx4TSxEmoXuCH7YI5Xw==","mode":420,"size":6285},"src/common.js":{"checkedAt":1708590270711,"integrity":"sha512-r4aeRxy5scmfqQNSbrBhkLlnHc2Y0UeakACMh+bYnzg+92iw12aaUgmHtfpKYGu7v7FlXcfGbDoGzcMYKyLQIQ==","mode":420,"size":5929},"src/index.js":{"checkedAt":1708590270712,"integrity":"sha512-4Y37GIs9CmelBFW7qa6HOaSUwN8qgMj+y+Qyqm0ysAlISDies0ecwdmZfKDuykv0M335eb5HUDJ/JnSyTX4Heg==","mode":420,"size":331},"node.js":{"checkedAt":1708590270713,"integrity":"sha512-YTZ+wq/5NJ4gOilf4bwo+t3G2AtVZmD1bqSdZiXWIoIS/oLXOYEUUJo7jZrUAmQp8Ou4SVecdIGSj0fzfIYy1Q==","mode":420,"size":40},"src/node.js":{"checkedAt":1708590270714,"integrity":"sha512-yrclP7zrA8cGtNuDZ1SBPRJnlAn/dkMdBkRGJtKglNLFopyGgDEdRLEdHzE7Fl2ap7KjFV7QRTD9XD2YQ/Nryg==","mode":420,"size":4415},"package.json":{"checkedAt":1708590270715,"integrity":"sha512-a3zhRLaiITLsLn6PLCwrUdRdM38Ri3c2Ye5CcUyHXOkTpDWMF03jHm2RZpMtopnGhkaKIQz4Mwk1R9hoSqksmg==","mode":420,"size":1153},"CHANGELOG.md":{"checkedAt":1708590270716,"integrity":"sha512-2AsoaWUhxEvEM9cxobnKuoMzndhyhb8IcY232YPtw/B6WFWWTTboJ1r+4x4TkB9DUoWc3tlyFZ6SQO/CdUhaRA==","mode":420,"size":12950},"README.md":{"checkedAt":1708590270717,"integrity":"sha512-fZwm/G8BkhNpzwAi4dVihFpTzGcj/qNzjGrBgr5QaW+ir/Cc5652U33uhnFMJiM5ICOSKq9wwEb01hBsnPn1xA==","mode":420,"size":21045}}}