{"files":{"package.json":{"checkedAt":1708590276553,"integrity":"sha512-2i1AqQ64HuL9DyrdQpP0OQKQNxGvCmTBan144gkThCxPsMpiwExNks6ycDqWZCPZYvpg+0GB/CE9mfGgtDOSlw==","mode":420,"size":827},"CHANGELOG.md":{"checkedAt":1708590276553,"integrity":"sha512-kFk6gSlqT4SNzRMC7qUx+Ej7V0Iy3CiSMMQwKuU1VSrmQ3vaBoTKWVhX5I3F/kbsq9grq2OSWgXGOycK9KhCNg==","mode":420,"size":1417},"conversions.js":{"checkedAt":1708590276554,"integrity":"sha512-0duqs0FFFZ9rnN9VLySk6Bfpg2nTMLfK2NKNmnHd4zYB1X824ObLra/uij302sUl96R9Fk8mL+iv3w3R8IR6vA==","mode":420,"size":17040},"index.js":{"checkedAt":1708590276554,"integrity":"sha512-+yvQkWsExkWThWkSsaRQNNV1p2Gd8eL0lXErEd/dmnj32KKQ38h4XdwZeMYjBXaHg2xuRg2+YquMKph0RSraWQ==","mode":420,"size":1708},"LICENSE":{"checkedAt":1708590276555,"integrity":"sha512-RJ+994iKW5CItfhKptGkLPlReCoGIHn2P+Xh55fnCe1HN8PhkwDQqYoBATQx5zZSxbgUOJE7qVL/H7Y7zkYOWw==","mode":420,"size":1087},"README.md":{"checkedAt":1708590276555,"integrity":"sha512-7q6ZuyOSyojh49/C0jlgw8XDs4hwdzxabhv86I3iuJibL6Gw7PaKJuBstMnEbv6EDIa+eLYrv1wqvKICO6f1Ng==","mode":420,"size":2853},"route.js":{"checkedAt":1708590276556,"integrity":"sha512-FB909R7mYvxaJj4MsZPEfI62YgGifdGhRtJT77QTaExxB+ORCgIWfejGSWk5Kf4XgfeaZ4PWEV4soXt63vnFlA==","mode":420,"size":2257}}}