{"files":{"package.json":{"checkedAt":1708590290828,"integrity":"sha512-zGOIw2tIyQaOeDMdXqeaOQPfQ94mOIc5Yzvug4FbgMboXvs6dcs6uPzWCgpYp6SsSxtG7ukwAIJTtYsZ5ajFKA==","mode":420,"size":534},"index.js":{"checkedAt":1708590290829,"integrity":"sha512-SBrDR20PTA1OIsAAZ7UtvMnPI8rNVdiXSaq8YSaXixkTt6XUh7bODBv/oYBvvymUWrWNqHJU9GYtX4fZDbLr3w==","mode":420,"size":1284},"license":{"checkedAt":1708590290829,"integrity":"sha512-4CmlIdfwqQ9pA/wZ0W+8CVHeAJwd2E1baQ6eQDaJnzHgqv0PwnnrKGluvwTct9wAlnKP+pW2Rh1MGLq5cH1NdA==","mode":420,"size":1128},"readme.md":{"checkedAt":1708590290830,"integrity":"sha512-aGY44ebm8A1/haGqVCXD+OPLy6baXxFWp+PjvZ3N+eBSeUQsmn1Upp7bDYTMqcWj5fXBW8A6sy0HZfEUx2PlpQ==","mode":420,"size":653}}}