{"files":{"LICENSE":{"checkedAt":1708590274824,"integrity":"sha512-ceaxPOkl6bOUI+MxWXmnltwgGHScVxp8BtBVv3lTI9e0aDkMTyktRMAMUpfJNCRWUXLreypejX2bpEPGXuDxOA==","mode":420,"size":1121},"index.js":{"checkedAt":1708590274824,"integrity":"sha512-rQCQBbzBXGbtNXKgGH7ubxM7I8XbK4b7Uqex9F5e6stPGsIJ4ZNDqY20z6BRQnuR5DXxt6uRjhdw64ppZPNnQA==","mode":420,"size":1946},"package.json":{"checkedAt":1708590274825,"integrity":"sha512-L5yQb2DgQ5gmPYKBEMXsIKFurO+hPpaokj6s2CRasbuTtZw77VWag+SdLtHm2QsDoDq1WKiOgR2owJWwgvk8AA==","mode":420,"size":752},"History.md":{"checkedAt":1708590274826,"integrity":"sha512-qJhVExiwxXKXFcA1cZZDPhgVyn9DWK8uV1FQBAjsTfEDCmXsVZPWHFvXFc6YeU4NcoyjcjRnJDM0248zZYyf2Q==","mode":420,"size":317},"README.md":{"checkedAt":1708590274827,"integrity":"sha512-Ef6TP6rvR3aw/yTBcrSrlujb+ZpZWsTmbr8YJRJ6XhIk7hsHoQEYx8Vff3EZvWo1DE7CiQhtyYfmssazIoVL+w==","mode":420,"size":3784}}}