{"files":{"index.js":{"checkedAt":1708590281444,"integrity":"sha512-I01gyIY+kcDVDFgKVnpl3bdostOCQGCfXjgv+jP6jLu0ef15OhSRlJwEqGYOcHZMvIPQGtU/iiB+swj6Ribipg==","mode":420,"size":2825},"package.json":{"checkedAt":1708590281445,"integrity":"sha512-hzjb+KDBrQ1DZJfR69G01nnJffGyYgeYs1lWsye9P7q0YdKucH8VTvo8PomnSZAcYSHx421bT1+jVs0IPCBpMg==","mode":420,"size":798},"README.md":{"checkedAt":1708590281446,"integrity":"sha512-2RZR213RsJne6k7mX8DtCBnnq5tI8OK5pr+5zLZKcqC6oJzpIgP2w9eLMjUaNXo1MbsC6BgQ5tFsIUdmtcuXYg==","mode":420,"size":3777}}}