{"files":{"LICENSE":{"checkedAt":1708590268071,"integrity":"sha512-WZelnrFzSyY3eSt/YA9DKYV/H0sZzfB0iXcMkQ9Zi8/9KX99LB4YdBjrf2w6TCy/uXSYgNtstsVzuM8MVa8avg==","mode":420,"size":1098},"index.js":{"checkedAt":1708590268072,"integrity":"sha512-9/OZbdz+E3QVuMRqhPCMxmyQOCg6dAHvsPRjAeh2fhcc3eWMSfdANG+GCiyQj48mkm3qi+WK7auvQonmMOlJYQ==","mode":420,"size":2337},"package.json":{"checkedAt":1708590268073,"integrity":"sha512-0B9VVewP0p/E7H06aiHwhkej2GG6haZDPSuLZNAIox1RI+ZdMB0SkWFEN17mvIVcGt7cEOFKdSfhGvTjny1pkw==","mode":420,"size":1210},"History.md":{"checkedAt":1708590268074,"integrity":"sha512-Z6TzMwUGFSWDLm++/huq4EoD1NoHMtbpsP8ohh9bG23EBkFuKSXe6401p1l7TH/FYG6mIivPDXIed8TYvy+Y2Q==","mode":420,"size":1473},"README.md":{"checkedAt":1708590268075,"integrity":"sha512-NW8xGE8kJTTySZWDxeOQWq5OvSHIzWWgz6qEox7saMhgu6LjKl4xsMIh58H4J8R1bSE3CDe6ujzwAZfpuWIMhQ==","mode":420,"size":3663},"index.d.ts":{"checkedAt":1708590268075,"integrity":"sha512-CdSewq95tVLV7GawwyEN9gEgNMkrzEJt1tRD9FlpLTgXlpPayStOHexuezBVf01TNftQbAnxInX9RWegpcfwNQ==","mode":420,"size":356}}}