{"files":{"LICENSE":{"checkedAt":1708590280417,"integrity":"sha512-9S+vcwahUDJag10LNkKQEhRjjiujSahAh3pAf3UyvGorpH9VcaCcy40X7GmpWdU4c3oexWU3nWHgxq23SoRjDQ==","mode":420,"size":791},"clone.js":{"checkedAt":1708590280418,"integrity":"sha512-V/1CyAqNsXJzTKnScDSOspgl5S77BhnVMUkITWzYzbzoFZq8L4mjvBJ6p75E4iO88fQ90PSw3mB97C6AsbWh5A==","mode":420,"size":496},"graceful-fs.js":{"checkedAt":1708590280418,"integrity":"sha512-NsPPfY7vyQZA3QvEg3n4HhlPWWCEhpAD6q3ZXbNJUeahnCAsJEqfOJQEfbCjEnI8of2BcbJ7KbK3j/+HoD8yOQ==","mode":420,"size":12680},"legacy-streams.js":{"checkedAt":1708590280419,"integrity":"sha512-fJ2pTS2t7K/mDaTHtzmuALFQYQsrXApFRQRTrfkyqFL7ZVEUyycknCHjHCoPZHYFohp/4dBv/3hI6plqNnzZ8g==","mode":420,"size":2655},"polyfills.js":{"checkedAt":1708590280420,"integrity":"sha512-fUknjFChKnACiuPVrffNeLL+2A3hxWd8Ig5OsFSH+k7Nxp4T5/zu50kLp69JaHAS08SsLYfW/0bnHsxLcaxRNg==","mode":420,"size":10141},"package.json":{"checkedAt":1708590280420,"integrity":"sha512-Jd97ve2eweR2bpTC4MQQE2Eq/q5YawokaeyaRxgaj79eWZrb2WzWt3uE7yCJbxiIrzICyxqHlIou/aiLe3uV7Q==","mode":420,"size":1031},"README.md":{"checkedAt":1708590280421,"integrity":"sha512-Q9LFbVsvjJYo7K4jiVV1cq3I1qceERCZ5hixwmj+TyhTF2KCuMOgcVH5WLRuMl0KVho6DJB9ZU3hjf0Wo1pwmw==","mode":420,"size":4741}}}