{"files":{"LICENSE":{"checkedAt":1708590266120,"integrity":"sha512-rJL8AjV2XpWlXxQVsEvTqFaGesNx8QDMBrV52ydh8G8i/m8VoVJwW+hR2T81VqcjOTGiPv1qSOG4LBfP+7XfLg==","mode":420,"size":1108},"index.js":{"checkedAt":1708590266121,"integrity":"sha512-lhY2eIJ/Yzy+pgivgx8BjbhXfuIlQ9bf1lUKF2/oS0t4VQ37Xsv+YPEJZDizzkhfvOhiiOvc6LbZBITXzaB5zg==","mode":420,"size":504},"package.json":{"checkedAt":1708590266123,"integrity":"sha512-wI2nt4Usmyl6Kfb7Xc9RpntRPK7BdHSs7LzzJMVhVgH+mXRL1J6Q8KIdilcQq9WOeLSonZyg5LCx8pWEulS1fg==","mode":420,"size":1142},"HISTORY.md":{"checkedAt":1708590266124,"integrity":"sha512-zEzgwnta1B1jdgc4AuQXpaOEgoZ5Gsw7Nlpy2aqSykBOsw1NX5KWRkOm4rC1j8bcX3r1bOTnkH8x+Bi8KkalEw==","mode":420,"size":128},"README.md":{"checkedAt":1708590266125,"integrity":"sha512-aRPaylbJiPAML1pDa98UpA2eOz2U2Cc1OYxkbuqttW5SUJHro1h0UhW6p16Jkg2I0J+m0tcBhFL2/MMQ2UneKQ==","mode":420,"size":1803}}}