{"files":{"package.json":{"checkedAt":1708590290018,"integrity":"sha512-G4oR2jcdBym8U+CrpBmyRyED+wR1dzSYZ225fTSTOhoiQLkjx0xG/KRQA6OXe1SORJvXv27wgbnSf2HRcdzBoA==","mode":420,"size":926},"index.js":{"checkedAt":1708590290019,"integrity":"sha512-xS2T0XBFamA4/WGLtTpFi65QvPFnQEMKKgWNK8/JqTPBrWOLav2eoKaX3kWAJ5rtJZH93BVD3j2ORnnKpiIvpA==","mode":420,"size":1808},"license":{"checkedAt":1708590269291,"integrity":"sha512-nIst73auX/5NY2Fmv5Y116vWnNrEv4GaIUX3lpZG05rpXJY2S8EX+fpUS5hRjClCM0VdT2Za9DDHXXB5jdSrEw==","mode":420,"size":1109},"readme.md":{"checkedAt":1708590290020,"integrity":"sha512-bxtQtfJ3sekbQhtgGr/pFluguVPJlhfD0Yskth9AwS3fhzBWQbgoQPVavvM0Ca4nmW4CiHym16Gn2dBFoiLmzw==","mode":420,"size":3203}}}