{"files":{".editorconfig":{"checkedAt":1708590284421,"integrity":"sha512-nFz2Cup2NkFCisgRu25rqoTR1S/llYDFgm2r/Z9CyjqiCYCA8s8ZharhVcERN5u2QDg5clmcKTwnMV6F2Nq4CQ==","mode":420,"size":289},".eslintrc":{"checkedAt":1708590284422,"integrity":"sha512-d5qGdfV6aebI9LTpRnF9d6xFimhcfzEC6R6rZBFjO7iDqTdvfLGYOu29C01XiWsQAwGM4Fr+0NXY5WkIKFMcBw==","mode":420,"size":183},".gitattributes":{"checkedAt":1708590284422,"integrity":"sha512-pymL2KRLkx2dNkTLULK0BJTzNXFJ5sXRoxV6HVvoXOYrRPtL68u8+tfy3nRT8NR/zwCNzDLzsqmSMFxCVtd6ZA==","mode":420,"size":128},".nycrc":{"checkedAt":1708590284423,"integrity":"sha512-2vm1RFz8Ajl/OYrfoCWPJIm3Bpnf7Gyn5bha/lZx/cq+We3uMy9xj15XeP6x4wF3jf/pO7KMHAkU9mllm605xg==","mode":420,"size":139},"LICENSE":{"checkedAt":1708590284424,"integrity":"sha512-oRecjj+Ty0QSZ1pSaJ5E309i5W/dqJJLejf+9/BRvhDgBb2bg8doXR4cnOwgxzR7dqUML/CI+C+rhz8e+NN3JA==","mode":420,"size":1087},"index.js":{"checkedAt":1708590284424,"integrity":"sha512-DeCe6QH4lwVXdJ+3mTIMjU1Nawayv1Ezj/qNOdG9KADqJYp6hZyn5L8GsJyCQnHmt4OGbrYtkNaj1gEBW9KZ5Q==","mode":420,"size":355},"test/index.js":{"checkedAt":1708590284425,"integrity":"sha512-igYDZup67qc2pGXI9U5A5Ua8oi8uAnjlQpN/og24i+jrWalPI9YLL3YPhYbVYwtGZZCttlEpC0SY4Jf6geH9bQ==","mode":420,"size":3103},"package.json":{"checkedAt":1708590284426,"integrity":"sha512-43ugkxz6RZUqd/obCVi7ANmLR/tpeLOKp2i4JMDR7nLy4QTArh1oR6Tlv79gsK7ko6bgs+prKt+Mi2UetDb2IA==","mode":420,"size":2269},"CHANGELOG.md":{"checkedAt":1708590284426,"integrity":"sha512-QxVXtRVSfpK6yPw2fl+UPP1aaaWt/qAOgRj328UCVativE0KE+QGc/pt+5mPU6DIbb//u2C9iS9FLjz4o6W2ww==","mode":420,"size":9963},"README.md":{"checkedAt":1708590284427,"integrity":"sha512-Iux3wpdMbjCp5QT3jWTo8hhbR6PzYVilU6u7SdXEzyKboUm4e4ctOhwE2im4qyIHe83pHdLtfTX+J4qy/tTh3A==","mode":420,"size":4782},".github/FUNDING.yml":{"checkedAt":1708590284428,"integrity":"sha512-493Bn9Ph/89P8ounwXhZtcuubkG6AFZ6XFbBSZTbg8wnpFRR4b3v/2RiYK2vaPy01MVhExcBd6FOD8mmT+b8Ig==","mode":420,"size":584}}}