{"files":{"package.json":{"checkedAt":1708590295002,"integrity":"sha512-EnyiF2RrGLduVoFMn9yuRMV6YMvDJIBACwjifCbz/FagkViNhKkge84ATLuhknzO1Ee91CPODo2wNp/tn3UlwQ==","mode":438,"size":684},"README.md":{"checkedAt":1708590295003,"integrity":"sha512-ZNUr/O255IpdsR5wFJA0gMtv1ZcPT5SMkN2JeB0rJMl3Wtw+vg4XwSKSUe2Ukharaji5QXNSeUBINbC6CCJfkw==","mode":438,"size":4056},"index.js":{"checkedAt":1708590295004,"integrity":"sha512-SS7tmcMAUOL+5xWNwWctmZHqIK8EOjmDCYpBDGGooORqH8LdMylvfPF/TkkeXuKA/Nnn67lFI5zNy0Fu5PCWFA==","mode":438,"size":14242},"CHANGELOG.md":{"checkedAt":1708590295005,"integrity":"sha512-Rm+nnwr1eeIwy/ws8Dh+et0phHwPv6PzB923uNJlL7tjpJ519kl1+g6KuASjpMm5gIKZ4EfaAPKzkwyg2KAssw==","mode":438,"size":1098},"LICENSE.md":{"checkedAt":1708590295005,"integrity":"sha512-TvPhEN+EaSaAcqtpIeAx2wT/KGH1tLUQD/FD/JMZl6EpMLIyjXEzIH/PG6g53HD4itnwF01vTdrFy71xcSq60A==","mode":438,"size":1116}}}