{"files":{"package.json":{"checkedAt":1708590285750,"integrity":"sha512-amcU+iD4vsym/V3pEnJMQ/wqurmNr+H4UuIOZwdFjGKFg+vUxyOmp1fXmb16eSucMBvJiKvAZylVhZeGr+xTyw==","mode":420,"size":883},"LICENSE":{"checkedAt":1708590285751,"integrity":"sha512-UYETA37gNUDKrmMFiphSX5pKZ0Jb2MNZb2l77Vrh0gU/5292uFpO77gMxRn3sD02jPS0RSiMTKfKy151I/M5Yg==","mode":420,"size":1073},"index.js":{"checkedAt":1708590285751,"integrity":"sha512-ankwTbPNOCn9mTNwBN5v+xlQYyjA6X/VKXfpsCr0zpqYVY2pD2v6fc/7tGtj7dMCMxFNWXKTWO1gCG5cLda2sA==","mode":420,"size":1235},".travis.yml":{"checkedAt":1708590285752,"integrity":"sha512-G+4vN/bNPR0azSHZo1UnPVGWGpOvlA4p7IB/UtRUf1BGXLZpPHiBX4nQH25am3P3SN1wLxGWAjpWpnVOP/lmag==","mode":420,"size":48},"example/safe.js":{"checkedAt":1708590285752,"integrity":"sha512-oZpQYVCdMai81SMN2fBbFyO6DV8lFRM9yIP1A470u0xw/kNoZi0bWVQ5lRp0Uf13WNZx6X3oXPdnP4X+wsm7vQ==","mode":420,"size":98},"readme.markdown":{"checkedAt":1708590285753,"integrity":"sha512-9OndgfNofNMoTlGyMZppicyqkNkvdFfGOpmlXmut9JsieUafs5z7X6aMmv26J1H5eZJj7q9jJ3dzEuCJLFQTcg==","mode":420,"size":1570},"test/regex.js":{"checkedAt":1708590285754,"integrity":"sha512-JM8TjGlhONHgdU/TovWtYHPcebUBUZzINMUC13Ms/rkAzw9vXrTLajafV7J4fAc0J+xF9Rqmm9V0XRV1f8P0Pg==","mode":420,"size":963}}}