{"files":{"package.json":{"checkedAt":1708590281650,"integrity":"sha512-FnqsJ1+kfA0F2R+ppi2uOSIxT/aq7soxYQBc40nHie6mQrea0fb1+8MP8YProUQHRN+d/cWqMz9K2VWz/F2+Lw==","mode":420,"size":2448},"index.js":{"checkedAt":1708590281651,"integrity":"sha512-DE8Cn38GRd7rUye43Uj+d9gPQqX3UUOkWuglG9hzbWHlmQQrjV+xioF/sxFZAaFNVtzqMwO51vWdPAL3ixG46Q==","mode":420,"size":8241},"LICENSE":{"checkedAt":1708590281652,"integrity":"sha512-n8vl3Ia8M7208SVVnnZ8OqrZTHxLIbgLaU2bAVjuDxDuU7Enwr8F25dor9rx+2d4/QihlBL7PBra1lWGPmw1HQ==","mode":420,"size":1088},"README.md":{"checkedAt":1708590281652,"integrity":"sha512-Q1+26JTgnikEPFwyjvkgEyeqFMxGfOBoDdozUtY1YuzU7lp6f+H8eCPizTJ31JYmr+COlxky4ii8y/RceeHkgA==","mode":420,"size":23511},"lib/braces.js":{"checkedAt":1708590281653,"integrity":"sha512-FJFoDF1hJTj+/Tcxq1NfisZt1oI6OLRaB0SBWWhfLG3whEzdh+TOwlMUtVzDmg4VcbGjSAdUuUXeIVMjMxJkJA==","mode":420,"size":2455},"lib/compilers.js":{"checkedAt":1708590281654,"integrity":"sha512-Tw3fvrkjjK/brwSdAtmne3umP0+PpPzywP/zBuoMRPUMTLxevnpVes+NVORcTOTQI4CHSfJAaUAIkIUYd2Iixw==","mode":420,"size":6894},"lib/parsers.js":{"checkedAt":1708590281655,"integrity":"sha512-2MQwud/wTo/wzkKj1VXedhI3F6QHN1+nokJqJ5mjmmOoDaX6v+Kg3uw+fBAt0S0SH2wb7a1X1nUTetORroTIsg==","mode":420,"size":8031},"lib/utils.js":{"checkedAt":1708590281655,"integrity":"sha512-vYCHz1jtJpkPnbv/XsRxNGpcLFpcLL7FNKjwkb5Ylk05ejkiWgDv4MxtAmfNYQKhuOCwGyL1ZbcyYkOSzFW8yQ==","mode":420,"size":7031}}}