{"files":{"LICENSE":{"checkedAt":1708590280728,"integrity":"sha512-LtI9MtRTHB88rDPsNPYR8OzIo42w6CZ0EhX8wZymB5fblibgve3SJVjhQs99kW/d9Hrxwa9K5U+swkph5Zf3mw==","mode":420,"size":1101},"default.js":{"checkedAt":1708590280729,"integrity":"sha512-vgLT/DxcVXWLLoUXP2xzXNL/8OTCHl3VuFXGFY3DRwH96ZBTrJopzbJuduz6AgAlVcuq2aWNSbTSvkVgYvv2nw==","mode":420,"size":55},"index.js":{"checkedAt":1708590280730,"integrity":"sha512-EQhMwoe9h8zYzvUFNlc5IYtuo3505aFZ21+P+NZv1Hs15pz+vNBicU+i+knB5PibkNrjLnLBJfjDzoNH/O/MZQ==","mode":420,"size":5616},"test/index.js":{"checkedAt":1708590280730,"integrity":"sha512-EyeZ6nvGG9VRSLTehnsilRAwW6jehE8LRcPtbQ93Ug+HRue2NfdqPg6NCIB92pEGTagCdRMCz13oilnE4SKHiw==","mode":420,"size":11404},"package.json":{"checkedAt":1708590280731,"integrity":"sha512-8pDmQ1eqLw+Q/3VvELUDXdrh613Oyqp0XGxldapur2pQH2u9HhY7067mg93vxdmsv345dw8JowC9GHG3BUbCdQ==","mode":420,"size":1656},"readme.md":{"checkedAt":1708590280732,"integrity":"sha512-aLPx2ZeJeHVgTRgar9OS6Y1Ek6lAn1LAZBLTrFMhIzuV5YflTQZab75QdFWwYOz1WQZNiqlSM+n21MM1+Pbmrg==","mode":420,"size":4571},"index.d.ts":{"checkedAt":1708590280733,"integrity":"sha512-JsdfVtV4Ego2zxBadH5EH2pYTOu6o7k51LFJTzCBGWdgbuc7VkwOprc0Jo6qOOSZkt5f+BHzkOJClM+qeB4Cgw==","mode":420,"size":181},"index.test-d.ts":{"checkedAt":1708590280733,"integrity":"sha512-jq1KL53uevXu0iuuFxTPGfPT/IRZEaiWNnNHtv2HHQMdD9C+U+X/BYCKjfplws6Th8siDeMIaA6p6I/OB8GOuQ==","mode":420,"size":174},".github/workflows/ci.yml":{"checkedAt":1708590280734,"integrity":"sha512-xIXfGqgDh3TNox7gQ/7kOTm3B7qBZwxjdyt+VfwA2MjlKE7UNmpnuDwr63f3tVVCVfTL1JtRmSDuxSocJZhd8A==","mode":420,"size":448}}}