{"files":{"src/IPv6.js":{"checkedAt":1708590271888,"integrity":"sha512-oQ79rHwNz0UzmiVvEAXVoytey2H8lP3reOAQLPlxl0i0QV5XQyw/CP1KSdCFi3dPdn3H4IB/mJa0Jx36xQw8NQ==","mode":420,"size":4423},"src/jquery.URI.js":{"checkedAt":1708590271889,"integrity":"sha512-gzWXZP0ceIelnwOkwjjHdNsuYaK4q6e3vmNsTy76mEn3ZAfF1Wv13qHapw/NAp4aI3yKv1eAWoEQfDB7AiBstQ==","mode":420,"size":6690},"src/jquery.URI.min.js":{"checkedAt":1708590271890,"integrity":"sha512-aUr4Edp2h8wcvKpYz5LL88Uq0xy0ocl+xf5XPDqt9nC2Gq3+NA14E44Id2cdRH1JBct+dRNKPfklGWbgM1l17g==","mode":420,"size":2643},"src/punycode.js":{"checkedAt":1708590271890,"integrity":"sha512-+yfeu5cv0rpGgpekBC+iKnRrkTvRit5bwx0S7gFu8K8VC748KCmTU9HppuP+Dgb49unWjCa+tS5fBCT/wrCNrw==","mode":420,"size":14670},"src/SecondLevelDomains.js":{"checkedAt":1708590271891,"integrity":"sha512-a4y2Z6HMunGoYv+2q//5nDAsppWARh39WglAfYOMQevHgHcnUvs1tI7CPW5bnvFC28ogN1SlbP70u+xtqYxffA==","mode":420,"size":12089},"src/URI.fragmentQuery.js":{"checkedAt":1708590271892,"integrity":"sha512-2yOjNl4dOz6mPytbFcUVCWyTlM6PdS8Gncr2zn8rSALnSuv8V08KtyCwS3TYYgct1eFXHWJSc6w9z3Huz/sjnQ==","mode":420,"size":3819},"src/URI.fragmentURI.js":{"checkedAt":1708590271892,"integrity":"sha512-s5GNVbAUXath3da3Vqp4JVpgZnAVqSmiEO+o2VwBgPaE8Ne9mSOgwG1nzbVgNgBwaRCMFGMQ7yxRxD/paelO+w==","mode":420,"size":2753},"src/URI.js":{"checkedAt":1708590271893,"integrity":"sha512-aHFtBQOIw5Qivcio5kuzr3wUQoEM6EKRSikn8/WcnyKaBc9ap4T0XjW+spcA3xJUZd4ek1XGSo5rAl0+FhqOZQ==","mode":420,"size":67352},"src/URI.min.js":{"checkedAt":1708590271894,"integrity":"sha512-HBrZaiSIpZkFPGkutbgouEKsfM+HCrfyioscGYbNPPWb7kvMQcfKzMo35yXb+X+eaOOzpu6UkppcJXfKKO/UqQ==","mode":420,"size":47616},"src/URITemplate.js":{"checkedAt":1708590271895,"integrity":"sha512-tw0oe1ZzW+33jc8JzLMejRYZqi9wHqX4ZAbPDzsr4Qq3JPI5g86batTTTlTaVc/y9UMAbZJCCrrHBQ0fGZ2uPw==","mode":420,"size":15544},"package.json":{"checkedAt":1708590271896,"integrity":"sha512-63ZKKH0WGm9xS3b/m4tqWuzBaCYqaQYQctiWlB9kesIiPxV1C4BVRRbcbgoioTYtDc+inaiKJoDU9VneEzWHvg==","mode":420,"size":1542},"README.md":{"checkedAt":1708590271897,"integrity":"sha512-5oPyKY4NXRFplm5YLnWIrG9REEJiaM259NKaR/8DH2iG0SzvFe8LiWuYgvF3DPdvKM1sUE7Q2ZiRjNVGncBnKg==","mode":420,"size":10470},"LICENSE.txt":{"checkedAt":1708590271898,"integrity":"sha512-4Yg3TOlpAfk7A/f9PgKC3FLm4GzV+D97TfyNBcbcK3XzFEpMCm18ySN+Vojt0rfKNo8NTBYnakvsBoFJ+9oo3g==","mode":420,"size":1077}}}