{"files":{"package.json":{"checkedAt":1708590291079,"integrity":"sha512-bP1cSgZyrAmOoXA1R31P+kuL/QeXwsvzW6prDeFebu1zLmnFhml1oW40l+QZiENapdoTBDxB1btYtpH8Sk9S4w==","mode":420,"size":618},"index.js":{"checkedAt":1708590291080,"integrity":"sha512-ifX7J6yMPjL/mwyBAB+sj/eUvE7oq+MRMr+2OJj/0zTVQbFPHFrUVkP51YMjgVoUfT1TS4TnQo23y7gjSTsogg==","mode":420,"size":1369},"license":{"checkedAt":1708590291081,"integrity":"sha512-0jcpEMRu9HSlXZwdMzkssGf7tRh1NUwpTDjLvItOwUjrKu3S4FF7Rx9j9pVals5yQQvXposNgCp8e7GV8BluSA==","mode":420,"size":1105},"readme.md":{"checkedAt":1708590291082,"integrity":"sha512-SV/f35X3oOM7huJuK/jdL4eiW3kMe/ZsbGMhSNBMvD8YlfrifrwO4v991gs7KAW/GI6U2rhAiKnrNFa8YBnzuw==","mode":420,"size":986}}}