{"files":{"package.json":{"checkedAt":1708590274277,"integrity":"sha512-7oblLNA8grvAfjbCyLaugXDlvM9Qm7LtaPJcmKr+y3weXRtL2HGegWeajQjssE/nTzQcQbnbhPnOLfo5xENw/Q==","mode":420,"size":1070},"README.md":{"checkedAt":1708590274278,"integrity":"sha512-2IyhI3VaQdGLudoMx05XhIdLe5Jw0b2fv08KPGewJ9WYa1nkDHvNmypWChg+AeAnmnMPdRTsd0/XWjGmrlvtDg==","mode":420,"size":2489},"LICENSE":{"checkedAt":1708590274279,"integrity":"sha512-bdIdGEVYryHTLVB4DeXpDEC+WCrlcIryyJsog8g2+6/DcoyUm6Be/OTXGVf3MU/xuo3erfI+wKV8UGFukLbHMA==","mode":420,"size":1093},"index.js":{"checkedAt":1708590274280,"integrity":"sha512-TpkzyyUXZgPT3OCiHsZR3G2U3+zWFkyjkCXdOUbDET8usC0usOJjoL2XAVbtX64QhQsEty204lx2bSEaYu7E5A==","mode":420,"size":1128}}}