{"files":{"LICENSE":{"checkedAt":1708590293101,"integrity":"sha512-+SuSsWI/AO9RiC88jRfg0BC8UmG/DrjpuLS2zX2fSXCOQxFP+JPyeI7f7ZRaXAL30TwbtYqz9CaqgCHfNi3S3A==","mode":420,"size":1077},"lib/jsprim.js":{"checkedAt":1708590293102,"integrity":"sha512-4iKZuVT6jX8DCCz4W3uIYbtpdwkOlhvvSJUo+QUfnMsWEzHtezUmwQtQoB78oboNl5F5fXSAx7Sz68/yrUa/sw==","mode":420,"size":17071},"package.json":{"checkedAt":1708590293103,"integrity":"sha512-pXx3XTzfpRcIvLpPfohL13DjmD37I42GxY+wgKzyDDeKegGoHlcp1rlEY6R+1FvndKZ7eean/UM/uGxysy1B1w==","mode":420,"size":398},"CHANGES.md":{"checkedAt":1708590293104,"integrity":"sha512-eI7sviN/y7XgG8toR4WmKA/ylavXV7BRDpdlBqGQNF4sR2otloF+UPDoJ/xJyxCn8CP5X4Wsl7datVv/EFWE9g==","mode":420,"size":1091},"CONTRIBUTING.md":{"checkedAt":1708590293104,"integrity":"sha512-pHBSj1wbi5gHNV0N4/uceoeLRF81V834V6LoPhV8TqqBruUFbnLYdQWdtF95MKPGQJcZ762bqhQHFdgVVXD54Q==","mode":420,"size":770},"README.md":{"checkedAt":1708590293105,"integrity":"sha512-1fvyOZ7lSOYRBTCV0WPkUZ8sL47tmeudTkodWIfEFAHCgw8IH4Jdj9WQkSxlXx2GFlPMfKazhFP4XvqPGIVQPg==","mode":420,"size":10776}}}