{"files":{"package.json":{"checkedAt":1708590273538,"integrity":"sha512-7edXfK9tZ6BVOWlTbst7YjUG+Ik0PhWPWTalR4CquzzhgLtcAgFN+8VAbdm1eJnnMsHWP6iwGmj7kOxAJENCSA==","mode":420,"size":1291},"README.md":{"checkedAt":1708590273539,"integrity":"sha512-38RZGWeEOhKtSEUEzhTxZvSAcok6pJ+mCKelXloVz79vh1PGNH3fPPIxy43NxwRmkfnuAtuIndMJrOvAmh0Mow==","mode":420,"size":3140},"LICENSE":{"checkedAt":1708590273540,"integrity":"sha512-CnFEd+zu5cIdcJwcKPQ82LYbZN4zpDGBC4DxyXXSoxyA6Nq6K9d6CCYXQdosU9Fq96xELj21N/ZtmeEGcqlDPw==","mode":420,"size":1088},"index.js":{"checkedAt":1708590273540,"integrity":"sha512-gQ4954VPhWl9KF4wSEyfAQRWGL+2pWZA3UiCeWVBNkWsu+uOgBLud5P6tdYCRxU9zMiueIOC5qUNLvnbUKlczg==","mode":420,"size":1435}}}