{"files":{"LICENSE":{"checkedAt":1708590278363,"integrity":"sha512-P6dI5Z+zrwxSk1MIRPqpYG2ScYNkidLIATQXd50QzBgBh/XmcEd/nsd9NB4O9k6rfc+4dsY5DwJ7xvhpoS0PRg==","mode":420,"size":765},"lib/debug.js":{"checkedAt":1708590278363,"integrity":"sha512-j4369YvqCRfs+TlNdoSBzP1aJ4NEH5LcG/5XHp1eh0Va/9toC9Egkj8RVAgyqV3sJg7X5jTv/L0OOnPRR7/1dw==","mode":420,"size":140},"lib/nopt-lib.js":{"checkedAt":1708590278364,"integrity":"sha512-OSGULuZ7DhDpZnrvtvQFKUT68I35G40ZlyixtKgONjnkIg1LoH9zmijduAsOT0yz9EVuPR3QPmMdR5dBOwhTyw==","mode":420,"size":12818},"bin/nopt.js":{"checkedAt":1708590278365,"integrity":"sha512-mtmKvOJV5eqm5rRSMrqW5LwYWFmT6FZMVS/YAVAddSLeLAJUt3jvypPWoc3ns/KlxEAU/AKxLlN+JDeq3t07ug==","mode":493,"size":644},"lib/nopt.js":{"checkedAt":1708590278366,"integrity":"sha512-9brV3SN/CTkoxcL55QTcdg0TBeUoBTaEv7BI2oO2wcX0byQqXxPVTVov5tYLIlFocdEpEK6VlvB02Ker+cIHlw==","mode":420,"size":955},"lib/type-defs.js":{"checkedAt":1708590278367,"integrity":"sha512-sg0a9jWWS5xDqBT3/Yd6UbeXkRwH40dDMQ3ez8XFPT4i4KY/RsBbyZi7n0iJm5Pn37S1FVWoUGrrusre4RsM+A==","mode":420,"size":2030},"package.json":{"checkedAt":1708590278368,"integrity":"sha512-ecAuyscQHKWgoYSDtNB35r8wlYigmmVezPrCtxzJvv1uzcar42TG82HYXWrW1zz1WwOCnhebuVJKB39WxLXtZg==","mode":420,"size":1167},"README.md":{"checkedAt":1708590278369,"integrity":"sha512-ZullvtlD3gycMqq0EiTC4oKm4kegUiV+2OwvOh6jaE86vRZESSVd1SWZ0jm0FcdjfHBbxSWDIXIj7EsKhtwopQ==","mode":420,"size":7618}}}