{"files":{"LICENSE":{"checkedAt":1708590265756,"integrity":"sha512-TpUEh5v3XzJxfm1yiRJeWv8n5oTI/jgrcsaQ0/PFZPrLPvsePr9nhgZDLVH9CpPbMq9qq2XavzEZMYh/KDTB+Q==","mode":420,"size":1079},"lib/application.js":{"checkedAt":1708590265761,"integrity":"sha512-SdfUhfmgJlXg4zKVo0O6VzshhxGmXo0qBdKAk9jN/bqv5YeWFgf4X51uHs31rknsbIW8mDw7kxQurw8mAt6v0A==","mode":420,"size":8146},"lib/context.js":{"checkedAt":1708590265763,"integrity":"sha512-9q+XrsFJc91TklwZmpeWAqj/5eyVbKGw8wWeW9JR5jFdfPpq/p3MYPoHDojWUk/qTFKLXzc5nfpyhbDk1l8fXA==","mode":420,"size":5582},"lib/request.js":{"checkedAt":1708590265764,"integrity":"sha512-ae0xjdaM8QNuuftTvftOPj0/cqOjbMdN6ZX4Kj2NiMhpq/HjzVQJD8fJMf9GvgrazvgWW4Ix8Az5+AruBC/jvg==","mode":420,"size":14464},"lib/response.js":{"checkedAt":1708590265765,"integrity":"sha512-Y6AAAPcEuNLSWFHa8mUptdDpSP/QJPOWW0mYGE63vz/C5qOSAlL68/3l78sUFr3EpWTPxE1UG2qhEWxufXaK0Q==","mode":420,"size":12151},"package.json":{"checkedAt":1708590265766,"integrity":"sha512-AyzuwlhOdSdG/x2oDyga5IwLAOEmkX5v4GhgYMOq+e/ECTA1px87z0sYaGYRQ5Xzeu/7AQ8O14NgOy7lE8Z0qA==","mode":420,"size":2312},"Readme.md":{"checkedAt":1708590265768,"integrity":"sha512-OPGlsJvGMGIrdxFwEOpdYmg2EVKItHvWIF/1oP9MZRntBG8oJqjzkKAMoCNO5c1VF2px/3ndm9RbuUyk8ogoUA==","mode":420,"size":17277},"dist/koa.mjs":{"checkedAt":1708590265769,"integrity":"sha512-vOulzArnKqiSd7xbjug9QWDlcWPx65vagd8bQZGPPSClvuUamZ0eG2T55LQLkRsmgabEVWQz1Cx0zcg0g6MNqg==","mode":420,"size":102}}}