{"files":{"LICENSE":{"checkedAt":1708590280308,"integrity":"sha512-h0rdBsDqtWC45/uheGci7eRi/yJj7PMuAZIPfwkHIjmvyNmgViiGWx4UOIr39jHuVX3SK01j5E3qp8czGjInBQ==","mode":420,"size":1079},"lib/DateRollingFileStream.js":{"checkedAt":1708590280309,"integrity":"sha512-WhX3nxiajVipDuZwqGVTI/eXTLet+X3EPY0DzNneEw14rGDSi40Uw0vVtd5C2XIJ2AblPQSGjKO/fbLKOyTGHA==","mode":420,"size":1180},"lib/fileNameFormatter.js":{"checkedAt":1708590280310,"integrity":"sha512-GGE7Lt7X1O3O5F8JGqe6KOYvrnDWhJsBtwnuCSGdXve5BVAwLLdnQwKaQw23gTy8GASRb8RXcUJRXJFOQ/t9DA==","mode":420,"size":964},"lib/fileNameParser.js":{"checkedAt":1708590280310,"integrity":"sha512-opafS2jHN1RoSvPHJCtaA7BaN+Bpk874xGrxBafZOIRiLKfRUNSV/zi1xozWr5fqWXYTl6qZHde2owBqTUgWrg==","mode":420,"size":2964},"lib/index.js":{"checkedAt":1708590280311,"integrity":"sha512-rn08rfVQv442cSHATVwrL5yYoIr0jH2VfXF37DlrgVhq6UXUO8RVdYldRNqLgsOtU0jOOdzYaSU1A84KTx/ugg==","mode":420,"size":198},"lib/moveAndMaybeCompressFile.js":{"checkedAt":1708590280312,"integrity":"sha512-OzSiYveSz82nH4TiBHjgIos3zTfi6Y4XJCibWFeAoqQZ/tsiBfQh6uQpWQxZnpSmzeJnKrhicg1A/E/sh3wTBg==","mode":420,"size":4244},"lib/now.js":{"checkedAt":1708590280313,"integrity":"sha512-NlFQN9LeMK4e10MaELr4VbUh4gT1L0yO6IL26A5RZebSo0Yhug++3nxq8DqnKQmVizehxSxa+vvy96Y/dX5lxQ==","mode":420,"size":79},"lib/RollingFileStream.js":{"checkedAt":1708590280314,"integrity":"sha512-cFWphHpILgM3aqJPDKEbtaDrSYcb3J72OKsSMdCUybTMKovyJ6XhmhXAI6F3mq7pf8B9wegX8xnLffLORRf+Lw==","mode":420,"size":692},"lib/RollingFileWriteStream.js":{"checkedAt":1708590280314,"integrity":"sha512-g2Z0TgXBOuU8UbXFyR7B0LbXjiOE+VbhuK7Z1kgEthbGEx+ZPCwkMZZ+76TFUzvZ+kx0V/jBFz+5SFKmRCFuAg==","mode":420,"size":11077},"package.json":{"checkedAt":1708590280315,"integrity":"sha512-zpR15CWx+A/lco1ANQ91wOTUwCUtTsb/1J+0mhSqchnHgsx/8v3KoI1+VhuGk1e4XZZJowThzyeWmlCt2DO0ng==","mode":420,"size":1883},"CHANGELOG.md":{"checkedAt":1708590280316,"integrity":"sha512-eDkj96eIrBcUhSEGMeesJm5D/Jjpfdz41ta3hTD/sxA81r/Ck/r2F1ofy1+qziaX+ua6VjtT1vbo6VQ8Cxl4Zg==","mode":420,"size":19874},"README.md":{"checkedAt":1708590280317,"integrity":"sha512-tvaB59e+ky6oiCJr3lAH8A8F6gXiht6YwAGbAJGL9yzpwjw72xbR3wOkjibrQVSV+ZC47yPL+fHFtx2uO0I31g==","mode":420,"size":5503}}}