{"files":{"package.json":{"checkedAt":1708590264529,"integrity":"sha512-f89jjb9WM7gY0JHagS1gejBQhBiZgRdyYwJJWS2q7yIQ/Y3rbucx9ib1N8GqXNruFAvI7nNlMDWiICg8nSEoYw==","mode":420,"size":588},"index.js":{"checkedAt":1708590264530,"integrity":"sha512-HimJN4HJq3aFXTEgseHMB4oYvcjcscjyIRtGr5Ne2+0hP9nrT6f6k3+eDlx4lJv1+1pDi0iOeU7TKHMtjJS2mQ==","mode":420,"size":909},"README.md":{"checkedAt":1708590264531,"integrity":"sha512-HteXf9z73uAx+ketmBbB01FVPTYZXPFezhyHfb50oUe8VQUPA0dCGjhu39UaT0QytOY6Bst4dBJ56sZFNFSkpQ==","mode":420,"size":741}}}