{"files":{"package.json":{"checkedAt":1708590269835,"integrity":"sha512-YFgsdl8FhgSMWXrZtqPiUe7BsmFbsYjqlhoKDG5VWQC8sgpZqlE+lp+S4Q+EJCoe6nGjyaX2FA0j36MzNTJ62w==","mode":420,"size":991},"History.md":{"checkedAt":1708590269836,"integrity":"sha512-SPq/e3+xSlhPspQf22qhw07C/wGmeEJNnG2a9OjWy0/4XqrIT3qvN7EKMJ8i0enC0ZIPnXGMeVExUn9yC2G+pA==","mode":420,"size":1155},"index.js":{"checkedAt":1708590269837,"integrity":"sha512-UnCGrRkjMUd2WjDW7Nj+vaMgdk5kdJHks9/WX/AFRzNVFjEku5uoKeT2l6+9/iNldbDwLrIj7mRlGUAlWERerw==","mode":420,"size":3529},"Readme.md":{"checkedAt":1708590269837,"integrity":"sha512-Dh8WnaiI17Zn7RXMw6PMMaln/ehdV2NzbR06qtftiX7xy/c7MiUkeFaS95PekM4qlIvsKnaVnLXpdp4aHKSBtw==","mode":420,"size":1665}}}