{"files":{"dist/cjs/index.js":{"checkedAt":1708590277426,"integrity":"sha512-mUpLC06byNEVYfYNKNLOtzhFboTt6bejUBOZ9ObAFuC6BFkJYGjcY3tFGPCmsm9kFBrjJCjKupGKrbPKuaykew==","mode":420,"size":65859},"dist/mjs/index.js":{"checkedAt":1708590277427,"integrity":"sha512-fPRzCUxru/vsb7xfq3IJId9IqeIFAWBQAS2N2g7zVeJqRUgPh5PgYpaMCZaReXPITEEW4lG391RtIUQ8nLxK2A==","mode":420,"size":64089},"dist/cjs/package.json":{"checkedAt":1708590277428,"integrity":"sha512-bFiTnaWPm3Fik6gyj3o2SbbiQr8jX64ABVoMx5+yeI5Kmd+qQi4M+tvoTg1eM7g29oYn5qQJZUh37cRDuU0ExA==","mode":420,"size":25},"dist/mjs/package.json":{"checkedAt":1708590277428,"integrity":"sha512-nTI0IMxjxr7nncxdtfDxj2uOBz2q+P+lRZ4R8t5ZqfXowXjXf6kq/J3dNSYj3sNixi//hZxxovq5Px4hcsSYfw==","mode":420,"size":23},"package.json":{"checkedAt":1708590277429,"integrity":"sha512-eADcw1R1e4u33l4RkxNC4df7rgxJI9d5z+akypW/rIASDVEO8OP7EBWL4mvuGl1LG5/BVfrVwBS2EB0Mm9Hbhw==","mode":420,"size":2169},"dist/cjs/index.d.ts.map":{"checkedAt":1708590277430,"integrity":"sha512-ggyRZLuyzpi3OGc8WZi7t+eE4Yd/BzBLlKjL7Pz+jNS3g9SvQ00KR5rqNj5bdaQLc9AJQTkR7wbIB4/MUBe8Ag==","mode":420,"size":18085},"dist/mjs/index.d.ts.map":{"checkedAt":1708590277430,"integrity":"sha512-ggyRZLuyzpi3OGc8WZi7t+eE4Yd/BzBLlKjL7Pz+jNS3g9SvQ00KR5rqNj5bdaQLc9AJQTkR7wbIB4/MUBe8Ag==","mode":420,"size":18085},"dist/cjs/index.js.map":{"checkedAt":1708590277431,"integrity":"sha512-xnHpR8pHb9QSbyzvxeSRzycFqP++EVgU1a2NW8Ke0OiinOfhEjggXnfNusC078xpPTJBol1J51QSb5e/oAUIqA==","mode":420,"size":129044},"dist/mjs/index.js.map":{"checkedAt":1708590277432,"integrity":"sha512-tZerqJt8jRd6BU2FEbVigUAsPH8X8cmYUEiozpwvN4z5jcQbULblox//Qhdd81IVfh+Np2duVPJDJLQtXhlSPQ==","mode":420,"size":129175},"LICENSE.md":{"checkedAt":1708590277433,"integrity":"sha512-seCH7G9uShObBDyZsgPXWsGtEMIxSN8UF7GR3DgmSdB2wF0Or2QPZnucix6+DQ8YXgPw2fPW1n1Yd27CjpDwxA==","mode":420,"size":1552},"README.md":{"checkedAt":1708590277434,"integrity":"sha512-KEGR9sCFV/jezjM17OjOs8CDOWNXxqPkccAAFQM+LMq8NqZGdBAue+EsZMZ/216jAj7Er/EjwQDH59iEs5XZdg==","mode":420,"size":21882},"dist/cjs/index.d.ts":{"checkedAt":1708590277435,"integrity":"sha512-6rWTwVc0S9Oq9K6DrCk8ArmyFWW+mI4RXiYEVkZ7grnrr5pM1bL0kO2ZMXxuVPxol5P8RhQ4pbWGiw2gZJq2gw==","mode":420,"size":39534},"dist/mjs/index.d.ts":{"checkedAt":1708590277435,"integrity":"sha512-6rWTwVc0S9Oq9K6DrCk8ArmyFWW+mI4RXiYEVkZ7grnrr5pM1bL0kO2ZMXxuVPxol5P8RhQ4pbWGiw2gZJq2gw==","mode":420,"size":39534}}}