{"files":{"package.json":{"checkedAt":1708590269875,"integrity":"sha512-1pZrLOR3Is3jraleqaLZBUJVksXL5n/R/XCk/wLOvskZmXbyQrxGBhvONHarH/O4wHTMO2f6nWNVbzeJPgutpg==","mode":420,"size":1195},"index.js":{"checkedAt":1708590269876,"integrity":"sha512-vXNizMjhL8r4ZumPm04Qw/1+I+0fipLYpFvyhgmJhsIy/LUhTD6hcpBFjANnGevJZEDabmth+kbAbIQy5dmwbQ==","mode":420,"size":6439},"index.js.flow":{"checkedAt":1708590269877,"integrity":"sha512-meMu83aGMcx+SuG+NTjas8T1VwMioTq2Gi4rUunM9aNTbYqPWS8kIZVmJ8IhgkBHyBxfsagqRhLw3nmCXDyERw==","mode":420,"size":1921},"license":{"checkedAt":1708590269878,"integrity":"sha512-nIst73auX/5NY2Fmv5Y116vWnNrEv4GaIUX3lpZG05rpXJY2S8EX+fpUS5hRjClCM0VdT2Za9DDHXXB5jdSrEw==","mode":420,"size":1109},"readme.md":{"checkedAt":1708590269878,"integrity":"sha512-+1RYHuPUNlI3FSVeAApZP1JSqF4kJD9cyi5ss7eIlZ7ZO1gcv+9nHgQHTcRtergxCfHH/ge4hWd3Ix6WsXufEg==","mode":420,"size":10774},"templates.js":{"checkedAt":1708590269879,"integrity":"sha512-N0cO/2IN5cIUBVVFdDWl5bWGkpP0PnQKQuYXH5chjtYYK4pYmpUZ8EE5+1+U9jNHVGjwxIs7F4YFpQTQL1eO9A==","mode":420,"size":3133},"types/index.d.ts":{"checkedAt":1708590269880,"integrity":"sha512-wnLTtR6miB2w+YIPUjXUNjwEJ6sf2S8b6EBhVHUEW33vt1QCvEJXmCl97zjmTqcVdDew/TJtkBHwAz2sMzdwEg==","mode":420,"size":2353}}}