{"files":{"package.json":{"checkedAt":1708590290079,"integrity":"sha512-SdB4fhvJjjbchPtdiCe6fbSe83f05HRoS4ATv0C60fZ4Rz9QB6dHZkz1ZRi9bAM4K+c/jQdsdDtlUAoGJtcMWA==","mode":420,"size":798},"CHANGELOG.md":{"checkedAt":1708590290079,"integrity":"sha512-S8+cA6sZtlZA9rlZuIboheE2EXFWoRLmftRbA01yINkWM/8smYrV2l0VIwJpjtNRaxyHjYDPXnS5vSesanEE/w==","mode":420,"size":1408},"index.js":{"checkedAt":1708590290080,"integrity":"sha512-DIFGNWzFs0BX3Bf3a0M0dn4tLGo1Kf6lc2bBuQHIZFLJ+fdUYVmSh0MJqYabfk3rOfDXwo/nt/qavIwK2RpciA==","mode":420,"size":1742},"LICENSE":{"checkedAt":1708590290081,"integrity":"sha512-2KVUREHYKdgMoMzPJX/RY12fWR3jole3XkkqD8Gf5f7pOwcObXeU3HyFYaOqdK/qFh8oy82bZ6ZCrjQxRdRMXQ==","mode":420,"size":1091},"README.md":{"checkedAt":1708590290081,"integrity":"sha512-XCFDTaSakqsE/YDWTxLMS8nqyfoF1mITIBLcsQAeQnnnI/o/GPA01mBSlydLkuRonjazkoSE/VhoL1gGSMt4Qw==","mode":420,"size":3898},"vendors.json":{"checkedAt":1708590290082,"integrity":"sha512-uWxxiCXYQRW0j5FK+zeeqzXRmGdES6olH6tUg26VtHwbBgV5TfptG34wy9MvJOsEbIM6BPynCDB6pJ6oPNiH5A==","mode":420,"size":2908}}}