{"files":{"package.json":{"checkedAt":1708590274519,"integrity":"sha512-P89fZQHlvUyxCYkq3TnMlQLSqkyMZJNsIj293rdjPore65KhlZDL//uwx9I3uyVKQe9THtxNcz3m0F7ZTXblew==","mode":420,"size":409},"README.md":{"checkedAt":1708590274520,"integrity":"sha512-4ARdWBi5cNK7/2/gJATIZM/GoR5c2KHpjlRYIhL8hm+fXrChpPAC2OzCdf98cCyJoujuxfIsrpqZcbCvuRI/MQ==","mode":420,"size":80},"LICENSE":{"checkedAt":1708590274521,"integrity":"sha512-P6dI5Z+zrwxSk1MIRPqpYG2ScYNkidLIATQXd50QzBgBh/XmcEd/nsd9NB4O9k6rfc+4dsY5DwJ7xvhpoS0PRg==","mode":420,"size":765},"proto-list.js":{"checkedAt":1708590274522,"integrity":"sha512-ZYAreAyqACaJJLEBJJdmzjc6RIHhhtc4rwNrfuS0GsmKBiBX54DMKr5po86rCNIjFya8gW6Bnzsze6zhuhhrgA==","mode":420,"size":2275},"test/basic.js":{"checkedAt":1708590274523,"integrity":"sha512-TP23vWgStrFTlro8fa3ZdRjMi2JCc4SRCMmDi6j9pF4T9MaDQHiotW3mp4Pq7yi0B1WGfG9bvdd4DRq3pTxciA==","mode":420,"size":1327}}}