{"files":{"package.json":{"checkedAt":1708590282540,"integrity":"sha512-Yxi2p4rOks9piGf3xG+Y+/WWyz4NlaUrxjaIk29dq8/W4X1JWNVP2jj3CujIZaGyEgAu6R6YoeDayaHxbKkVbw==","mode":420,"size":1473},"README.md":{"checkedAt":1708590282541,"integrity":"sha512-GBsvRBgcoWJbAlysc2c2jn89WJSUNuVhesy7J+ueH5PFwZwjfv8gjyaT5Na6ZYhNvP9lNwhzPaRNdNfKe3/MEA==","mode":420,"size":4942},"LICENSE":{"checkedAt":1708590282542,"integrity":"sha512-LFPXLgwkk2bige/rx7SY66Jkd44jJMxMWCpwPknCZF+OJ8NGxI7SWqC6kmV8vWQBSd+gfmN4wpDXFed3Qj+9Vw==","mode":420,"size":1087},"index.js":{"checkedAt":1708590282543,"integrity":"sha512-3g1yQTKGZirAwVF5ayKcPUjoueDtzHjFqg/eaE577Alxnzq1l/3CdNaWIziwt6pjrPMCPMx5q//p9SRVa5Dz6w==","mode":420,"size":967}}}