{"files":{"license":{"checkedAt":1708590275639,"integrity":"sha512-0fM2/ycrxrltyaBKfQ748Ck23VlPUUBgNAR47ldf4B1V/HoXTfWBSk+vcshGKwEpmOynu4mOP5o+hyBfuRNa8g==","mode":420,"size":1117},"index.js":{"checkedAt":1708590275639,"integrity":"sha512-1nlfLdsc5N0L7sic7bVk5BIYMZLLqXtMorqnukQ2OCR83NhxguRoBkfU8wuQxBw2GlQrB9PHfu7DB8RonXawUg==","mode":420,"size":468},"package.json":{"checkedAt":1708590275640,"integrity":"sha512-Wcv22LPn76zitmD65lGvvgVKGqA0j4F1WfsSziLKFkjMmgIRluj2ptN649LrB3LS1AseUx2z8962d2oYnRZ/aQ==","mode":420,"size":914},"readme.md":{"checkedAt":1708590275640,"integrity":"sha512-D5o0cjoyhtuYv/6wHuAOxMSGEvkiyZLQ3Zcz+ad8Xq30G41OpH8ClAeoB6/iPdxWDBWbonmN8VmTzxEVdPHOsw==","mode":420,"size":1473},"index.d.ts":{"checkedAt":1708590275641,"integrity":"sha512-xcXpsuAuqQTuqcDNVOb+hWmhMay8cEn63kev8etVYlCjjZPkdJ+VDF/AgkJPQre1QRrRrizRevTT+ZCylP0rNw==","mode":420,"size":349}}}