{"files":{"package.json":{"checkedAt":1708590288505,"integrity":"sha512-kjQ+mppjpt90+kOkekq3VLTvfcgXDWHm/fdOT2jc6Uola2cwOcAndmOLhR7SaK4lxRvIVYfZRJURFp8oY4MRcQ==","mode":420,"size":1115},"check.js":{"checkedAt":1708590288506,"integrity":"sha512-cnl7IBEWVrqkN3dTLGGDG9dwebFuYD5DNl7MMUUbHCnnXJX2sXLpz8xggsyL8BEWyXAFW8h41pmQAmtp/9lfwQ==","mode":420,"size":659},"index.js":{"checkedAt":1708590288507,"integrity":"sha512-yRnW3Dip+SLdgjanejpV8Kz6dFEFP2At9WIjSTx6fCafFpzgzxTOdU9mnuT01ALFI8GTSH9Vk2CtTSsj77BqGg==","mode":420,"size":4621},"license":{"checkedAt":1708590288507,"integrity":"sha512-9Ko9biztsEUyfGPY7C4WmGlaxGm9AyoiehJZ4t7puBjwt84X+ju9rmInMX+jkZSKMhWrUz3Q+oeNwPrTRQk89A==","mode":420,"size":1254},"readme.md":{"checkedAt":1708590288509,"integrity":"sha512-RJuq3EheLI/5z5Cprwcyu3wMqG85WdB8aumbo7VyapwyLJx7l3HNXPbRnTgWyLFw/5ZVTeb0p16X6ZR6DKfAKQ==","mode":420,"size":5843}}}