{"files":{"package.json":{"checkedAt":1708590268099,"integrity":"sha512-7eJo0wfvrfX5Ltd/pRTZ1+S+Y6JRZHxWfHA3wg3YRH7psXH9H+DGPVBozBDiWqALS5K8GHHEi26PtL+RoInQhw==","mode":420,"size":897},"index.js":{"checkedAt":1708590268100,"integrity":"sha512-wOm/ZIDa8C1yqnBlPHcDlht9NToX+8N9AE0lJYZFeCV5+3qr0LAHzuacMa2d+wnyQiGZSw2m2i1LuHnw9PRF+A==","mode":420,"size":1189},"Readme.md":{"checkedAt":1708590266209,"integrity":"sha512-6Jtkrd6JUtvF0yahX84GctSzvUZQITpsikagLMEaPbWkLqbVd76O+gxaA/lDBsYAICjWzKvx2K6/+oXHPc6yRw==","mode":420,"size":1248},"History.md":{"checkedAt":1708590268101,"integrity":"sha512-MVbWZ7Djmmk85j5ZpjwAkLsRiQiWoYMVYR+65CMI+0kg78H1E8GLiZ7Qilj/dUEmFH5JXhcmy+jnvhuog9o9lA==","mode":420,"size":1034}}}