{"files":{"LICENSE":{"checkedAt":1708590269729,"integrity":"sha512-5h3nBNWnav1mtdmxx48KWv6ahGaGyi+yjIFKSmDb6CoZDtSmovMeCb9taVuOwXjr6pgEWTApxYwbG+3XkzJNEw==","mode":420,"size":2337},"lib/_stream_duplex.js":{"checkedAt":1708590269730,"integrity":"sha512-+xpflpUwZkJXdj4Qz6uzC2I1bQCmrmXtZPyF3TbsJhyVmLjr8oHHn6DCAFZ/b+HlAirWguG+ijrRyr0tKkl/Og==","mode":420,"size":4015},"lib/_stream_passthrough.js":{"checkedAt":1708590269730,"integrity":"sha512-qLiWZBxQIf4EFuG80xie6AYRAPeJV/BgVfLYto+o3FpTeEzSBPBFYa8U3rY0n1V3fTk3EPjBGSxbaahMMVhKNg==","mode":420,"size":1753},"lib/_stream_readable.js":{"checkedAt":1708590269731,"integrity":"sha512-u/Z0iE13zFNNRThBqvS9RWK/OicVICmcYEfEHC93X37PJ3fE+r/Foo82nrPYUKwdzFilkiqEmmbRpLJMfSg/yg==","mode":420,"size":31426},"lib/_stream_transform.js":{"checkedAt":1708590269732,"integrity":"sha512-kQrynIm0EUrQnih8fTR1ONSU7IgJW4AYWi9b+0/rq1SzN8Mo4qBbS6tryaP6dEfQDQfO5U5C40yI8O8BOCieQg==","mode":420,"size":7742},"lib/_stream_writable.js":{"checkedAt":1708590269733,"integrity":"sha512-HhOsj9b6EqZAReh/0FnWfsgXBuv1cjKQa3yH+c5QARIjqIA3JIJkNNx0XInSrgsI40BqJk5G6YPzhyCzid8Pyw==","mode":420,"size":20335},"lib/internal/streams/BufferList.js":{"checkedAt":1708590269733,"integrity":"sha512-95uPa6P9gudPvqLopdqSDwVZ/omzdTcuJdFYw9CONZ5+s2X8XGiVQ4HZ3G8I8d/Xx8MSaILC0M7yOAkQrj1EJA==","mode":420,"size":2009},"lib/internal/streams/destroy.js":{"checkedAt":1708590269734,"integrity":"sha512-OAY8PCKZTo/sXNOWtNbDn+gga0Z2lh8DgiEr9OYbrmf4ir095t4Axnk4akTTIEcTEjufGsiWneqTSJ3sxtoONA==","mode":420,"size":2175},"duplex-browser.js":{"checkedAt":1708590269735,"integrity":"sha512-XYxNX90ggYeKsZ0Yw7KesA9KovbRtpHakOYDNUdiUg2PgkJa4isziXu81QhMY9zXaaN5MikJ03bcHco4fIU1ZA==","mode":420,"size":53},"duplex.js":{"checkedAt":1708590269735,"integrity":"sha512-94QzgGWs7iB1+HVb9FkWlMYu58o7ciyxLoX2GpkDpFw+aijpAxp4XJTqTY+qwBTGgRF8NBavXTdinq+jER743w==","mode":420,"size":46},"passthrough.js":{"checkedAt":1708590269736,"integrity":"sha512-42x8rxfrXoD4Vwfk/UHbW1D4RxkE3dDpjdnuFvvSIR3ndzAonxmQ1RnKlirav6y29DmvnTsZhogvfwofXA6EOg==","mode":420,"size":51},"readable-browser.js":{"checkedAt":1708590269737,"integrity":"sha512-8zZ5YzY0AUStqrsoNRSbx+CQ3Ucwtfif4losQ68iVX7DTe/Q360vgNhdMCHyhRjtZL+i5qZNnsteLGw9pvTk2Q==","mode":420,"size":351},"readable.js":{"checkedAt":1708590269738,"integrity":"sha512-ZdGBKdtzLBG98bKVOpW/niFhxLan+Q1wVkG3ss6xknzw4FpvxMZkjzxrFXO3z3FGl78mzESkKcyy75D791ACiw==","mode":420,"size":771},"lib/internal/streams/stream-browser.js":{"checkedAt":1708590269739,"integrity":"sha512-gASspe/BDPib9B7Ltlhvms1wfvO3icxxQEPEjA1HtkednSwv2YlK7caD7cuI+tiyhRfTKUF9bi0OK2OdlklW2Q==","mode":420,"size":49},"lib/internal/streams/stream.js":{"checkedAt":1708590269740,"integrity":"sha512-m+cGJa+cR6N3JiIDHNxK2m4AnZ3fcfdAkQnva2rftERBRjCJfqsH93vSaPZslGLRmctyk04LtP275hTxa7PeJA==","mode":420,"size":36},"transform.js":{"checkedAt":1708590269741,"integrity":"sha512-HR9mam5wJeeXuT/5We9N+CmJ7+UuFOHNrGtrYEGrfIKjZyDz78RP/eCoeEJiw+efMlBEjdkmp7gvD/T+FnouWQ==","mode":420,"size":49},"writable-browser.js":{"checkedAt":1708590269742,"integrity":"sha512-pkf59iloqx9OLLvzXXBYqO24+h1MPW+FjqH1lSOgmqNOjv5j5/Pbpz4aPRVQna6CoFj7SrUx+b1I7jFMRGQV0Q==","mode":420,"size":55},"writable.js":{"checkedAt":1708590269743,"integrity":"sha512-fj5r6M2Ak4XaPcohzAr7ZGIYZI26GsHluHBLHzAwtlnwZVQscnMj6wpNrMH12EhgAqtEcpapq81ize3MBq2+dA==","mode":420,"size":229},"package.json":{"checkedAt":1708590269744,"integrity":"sha512-KZQwvPNRcIuJ7WdNbC5TayA8YVf4tMAeM50DWv3xKoeNFCu6xzm8FQR7p7OF/n05BJXaaNMrn6pnfhipb5WsIQ==","mode":420,"size":1370},"doc/wg-meetings/2015-01-30.md":{"checkedAt":1708590269744,"integrity":"sha512-8zqtREScbGLDrk6QU8HIhPbdvOAK7jXeWBi4Lp3SOPa0w2Lh2Ufa+7VQRgGrekdaeG+OirM0pwP0s1QcVZXl5Q==","mode":420,"size":2280},"CONTRIBUTING.md":{"checkedAt":1708590269746,"integrity":"sha512-hUlMplgttqo2efUyxUDyB1UWYowCq9b8gnNpz47B8qxmCS/4FUBtRnDHozytxi80wsR4E2lTZWzoWn1XVfjDHg==","mode":420,"size":1443},"GOVERNANCE.md":{"checkedAt":1708590269747,"integrity":"sha512-WG8PKkauKejcC1kx4UTTt1NgV8sKbS7PxyVExQSKH8lBfRT720XzPiHu+ZoqDjAqPHTS+ONgVzVEyDKFkwU9qg==","mode":420,"size":5550},"README.md":{"checkedAt":1708590269748,"integrity":"sha512-PCxmXCLsEOvN1ku9MPXlwd5MBJ5n3dF18CuuQzXv+hMsYOjDsGXihbAFft6/uhobDFhp8gnietA9KPGawmQsXA==","mode":420,"size":2999},".travis.yml":{"checkedAt":1708590269749,"integrity":"sha512-Ysb3tjZt+W6+cxmLeI1NQaVtFQebMZG78d7Dl6qx9NELuSOGuf/pgWZEye/by37Dj7S7lej02qJdMm+FJ/sotA==","mode":420,"size":991}}}