{"files":{"LICENSE":{"checkedAt":1708590271241,"integrity":"sha512-tda7vybKhix7fRN9qCFIOX/x0f9/TZB7hJc8LFaeCpo3Jf1gNE8410b21JrcNTBOPtMH6zmr19zVkgR7Xm+7Sg==","mode":420,"size":1079},"index.js":{"checkedAt":1708590271242,"integrity":"sha512-IDp4AhBbgwwn8zJHK8gqPr01pRls6fZQ+7ycXBJSt/4YELG5gMqoAKRBVz8/+kx3SW9Mq0xnY232KuTOnaif9w==","mode":420,"size":4505},"package.json":{"checkedAt":1708590271242,"integrity":"sha512-mdFo3fTXofPDuZJm/JwmZz0ixSQ2YBVgH0ncSsJw77iFX8hVZezEupQktvnp+yzp0nzjnNHmJIDFd0iqvOxiXQ==","mode":420,"size":1241},"History.md":{"checkedAt":1708590271243,"integrity":"sha512-bm1qFOGJ/OiyPb/58EcfedFHmUpEZ9Y2qKIIEKaHc1DpwRO5oO17nBAkufLAOLzyBemZ6TWMQav1VCD3OoSnBA==","mode":420,"size":2591},"README.md":{"checkedAt":1708590271244,"integrity":"sha512-fRDpQTW1aqmAHgVd1EZVy/DmmGEHmQ15MNyMXcx/ghZmiVeEDVqhJblq4IeiJjkYX4kEn9ircy+7SIkKKYzrMA==","mode":420,"size":4166}}}