{"files":{"package.json":{"checkedAt":1708590286759,"integrity":"sha512-kp5OxIzw0DobbTwclLgNHbXPyZA4RY1PUp9rAwSkpxdq9VWyhfpXH8DnOM7wZXJehjBcA0nKFJf1aXuEtg5FCQ==","mode":420,"size":1209},"README.md":{"checkedAt":1708590286760,"integrity":"sha512-EB6vJTCt+ZYxwUicL7V7tcfMlqu6UbBMcTFXxLY9+PJEHlUHDl4nPJFGsVeqEighZQeFIePLokMrHjRcZCBjlA==","mode":420,"size":3435},"LICENSE":{"checkedAt":1708590286760,"integrity":"sha512-CnFEd+zu5cIdcJwcKPQ82LYbZN4zpDGBC4DxyXXSoxyA6Nq6K9d6CCYXQdosU9Fq96xELj21N/ZtmeEGcqlDPw==","mode":420,"size":1088},"index.js":{"checkedAt":1708590286760,"integrity":"sha512-1oYZgT1fvLO6x/qNoO+cJKASay5sEZqKEE87Bvjhf3rBGgrK49S8Ufvr2BwPUs/4ORZziK5TVKC5PjmFa6N5VA==","mode":420,"size":630}}}