{"files":{"LICENSE":{"checkedAt":1708590271316,"integrity":"sha512-SsG4c0gDHfSPmOpqaVMXi1sRVumPW7/skeiL6jwDHClY3lFEyjPu8MFwH1VU0DiHwZep0d+s8fkNt69aZYjxGA==","mode":420,"size":1139},"templates/dev_error.html":{"checkedAt":1708590271317,"integrity":"sha512-TDbtjkjB/20POMPHT05XolfcP985dZt3MwEib+kfGm0jU5IESInvFEbVBSmRnt8W+g/GL6xD0cTKzt+i9zGaWA==","mode":420,"size":632},"templates/prod_error.html":{"checkedAt":1708590271318,"integrity":"sha512-W6q8E0fgfTHmttzA/SHCx4LhDLZq9WTcpAu5AKhMq3XrAHADruItMn0L5dKCqFsTlILYxiXrn5ltL7z+j8Oj6w==","mode":420,"size":566},"index.js":{"checkedAt":1708590271318,"integrity":"sha512-PNgk9NRh0YfqlnnY3ZqDvsxzRVu1ktNhR8Lha1HIsIfe+fxzTu2bj1xerenhtQkjU26gRO4hDYzruGY8tEqamg==","mode":420,"size":3647},"package.json":{"checkedAt":1708590271319,"integrity":"sha512-N0qcgSAfFgWQjyHwracj6pj9YiGF8N03LbRDiqhTOP+YzJeY6+lrxb7bfoD4Qrt5d0UpVeuR+No7yk+ZMJz8bQ==","mode":420,"size":1191},"History.md":{"checkedAt":1708590271320,"integrity":"sha512-yUhnMIALRmQ4tDQc1E22juvFME2DcK81a2jrazu+tpLcvbWfwlWZiNNqYl4zpv58tZT6qJutisrwOfclmbNJWg==","mode":420,"size":2870},"README.md":{"checkedAt":1708590271321,"integrity":"sha512-mE6GpebMGwREvE1B7hK+a+789DsOkGF/2Yh5t89u378nFRnD3/RabDh0FsZEQPmV0Uc4nAnf7lMeXozcXHkHQA==","mode":420,"size":2325}}}