{"files":{"package.json":{"checkedAt":1708590270835,"integrity":"sha512-cjorTQug6ziIfiWsUTLxivOJ5BjORr0pQeLFX/TDqgqCf6cPpaotXlaVcs8SNrMZPkOJ9ZsbdrVDJRDC6T1K5Q==","mode":420,"size":588},"README.md":{"checkedAt":1708590270836,"integrity":"sha512-rL9f+9zzSnFxIkevwyFsMjdpiikyqs2B2ohfN1GlWohPpYVKPvl6c8r6GceqUZEsTfu4+iY+71THyKqXO/8Msw==","mode":420,"size":1557},"index.js":{"checkedAt":1708590270836,"integrity":"sha512-MAN/nfWIrnPSTcZ5O5rI2Ssv/6a/WAhnnxZFTZ+2/HM2nhiejkfQiHj/Ue5lL4aior23GrvMHH9HEZDjpqcQ3g==","mode":420,"size":120},"build/build.js":{"checkedAt":1708590270837,"integrity":"sha512-JGm1glVU8lhc6y/hNscgx4LoK5bDhC2b2h/dq3cYzAaZuH6pxPuP9TvKltkwvO+p4OXT+KfJb+6O8qabSHXn6w==","mode":420,"size":4089},"component.json":{"checkedAt":1708590270838,"integrity":"sha512-tLtQHZUz0LeHM5qBrH4mebljphIsURws0WxTiaK9RRk9NjeNWzbsJ+TzSUDDqNmYKHIOzcLFE7oNHYVe+AaWiw==","mode":420,"size":470}}}