{"files":{"license":{"checkedAt":1708590275307,"integrity":"sha512-0fM2/ycrxrltyaBKfQ748Ck23VlPUUBgNAR47ldf4B1V/HoXTfWBSk+vcshGKwEpmOynu4mOP5o+hyBfuRNa8g==","mode":420,"size":1117},"index.js":{"checkedAt":1708590276192,"integrity":"sha512-W1YCVU01xzlgEAzuYX6PIhQa0Rdkoa0qtft1ZdP4Y6ZmZrnr2coSwd8deGCg2zeTYfxIfL5mXonomh/dikRXrQ==","mode":493,"size":5772},"package.json":{"checkedAt":1708590276193,"integrity":"sha512-nGCxnbNKlLNwzcdIPCCWmhawz/l1k7NGx/C5ybzoBWf1S+v7mGjvROUURCeIclpHWA1ETGcO9KVhhEYhN0Tq9w==","mode":420,"size":1014},"readme.md":{"checkedAt":1708590276194,"integrity":"sha512-k3WuiBX0kOsXtTN5uGv6BYC3Gbs6lL4hKz+MnZrhTEywFcpPMXBe5H0WRsde0wdkT6L1ylQV9qXpgXbQIvRoXg==","mode":420,"size":2745}}}