{"files":{"package.json":{"checkedAt":1708590281602,"integrity":"sha512-nuCKluHr2BMpAWG/bifK+8sLDE4/IY7jNtc5ApRgIiVXknkky/xUSQqkuMCpAz3/4rklmXa6bkihVU6KsZ/8ug==","mode":420,"size":1537},"README.md":{"checkedAt":1708590281604,"integrity":"sha512-MWddtdtZjtlpkrrhEuFmxCmKSmuDE2pat2OcMlxgPQpOANPD9LY5U4Ak2rFStsiTqGZh+aSV2O7WcDITtBrHKg==","mode":420,"size":4475},"LICENSE":{"checkedAt":1708590281604,"integrity":"sha512-tvfTdJiWJDiFPpsR/I9WZSs0oBmhGFXq7UhlakT0rx9viP394eXYZoTSYAH9KLC6LQkxkGWAeqY2WHVWHwxwPQ==","mode":448,"size":1087},"index.js":{"checkedAt":1708590281605,"integrity":"sha512-lfL9pVbgsrXbG00tBT1BIJpHeZHhr+WorY/UYGkyzVCx094CyOExfJ4NyLBGb2Kzm6fYx+S4gOEnyJh5gYVIVQ==","mode":420,"size":805}}}