{"files":{"LICENSE":{"checkedAt":1708590268989,"integrity":"sha512-P6dI5Z+zrwxSk1MIRPqpYG2ScYNkidLIATQXd50QzBgBh/XmcEd/nsd9NB4O9k6rfc+4dsY5DwJ7xvhpoS0PRg==","mode":420,"size":765},"iterator.js":{"checkedAt":1708590268990,"integrity":"sha512-gdEBfYpX2q8L4tHZwoKV39GhQ2qnmpbwvu+K+8y8fp7lVGhdXPpacQtlGn2Xo/kooGqITRLY69eA22wu6NeDWw==","mode":420,"size":207},"yallist.js":{"checkedAt":1708590268991,"integrity":"sha512-MU4uXuqGeBGRAKzaslH9tyMEDVYrNP83Pev9va1xBzmdM8YVRdAxkCB+XDLlvYWJfVJsdYL7LOQ2PsSav3G7Ng==","mode":420,"size":8411},"package.json":{"checkedAt":1708590268991,"integrity":"sha512-vIVxLDkmlFd0i5hbmVampMB0KXbo5X2jLhL547BcH8OpFvVtgxlDds7KorQeDifK03JaaOB5PokaACJxD1HO1A==","mode":420,"size":652},"README.md":{"checkedAt":1708590268992,"integrity":"sha512-r+xy8CtSKInl7bODQ7P3Q0gPrK/lM9eEXzgUF7UxghBQbrH1Xb8k6PKpUunSSAa7dTSZ+JtRaQx39sLXF5Klpw==","mode":420,"size":4717}}}