{"files":{"LICENSE":{"checkedAt":1708590279700,"integrity":"sha512-h0rdBsDqtWC45/uheGci7eRi/yJj7PMuAZIPfwkHIjmvyNmgViiGWx4UOIr39jHuVX3SK01j5E3qp8czGjInBQ==","mode":420,"size":1079},"lib/index.js":{"checkedAt":1708590279701,"integrity":"sha512-2a1JPX58sjsljmF9sqpJibGCQOLfqg6NNMmWU9M+73SSj53Qt/e2NqYvf/KFfX0lO+72vu1Dxkrn9GcQYrJDUQ==","mode":420,"size":6922},"package.json":{"checkedAt":1708590279701,"integrity":"sha512-XA8YYZTreFROJYTui3bDZRNWkTdmfS9RcHr0QPdqJpFRY6jbxQBqPdMprc2KIDlDNE4vJXiG6SjmS/HxFHeF8A==","mode":420,"size":974},"CHANGELOG.md":{"checkedAt":1708590279702,"integrity":"sha512-hQNnLDhGnQStf6JieCh/FplF1m2K3bhH7DKt243T0J2TxBcJNT7XHhSdDl0jFvZ++G3rSY0LzSVHQBJkJd/OmA==","mode":420,"size":7724},"README.md":{"checkedAt":1708590279702,"integrity":"sha512-iqdiQk0dSlacg5YF5ILFAWlm5Sy2/PsCPmLGrh9ei754T2oWpl4N6irWpLAZW3iqX5nvu/uTENdKbmkSUirF4A==","mode":420,"size":3044}}}