{"files":{"package.json":{"checkedAt":1708590285207,"integrity":"sha512-1dW4geJOvRLnNlnJw5nyg2lenWxfhV8+zf9TNoW2eYogny2LIp06QjWX0r9BK0htehNXptBN5p5+fxT/xthQzg==","mode":420,"size":1417},"README.md":{"checkedAt":1708590285207,"integrity":"sha512-w50BA7zjwsJVaL6DvRvoI3qzweLwn2QUs3itUZurzgFR2iDavBMb+U9h/E3cllUjVqKopkShIvsxxjSib0E8MA==","mode":420,"size":4826},"LICENSE":{"checkedAt":1708590285208,"integrity":"sha512-kFcgZWk+6JZB3qUk4pRdcFlVfa51PMgDX3jMGcbwcFvVHkALvkHXpH7qXKubnDQ9Bo0c71R2aLSsGVWr2PTEjg==","mode":420,"size":1088},"index.js":{"checkedAt":1708590285209,"integrity":"sha512-z8v1wuxN7B7+XYdmrFLPfMwMjSQAYnm0OOa6QJo9rZs4Zz6DRguRxQBGIbzCv5ZkkLrJoP2vI7wS9p4tTo7ovQ==","mode":420,"size":888},"CHANGELOG.md":{"checkedAt":1708590285209,"integrity":"sha512-QJOBGkXfH3tH6MCt7nE2BMdFw5WtGyiiIbsrJTVNhPkEq9Km0XAk+7QuqtrdSic4n1avc6x1nMhcQ6mOKHaqpQ==","mode":420,"size":2508}}}