{"files":{".eslintrc":{"checkedAt":1708590267931,"integrity":"sha512-GJfZ1ARR8/7NEtm1V1LQp0vyNlbIqwNxLAg+bEsnO/FYwdHzKClOXaAb6gvwFrtTRu6XWshDWVOSwCxb0fIguA==","mode":420,"size":144},".nycrc":{"checkedAt":1708590267932,"integrity":"sha512-2vm1RFz8Ajl/OYrfoCWPJIm3Bpnf7Gyn5bha/lZx/cq+We3uMy9xj15XeP6x4wF3jf/pO7KMHAkU9mllm605xg==","mode":420,"size":139},"LICENSE":{"checkedAt":1708590267932,"integrity":"sha512-is07hPOvqMb/nBpYq3dOozrsdwHAIrqPTTYhio0cA+gO8u4daS29Q9v1iDFTE3xeAA8RO5jaI9hw36tvcbeK+g==","mode":420,"size":1071},"index.js":{"checkedAt":1708590267932,"integrity":"sha512-jZLZaDR/4Hhy9+bJCBSTuYfZxh4tf6J9bwrNuC+ae6vEtquFY6u3lk9nzobF3kfoA+gdi9BvO7RV4SwqvlrQEQ==","mode":420,"size":358},"test/index.js":{"checkedAt":1708590267933,"integrity":"sha512-c7f4Z/soLq+ahHWX5Ah0HH/vvJaBJJm3H3zB4JlLzrO1qhU90c4KQpzHClYLA0U3H1byvrUeLRhArevMsy5YQQ==","mode":420,"size":1244},"package.json":{"checkedAt":1708590267934,"integrity":"sha512-Ux5rA//iXGrPDG3UU9TDdWoXSYAY8bSTrP2NQlPwDPcQUsS93roVi/knr+0oZiHD4GwlEhon3ITg7KN2MBA9dA==","mode":420,"size":2112},"tsconfig.json":{"checkedAt":1708590267935,"integrity":"sha512-yZZqZiAub4Fq52qFWw4Rbi4cCcLYG9QtlAs0ZEZ+Um3oWtDy2zINu1/e2meTt1Di1EX3UQx0MDH7O/E9lEQbQg==","mode":420,"size":3195},"CHANGELOG.md":{"checkedAt":1708590267936,"integrity":"sha512-vgKcjgJsMxUVyrzj0g6mh7aMxo4EORyg0sheYr1Pl1uE9SIQnuiSMSgo09DU+zRG0qurpVasseL3rkgJHdu1Cg==","mode":420,"size":822},"README.md":{"checkedAt":1708590267936,"integrity":"sha512-Z5FfDZtg4aycsDcjjkstLC3sPuoyvbL1jnQ5fIKgl1qRs4M8T4qJraIiWM29q5+PAden2BGjz7j0OqfImJnQfw==","mode":420,"size":2056},"index.d.ts":{"checkedAt":1708590267937,"integrity":"sha512-9T7naehIH/RKPweVCiASPKU9F270z6FHlCcP4JG/zgS0iHHxk62iKiP+IYu9tx0P78gMUGYxFFiZ034PsMPRFA==","mode":420,"size":93},".github/FUNDING.yml":{"checkedAt":1708590267938,"integrity":"sha512-pmdUlRdFbc5uKnIg6vdXBBc91qgMzrrS1NrM+XN0To5FGwgSmxC8L5ALiuX4de/Q7BvSMhfcIbU07twIL3DbJw==","mode":420,"size":564}}}