{"files":{"package.json":{"checkedAt":1708590263442,"integrity":"sha512-Awb4SSk1lXy3OWlq4WU70O7CDFAeW9mAWBUNgnGKFgpmCZHakgdMQJK7hVYcW5Jjfn5obPrA5R/HaiNP9KXHkA==","mode":436,"size":528},"README.md":{"checkedAt":1708590263442,"integrity":"sha512-R/bTlqnlE8y7gaSmC4rMoxiuBvR40yX+3Zh1X5E9AjOep1T5HyDAkwA3JPDX04KsoxCL9l2GglxVZ+GSzJVlRQ==","mode":436,"size":163},"LICENSE":{"checkedAt":1708590263444,"integrity":"sha512-1S6tAynpIj3OPVT4PJ6MqreXQ1XCSOLoWhqKoxmK9AJQd2HCK60xMHrjvaBlKO0LNIfprJ9qbDxBPgmlrKyRXQ==","mode":436,"size":9140},"index.js":{"checkedAt":1708590263444,"integrity":"sha512-OUVZFSpV/VEZmlZM6iKymShGBJ+Spa23E+Zuyb+2BUwOkTLUid/UrbZeCsu5Za1OqV4OROgcuwpNMSHeKOH8Ug==","mode":436,"size":4176}}}