{"files":{"package.json":{"checkedAt":1708590262674,"integrity":"sha512-637fhwE6Jd6nWcoe7bSJcWp17WrgPBGrpgaaQV/IlwnMR9LMWUFv6/Yp2j6L9gYCn8bY7yYc5RRY5X39CY8wrw==","mode":420,"size":279},".npmignore":{"checkedAt":1708590262681,"integrity":"sha512-OjkIYRaXUL3w2TEvl5pyxblARVk2oylj8B5Se0ldpGmE/paAC2H64n5gZjpq0WDhdxIlzfdLEKN6t40YPD0COw==","mode":420,"size":16},"README.md":{"checkedAt":1708590262688,"integrity":"sha512-X1y6nGUwxGjo2E22NHNgJftol7U7QKVMDlDCbA2HABOkO4exseRa9qVN49bIo0FRkmUnfoHDMnWDqWjnv7z+fw==","mode":420,"size":1357},"LICENSE":{"checkedAt":1708590262690,"integrity":"sha512-+SuSsWI/AO9RiC88jRfg0BC8UmG/DrjpuLS2zX2fSXCOQxFP+JPyeI7f7ZRaXAL30TwbtYqz9CaqgCHfNi3S3A==","mode":420,"size":1077},".gitmodules":{"checkedAt":1708590262691,"integrity":"sha512-z4PhNX7vuL3xVChQ1m2AB9Yg5AULVxXcg/SpIdNs6c5H0NE8XYXysP+DGNKHfuwvY7kxvUdBeoGlODJ6+SfaPg==","mode":420,"size":0},"Makefile":{"checkedAt":1708590262692,"integrity":"sha512-1gAZ1l7H/MUylsIBF7vlME2Sw+WkLj12KWoDzTQnKrfvTHHjmNDlBqYUAAk5t3YzibL5Klzrsn8StDus7/ZxWQ==","mode":420,"size":533},"Makefile.targ":{"checkedAt":1708590262693,"integrity":"sha512-Udbj1xHgSmBUcQfIl1OwkQhkzqs+4unOeDzYlxDtzn3+xvcgZecXBp3cvQuq6AVWqknjSuG6klmdRxo93FK90g==","mode":420,"size":8390},"jsl.node.conf":{"checkedAt":1708590262695,"integrity":"sha512-d7oMFV/+DMePo7I8BHeapMqUFZPb3glzc0Z00+o0ae6bUg8r2i7uVRloWDXiwCEiGuGNVSrXbH/4tfBNJx9i1g==","mode":420,"size":6982},"lib/extsprintf.js":{"checkedAt":1708590262696,"integrity":"sha512-V79S267Dw3D0MfQjuOFGb4biY03kE3M45FKwi0jYC/ZnCpTNhucEPLpsnKSX8NsNe5+crzzA/qt8nXs2omLeUg==","mode":420,"size":4172}}}