{"files":{".eslintrc":{"checkedAt":1708590267775,"integrity":"sha512-4+yheARSL/pPQeg25245ejEKIOgmGjgRW2fotkREQVMDnQQZj7Rw9FvimX0senKxW9R3GgLHQbPLwHLqbvQy6Q==","mode":420,"size":43},".nycrc":{"checkedAt":1708590267775,"integrity":"sha512-42sgwWzusJB1Dzhl78jX/Zg65Oi0HDDMOGXS/Uklv1kCYn4fHtRsD/JFPwdu+d40vome9XdUspzRWEQAcTGEeQ==","mode":420,"size":216},"LICENSE":{"checkedAt":1708590267776,"integrity":"sha512-IjacwCrx0qNFpwpBXenmkPPxStZWfyFpJL8F3PAdu958azoIz4fV7fHKO1p5PVBOUy86fIKJZOlwJDNBNbVzaQ==","mode":420,"size":1083},"index.js":{"checkedAt":1708590267777,"integrity":"sha512-63YEoORmUQIlWW5ZseIIrQIRfr/V61qTNGLjplNlyiVeQ+uAPEBfJmo8VpOMPSXy6Go5PbMRW/tibj3ZPh6xUA==","mode":420,"size":206},"package.json":{"checkedAt":1708590267778,"integrity":"sha512-6QCaDXDE6YTrhcS71rs8T9TkguKcB7SeuXl53Vq6Tun6/HNY3J+4PAAkfchmi+EM4h8NghkVglNkPknYokqnlA==","mode":420,"size":2189},"tsconfig.json":{"checkedAt":1708590267779,"integrity":"sha512-/R8Lzwkjgjwv9+VPbP9Mcey1sbKGBC3vDjWlJ0MIzMun50YnW4rzAbAz3Xle21K6Zerfb1GXE3XHECqZNOSlmw==","mode":420,"size":3611},"CHANGELOG.md":{"checkedAt":1708590267780,"integrity":"sha512-fTEgJ78EWyErk3J6J98n6D4O9yNVQYxfohQffofNj1XZ4xOIaPQ/OCpKuSQ2KsRLygKJ2BoTj2whs8lklZlsNw==","mode":420,"size":1530},"README.md":{"checkedAt":1708590267780,"integrity":"sha512-BTUahduRSNz2ADhb2m/qoe7u/yfp6vQXWRS0xMzdG/I+uePdQudR7mR5En5V6lmlmb9nTT3wFn8cyHl2get4Qg==","mode":420,"size":1613},"index.d.ts":{"checkedAt":1708590267781,"integrity":"sha512-AxEPKMUnS0+HRpv3lMx1uoAbREupaJONnpd3NvdSelRSroznChjryOIpWy1DV6shCvXjfiF5hA3RLfNkJGbcEQ==","mode":420,"size":97},".github/FUNDING.yml":{"checkedAt":1708590267782,"integrity":"sha512-RU5EWf5hIctqkqmNCQYUeXtybomjZL3/q1Vy/2GaMae/4jQebM+V4gP5PpocY0XJli2ABkbI4kg4mVjg4qmNbg==","mode":420,"size":552}}}