{"files":{"LICENSE":{"checkedAt":1708590290473,"integrity":"sha512-HQaIQk9pwOcyKutyDk4o2a87WnotwYuLGYFW43emGm4FvIJFKPyg+OYaw5sTegKAKf+C5SKa1ACjzCLivbaHrQ==","mode":511,"size":1141},"README.md":{"checkedAt":1708590290474,"integrity":"sha512-2v+EvrJyHOxQpcsiixXeh8b421Y9oVl2QSqZwA3t9hqunyDiSa7gGZ+tiRYP4DOUzKHkcbh9fHLMMLGw9Fxe3A==","mode":511,"size":578},"index.d.ts":{"checkedAt":1708590290475,"integrity":"sha512-VmoTyAFvgflbVmJSw9D44gZBF/+fvdmv57vG4IvwZm1SklBxDTc3EWAG1jtQq6j4nfWq4pXKW9eW4g32T4p4VQ==","mode":511,"size":3447},"package.json":{"checkedAt":1708590290475,"integrity":"sha512-YsVW1FhY9UKCz2FBnZ+Gw4fJg2jRfQDs61rlRzyT0o1Wt9/kJ88Sn3k5lHhNhP7RUL6ziAp/E/qmd7jMC+BIPQ==","mode":511,"size":957}}}