{"files":{"package.json":{"checkedAt":1708590273310,"integrity":"sha512-MN7xYW4sxVshMM5aXHcfDKhrHJLSNfUtmh/gyqss2jkLa2Dk0bSzxW376NT1D4VeBZNnfRBLgR5p8ZakEmYq+Q==","mode":420,"size":1943},"README.md":{"checkedAt":1708590273311,"integrity":"sha512-6Y7NzxtuKCb7VbT1SuboOXOw1tMMDLb0bbALJ/IRrSW/Q5ypvzXhUGiEQ9bjpv/XbfFfk2PmT/4KtsULHeFvMg==","mode":420,"size":10089},"asap.js":{"checkedAt":1708590273312,"integrity":"sha512-SIOYlFnyqRh32nd4sZnsC6U0LBQOSeEAcguRzl7uqGGQL+hFlvYf1QfD9MZqjzX4fNbr9gt4PVs22/vWwYnhCQ==","mode":420,"size":1958},"browser-asap.js":{"checkedAt":1708590273313,"integrity":"sha512-yz/6tP+sGCyEd34QGH8yWIwfGWdbAzQdZOVgPyUeEvlc7sg4HoK9VIOj5ckbPM+jpKPdJqkbTUN+iOU0GWX4sA==","mode":420,"size":2184},"browser-raw.js":{"checkedAt":1708590273314,"integrity":"sha512-+3xqhn8FNCvfo5A68AbELaAxJ6xBHay6ygq4SDQX64RbZuLD69AbCDrIw4sCWnfHjiQ9Y3w0dTkWlPfddanieQ==","mode":420,"size":9614},"raw.js":{"checkedAt":1708590273314,"integrity":"sha512-JRSVHzYjgszt1S2w5Gz1Ob5Cl0yRgHTzPx2L8BXJxOl/DtvQfHxtsWJyRIpHDxdicCVgKxPyn9aKW07sICg3Eg==","mode":420,"size":4139},"CHANGES.md":{"checkedAt":1708590273315,"integrity":"sha512-ILDJ9W6gKagHkAhhIunKjoefyWEghMcQNdrx15nYaTHfpdkZ79zFHN/6lzB9oqKgZ2WrkC40+wD+N4bhTr8CSQ==","mode":420,"size":2906},"LICENSE.md":{"checkedAt":1708590273316,"integrity":"sha512-GqhHC0vvQe8o1zWRnGzqs5zx8i65axm7+6hDEYa0t130P/Dllj1jIj7egK/O0uQBMzWx1uZiq0niZW23aVtpUA==","mode":420,"size":1083}}}