{"files":{"package.json":{"checkedAt":1708590291204,"integrity":"sha512-4pxjU27sCpcqlWch/H0HO5WNHXlte/l2obrqNlhBPwRKLbGdHe1heYQ3bu6Fh0EAkkE4wN+TRpcqYpUdb4BM5A==","mode":420,"size":709},"index.js":{"checkedAt":1708590291205,"integrity":"sha512-Cp4OsBLI/4y3yx287FxEYHDRZ2JtCxL5PgVlNwdV1ZhZq3cV20OgW8CuZoTVel61rNIxWpfprMi4K5aTkDShyQ==","mode":420,"size":268},"license":{"checkedAt":1708590291206,"integrity":"sha512-rnnnpCCaRRrva3j3sLiBcOeiIzUSasNFUiv06v4IGNpYZarhUHxdwCJO+FRUjHId+ahDcYIvNtUMvNl/qUbu6Q==","mode":420,"size":1119},"readme.md":{"checkedAt":1708590291206,"integrity":"sha512-LQ3Xly247AYgiOwaC+DK0NVw8ea4xUW1AcKyCUiTDMN6R8uHVVf4wk0Sq3TlWDN3+G88NWjMKmkMHIouzdl3Dw==","mode":420,"size":1609}}}