{"files":{"package.json":{"checkedAt":1708590289280,"integrity":"sha512-llSNQnFnMbxHDzYUwW9zWwp7gQaA7WaaD4Q2kSqjj4JTVzL06YvIeh76A8EN/HkA4WqOETZ5fTXVoYs5888swA==","mode":420,"size":945},"index.js":{"checkedAt":1708590289281,"integrity":"sha512-GyG/i1WtGBUsrvFPi8XNUmFVW3HE9FTUauWvkNWAwwBdtYD7AWNlh9FZ68N7aiLf0iAGX33YEL/eOkaEtciSrQ==","mode":420,"size":191},"license":{"checkedAt":1708590289281,"integrity":"sha512-nIst73auX/5NY2Fmv5Y116vWnNrEv4GaIUX3lpZG05rpXJY2S8EX+fpUS5hRjClCM0VdT2Za9DDHXXB5jdSrEw==","mode":420,"size":1109},"readme.md":{"checkedAt":1708590289282,"integrity":"sha512-Ol18DL9/EZ5cc354t5WsSuiQoXGO5wt/ngPHeNhIoih3GbS7C3SURDRqH0aOY1CJtmmJYIZ8pJPPisSDUlbLoQ==","mode":420,"size":914}}}