{"files":{"package.json":{"checkedAt":1708590293566,"integrity":"sha512-u/YQRJYm7yRp0IVJxzC3jhboHdszM+SXz++yiLJAWXx32b/hI373IYj4vlbA2xTtCODymeVfxf3MMNMEBtbC/g==","mode":420,"size":690},"index.js":{"checkedAt":1708590293567,"integrity":"sha512-xVRrqxeK60YDtOQgJTKmE3xbC6Vw0CMGihZtO0+08SIeQgmqgxVqmT+8l4ayBBHvr+raZ4TUPLJlUiEeoTiFEQ==","mode":420,"size":145},"license":{"checkedAt":1708590293567,"integrity":"sha512-rnnnpCCaRRrva3j3sLiBcOeiIzUSasNFUiv06v4IGNpYZarhUHxdwCJO+FRUjHId+ahDcYIvNtUMvNl/qUbu6Q==","mode":420,"size":1119},"readme.md":{"checkedAt":1708590293568,"integrity":"sha512-47rT4di13cdWBI5usIb9aBYrl7yTIB4bmduywJF2MHNURDv3uMRc5r/DyHtRQmtkG/y6ZTvlSXQ6CLnkrgK4+A==","mode":420,"size":1064}}}