{"files":{"LICENSE":{"checkedAt":1708590274342,"integrity":"sha512-sninKVyQok6a4SaJJ9Z+lCMZXY783aUHhjapGiZ7Ou+aeRutwGvRbKFYhPglcrd5GauRHGx7ikBhTB9PvARr2g==","mode":420,"size":1058},"index.js":{"checkedAt":1708590274342,"integrity":"sha512-dW3MTjNIeS4A93hHUzAwhW/+9OY6V5Ob9SyAn3z7fFOo9kfNhWma0mSN353IL0sVFBLH4kEUhHEt/7iuOZuwqg==","mode":420,"size":44567},"package.json":{"checkedAt":1708590274343,"integrity":"sha512-z8XhXaU6SEKbyhmA8BRyyjhux6clYbqDpO4omVz8q7eJXc7hXxk/VFtvoxS4fcSRQa8Jklepv44jjcf2LTLz6g==","mode":420,"size":578},"History.md":{"checkedAt":1708590274344,"integrity":"sha512-Wa+mIv3F/3GRrEK2js7lzNnXSRwPbtLk7LfE2Q/4zOm0AOhoD0aWCU5+CcR4N+3eUmAHQZ/Q8Mu9hP5faAuLpA==","mode":420,"size":1540},"README.md":{"checkedAt":1708590274345,"integrity":"sha512-9zG/bskiO2Gxq+c0eYhp1b6RtnTlIJYSPoxby/I179N7m/lCjqhmcXg4iHfILwDyLQIem0gRmLzduBFtpoXDKQ==","mode":420,"size":2229},"index.d.ts":{"checkedAt":1708590274346,"integrity":"sha512-g++bC6DiLZmFm8Mi60NMes500jGBNKRInvaopwAC6Dsf9KZxpivQ4Shtx0FuixDt/oLH2lxz1oHAMxKLIYQOPA==","mode":420,"size":9351}}}