{"files":{"package.json":{"checkedAt":1708590261007,"integrity":"sha512-t7prZfhD550sZMBl2cm8/foTtZJhBIzqcvrri6fH5pnvPD5TrnMC+mvMoZ1+B3dCg6JIkUnv8qmfFJhohTWSGg==","mode":388,"size":640},"License":{"checkedAt":1708590261009,"integrity":"sha512-QC/HN+kDgNYpC7i33wfvn5wKaEz8H4mMLjVuA6w03m1OlQFq5w7L4MbJZrWZaWlso2u4xIS7xZDZT6574cQ1Og==","mode":388,"size":1085},"Readme.md":{"checkedAt":1708590261010,"integrity":"sha512-AMSXvw5GumnxK1C7XXz6mOZKXT0KVZkZ9ezcDU+xBg516b1Gn5wuwp2cR52XZK+C/wSnebqoSf63Wg+yts2B6g==","mode":388,"size":4551},"yarn.lock":{"checkedAt":1708590261011,"integrity":"sha512-wos/5bMpanOEY86KR8YcIyfL+DaYC1h6Hrf5urk4G4qmSpBhJ9B0a+iJdaKU4rE2bpxuvSm+s1M8JqNMCDbsYw==","mode":388,"size":551},"lib/combined_stream.js":{"checkedAt":1708590261012,"integrity":"sha512-NLJJG4D921foMMCtUqm22p78dWVUkLEXof2LtGSVnVSsJYXd1nJpdftgpAF9M69Q+ETEMR8VcMCcQTVZtKBpmg==","mode":420,"size":4687}}}