{"files":{"package.json":{"checkedAt":1708590294343,"integrity":"sha512-cQaRwNpGbRIe8c8h/1utj4c5BsAm0oz18Mik6QySLMlPWbg+uLk/4KQYI/qJWNcQ3i4RkGX0Va8HxN5EK6A9lg==","mode":420,"size":1192},"index.js":{"checkedAt":1708590294344,"integrity":"sha512-U8FOqD24Quxr3HP/QwZqnfMWOv4mHq/9KS4HnEyuRcz0f/203ub2OfjwvTE9Yk04YtxfqNsRVKgZ2JaAUtZLlw==","mode":420,"size":3643},"LICENSE":{"checkedAt":1708590286984,"integrity":"sha512-KT53DzWms3nr5OvRwAxR8BjGBJYKqh8CDqSIiWqS05iW4e/1ZnnVqFxT6XY1xdQcn+ZytMy2vqezoe0TP3RfPw==","mode":420,"size":1088},"README.md":{"checkedAt":1708590294345,"integrity":"sha512-3Tlv+pGtS9dQdQCILRb4NE2ivvYVWtqNMqq9pLJ+4W+xF7HA21Bgk+zUbpQPDcZPqFWedEUHSIdX15klRgUa4w==","mode":420,"size":6703}}}