{"files":{"package.json":{"checkedAt":1708590283525,"integrity":"sha512-nWq5hHWfGMYjRwVKYWHLEcGidBZ1ggyMscelPyvfxfUhKFTuC7adX4HWdH7rGdx52Ufht+MMtmwFG0SSaJrVGQ==","mode":420,"size":1603},"README.md":{"checkedAt":1708590283526,"integrity":"sha512-t1yLiUl/f1D6hkGKJluaZ5ZvbxxXZbgQ9wFWTCK9ZGkUx75neGoxe8nL3M68WaWOlUb1JqmJ03ini+rJbwWBww==","mode":420,"size":4547},"LICENSE":{"checkedAt":1708590283527,"integrity":"sha512-tvfTdJiWJDiFPpsR/I9WZSs0oBmhGFXq7UhlakT0rx9viP394eXYZoTSYAH9KLC6LQkxkGWAeqY2WHVWHwxwPQ==","mode":420,"size":1087},"index.js":{"checkedAt":1708590283527,"integrity":"sha512-bZITzbo6+hO7/sS5Q9Qegm0LAp3Fa0XNZvNC9Z+socTYBQOYIcIFRWZtvH5J8xw2+PJso5EOE+QqsAKerGXtFg==","mode":420,"size":380}}}