{"files":{"package.json":{"checkedAt":1708590266284,"integrity":"sha512-waku7ra06w7LGVIeJM/IvsUWaScbw3RVNH952ZBWd/DlYMbrYIB3S3WSWDMA5xYVyW0qACWomuwBhgxwa/b4iQ==","mode":420,"size":861},"History.md":{"checkedAt":1708590266286,"integrity":"sha512-oPd1Tla+dmk9njZJWqDEDXLBoPot/EarRDz6k5IY/naxVFojftx6aJiHgDLF3uCHKj0ph0dh8Ho0fMbbbJQWUg==","mode":420,"size":540},"index.js":{"checkedAt":1708590266287,"integrity":"sha512-scN4pGVdjbVkjtVV7dTiiNyxB4aVQRgzZokqLjeBbpG2SuY32+2lc8p6fhcp7jVaAakOhvZpF5IQOFHdB17rWA==","mode":420,"size":317},"README.md":{"checkedAt":1708590266288,"integrity":"sha512-pIhSu9o9OoN9IFVwR2RULwg3rxJtA+KC6sFIf1Aqc35fw4SMolg2jfhRA5Y1iPABw4yDW857PM14XLjn2SsTBA==","mode":420,"size":341}}}