{"files":{".gitignore":{"checkedAt":1708590294565,"integrity":"sha512-z4PhNX7vuL3xVChQ1m2AB9Yg5AULVxXcg/SpIdNs6c5H0NE8XYXysP+DGNKHfuwvY7kxvUdBeoGlODJ6+SfaPg==","mode":420,"size":0},"LICENSE":{"checkedAt":1708590294566,"integrity":"sha512-coUolhtpR1xsOLs7xHDYtFGLoIO2MhngTdvgWun595g8+//Kl/OgT9YJmHdc6H5+7Q9ytMMp5hBGJ1oAUPDf6w==","mode":420,"size":1092},"package.json":{"checkedAt":1708590294567,"integrity":"sha512-oQEenSNVH2pEwLmVujvkkrrRbBt0Z7J6ahK/rBWcT7XVSr+ubVhjaPqeFh5EqN1riit0xXnY3ipdAAWnjF327g==","mode":420,"size":485},"README.md":{"checkedAt":1708590294568,"integrity":"sha512-3wga7YKmF4dySdmGrnECJcckm3OebMAqwHTE7X47zWypRfgOmAuydqitGq5lYHR4TlHRlAdLSE6CP9OYUmgjZQ==","mode":420,"size":7476},"bin/nopt.js":{"checkedAt":1708590294568,"integrity":"sha512-I/0DKIGGQVyImoUb12SksRNeqe5s8zaswbttiYe3XKPZKAUnxAm8nXjLuDHpS9I0wEcX3crawfLuiLxycCHI3w==","mode":493,"size":1277},"examples/my-program.js":{"checkedAt":1708590294569,"integrity":"sha512-OACDkF43RwXk3iqw7frxCiVW9pZ2PQIfx348AM5nPM+HKROqGkhkmHkxAP2UY4y4jhja5F78n381F5NbJNFDZA==","mode":493,"size":1032},"lib/nopt.js":{"checkedAt":1708590294570,"integrity":"sha512-uKFareDx1gKTvK5Jv2EDBeKes5lXfdMA9iugUh5kYaA1DNlanSorX7EKMn4yu0xWi0jD3BDqZubKhv0nOo/q/g==","mode":420,"size":15345}}}