{"files":{"package.json":{"checkedAt":1708590292568,"integrity":"sha512-4GRtaxzbYp8rk/ErMIn+sqzymm+DZ/Ousj5A1YUTvxhmJsDKKrPmmnt9jRkOHMAbHnl0U782Yil567bewPFCfA==","mode":420,"size":1094},"index.js":{"checkedAt":1708590292569,"integrity":"sha512-y1wApqQSuS6nyiQFqUVhDzzqVng8irLv0Nz4oDdxDYDXV5LRsMZKSgDTLALmh6oah7VJf2yeHWlAuezipirkRg==","mode":420,"size":698},"LICENSE":{"checkedAt":1708590292570,"integrity":"sha512-7yM/jbYJtwJeLgJzVe4LXntltTdQZBLKGk2V508r4v4oTDo/o2y52F29GjX+ZQ/hTeW02TqwcfICTB/Iz0BzDg==","mode":420,"size":1081},"README.md":{"checkedAt":1708590292570,"integrity":"sha512-5eTIWCmsB3QWbzjM/lPU9x0X77ioK7eQyqRGgAUx7OBn4mYhARlVUchKv6SF2fIaYaAdDi61aFoqgVpgBGI5QQ==","mode":420,"size":1744},"test/basic.js":{"checkedAt":1708590292570,"integrity":"sha512-qk/fZAgu1vSTGl5SVteM/ESS1tg8gupI5AxOwreMdbV2NueZ9/Bk1lOxESkegXF6vYWTIPuC6mc3iXpOGkoNsA==","mode":420,"size":958}}}