{"files":{"package.json":{"checkedAt":1708590262673,"integrity":"sha512-cdy+07OEHwrY9vdO5suQa1QIoX7/V+88Zn39/9LhJWvcejR2gfCcBY3gHAf6a3HqJWlEuinfNRbu08UAnc37Ow==","mode":420,"size":553},"README.md":{"checkedAt":1708590262681,"integrity":"sha512-8dMbuj7MK39sGz+g97yUhpFy3tYRjaw4m45DDrhS3UtH8gtEQ0PdaAUyzk0TUMzj7Vo48KvK0yIu34dSIEyvtQ==","mode":420,"size":4791},"assert.js":{"checkedAt":1708590262688,"integrity":"sha512-gMG6cKn7z66YylrCPvaJlfeJq6QHOFB8aSQxiF/AreUkSeIK85NrmS2EfcLd3PiKRr1utTxFxmwHLwJbc6B6pg==","mode":420,"size":5454},"AUTHORS":{"checkedAt":1708590262690,"integrity":"sha512-jjS0r9EBLCWgO0cmLgQm3Z4awgzd+E7z8+qCFFkCJN1FzvrFEkm6iH4NMOB8SNp8798Xmzqg7Yf/AxnsmogE+w==","mode":420,"size":217},"CHANGES.md":{"checkedAt":1708590262691,"integrity":"sha512-wLfyP//dhpwKtw3yA+wOV94/UDaTzFsSWXFvjz64WrI49Hbhsty3+WJhJzZyPLkOaGqlY3FadS90u1aPfX4o3g==","mode":420,"size":428}}}