{"files":{"package.json":{"checkedAt":1708590260955,"integrity":"sha512-+/8AAxzcNQnb40Ym7dhsqGlwXikVyyrKvnqSwp4iJO/u6wXqghEUR5GV3bN1dXHBt8QBT4OYyN1vS/g3fNX+7A==","mode":420,"size":1611},"README.md":{"checkedAt":1708590260955,"integrity":"sha512-diV6T6LqULPPcjObWgHC/48Hp0T3RqxTh0xaFNPJc3P+1PCxKSVQuzcsZk2bsRKmU6quJkocYSYpUhE+hfO5Ng==","mode":420,"size":7640},"LICENSE":{"checkedAt":1708590260956,"integrity":"sha512-xQKriQ7786As4H5sWg57xfbR/kwHpoU+ptzaHupXNOTGz1o7Af8JM5OOwPkEZo/2zu9sMPBqAoKC177Q/16A/Q==","mode":420,"size":1078},"bench.js":{"checkedAt":1708590260957,"integrity":"sha512-GPfqFeTUkr9lyyjVzzz5kfgNCgCoLVOv3widRcbjq5Bk/5oS4STIsCAvtkCiALcrYhZsZ11uFVf8So21wacL5w==","mode":420,"size":1256},"index.js":{"checkedAt":1708590260958,"integrity":"sha512-QclIaT/3H+7uzDH7+0shAjGp2pFFQYk9z3ZSKjAaOranEJOT4Pe9uRaq6Be1c//VIdTzL0TBZkJ823E5Vltemg==","mode":420,"size":156},"stream.js":{"checkedAt":1708590260959,"integrity":"sha512-3ZKs7IbNRXMblLLBnDnmYIJxkyVcolXfdz6NgT8npffgla5farWJN4RCQ4oxZPo+yTBr5Jab8pmSvqGcb6W+mQ==","mode":420,"size":703},"parallel.js":{"checkedAt":1708590260960,"integrity":"sha512-fXJBw/VfXOfcDPmAJ5sdjnLSUGOom2QOH0zGPbkh3AQmfTNgKsmxyLlnk8o/XycX53SZ+pwFz8S1QxOxW0jwig==","mode":420,"size":1017},"serial.js":{"checkedAt":1708590260961,"integrity":"sha512-q7ZXgsUGYAzKuON3Ox2dS3i1xDkOX3x9hLj2h6lVSRqG2QlOVsskMTmqTK55IKja1rZETSbXyOfR1wPQBbr4gQ==","mode":420,"size":501},"serialOrdered.js":{"checkedAt":1708590260962,"integrity":"sha512-YxTAdSP5NqH3hgF6afSDNbs5L7ao2K1mJ9khW/OfuwmzPsQff4pTVUhqYrfIyRksUB0WWPZ4nCkVEk18MsUlaA==","mode":420,"size":1751},"lib/abort.js":{"checkedAt":1708590260964,"integrity":"sha512-L7LitVSNpYEQHu8W67IB4NA9VNKLDO7CvQ9Gs7SndjWK9gaDI9pkw0ikxVPcoxzdtbtPRdtv0XPlSqXXEIi7YQ==","mode":420,"size":497},"lib/defer.js":{"checkedAt":1708590260965,"integrity":"sha512-ENIjAR7Gq4ImpN+l8aOkwUwnQDaNVFNgUzOiP99SqfpVFjopN5yTf1aCEnJbEd+gBkiNffTMTSW6R7YNa1Eagw==","mode":420,"size":441},"lib/iterate.js":{"checkedAt":1708590260966,"integrity":"sha512-Gxqu5bdoy5SYafTHZwfrYzGs7wCGzhuKYY+yakzy5eOaoO1eArw9YxuAvSUbkQP8TyGb8KCkvxnTBFnkiwQdZQ==","mode":420,"size":1794},"lib/readable_asynckit.js":{"checkedAt":1708590260967,"integrity":"sha512-8R8Im1BPvZjd+xFSJE6LWkQln0cIuts0Bsn3K9MwpPRBIzji0c+9xIIo7zFoCx1zBq5+N8pR3F8HxdIajWQu6g==","mode":420,"size":1611},"lib/async.js":{"checkedAt":1708590260969,"integrity":"sha512-AJUw/HuTZ4O4wI+D78BltLSbbroQ7Ek6VyVSfZi4iaGe8OmK5zLTgSln2b0xs9HwYld7JglF2TY8NMXA/6SmHQ==","mode":420,"size":599},"lib/readable_serial.js":{"checkedAt":1708590260970,"integrity":"sha512-T6x5coG5A9AKEG0Csc+Ua1JwydVXwIo/FAKoRrkHawPvzbd4yG+XLcbqqaq1B41C8Q5v/8hSmDFYqSi1PIY5Vw==","mode":420,"size":655},"lib/readable_serial_ordered.js":{"checkedAt":1708590260971,"integrity":"sha512-A94xA/FgFaA4T+XziucvzLwuVWmx2rSSnBcwsiC6QjzDKIy8+8LViDt0t1fu9nhh+Qy2TiepGiv2UPpyxCtw7w==","mode":420,"size":941},"lib/state.js":{"checkedAt":1708590260972,"integrity":"sha512-1O08duvQNzsPiffPI027hH0oLdEsdGuS4lLFQavcPTNJ4RraR4Uko79PryYk0LOoG9+Lbw2utaGz8mDFhEpS7g==","mode":420,"size":941},"lib/streamify.js":{"checkedAt":1708590260973,"integrity":"sha512-+3Om8GvMEE3qVjx/K4poeSi2glTpvtrWGnJq8sewhY/osOdN3OqVqK1930L3daCbcnHVrBqRr79kvs8EwmNcBw==","mode":420,"size":2964},"lib/terminator.js":{"checkedAt":1708590260974,"integrity":"sha512-M0wzFUnTe48p0ZO4kQncI2hl7170w3srDyAOWCmhySHpiHXJyqyIV+HmS55jk7jybXd04yFGHtqXUdRQhZUImA==","mode":420,"size":533},"lib/readable_parallel.js":{"checkedAt":1708590260975,"integrity":"sha512-qCBy/1PlbA8kEtcFXOUZN61oToxerKYbQJjIBO+v/MqF+leJGmY2fwf/U3w55Jxq0Bvf/FOWO7XOF+FNXVsmkQ==","mode":420,"size":673}}}