{"files":{"LICENSE":{"checkedAt":1708590265610,"integrity":"sha512-28zf/YsvppDTHvnUoPHZTbUN5KlcqYgZGwzec8KPY4jezSGT/gmER5j3F3jPvHNYfLqF1aVtY/lZM9Ugj2QW8w==","mode":420,"size":1166},"index.js":{"checkedAt":1708590265612,"integrity":"sha512-nrZavXFbQT07I+W27LqJ1B+6e16q8EkCFjpeEx8+ev2KUZ/baps8s0iBrEMlmsSjVsaXMgBVmwGNjZOLkio8hw==","mode":420,"size":7701},"package.json":{"checkedAt":1708590265613,"integrity":"sha512-PBNk9nHgtbpoDeqgLSx3FxSvk5oRKvm8imOkpwPi8a8OcU6f9U7jvgl0uDP2YXoSQ3ScZAHri94aUnKolmDISA==","mode":420,"size":932},"HISTORY.md":{"checkedAt":1708590265614,"integrity":"sha512-Ts3pVW9t2Pwx2fLYAKrQtOeGrMpwR2/qoyQXgwfwEX1qyhjkausLGB4/oowR0T4qT9j/OIo3W78HGq/V/WUZmQ==","mode":420,"size":3211},"README.md":{"checkedAt":1708590265615,"integrity":"sha512-KzCnRw6mvGrW8UdiFgiWvmZM0ViYgr80ivCDbPYXN2HCJ88xAhKJjAn1DHkj15z5MSI6rEQHR1wrU8EVMxpRWw==","mode":420,"size":9357}}}