{"files":{"LICENSE":{"checkedAt":1708590275874,"integrity":"sha512-e6QFASPQo+yqcyfnjkBj6RUVamJzctxReAH0YONGrmiMZ7EuqPv1HD4xV6UTAyv6TQeJGu+suGsTEgOT1TUnnQ==","mode":420,"size":775},"dist/cjs/all-signals.js":{"checkedAt":1708590275875,"integrity":"sha512-cBeRQ0TIkIhqxzdXASWss4p/utyl6La4OQA9FLVavHXDBK2KsBPXJyXQeK2rzWbunFoqtIjAzIWboy0RPOJGuQ==","mode":420,"size":1553},"dist/mjs/all-signals.js":{"checkedAt":1708590275876,"integrity":"sha512-oiTVMuqvIoskpbTjzygSbueoAATMG/YwjnM/Y94Z3TWFhxKrH+kbFNK5/5VEKGyl772fs+QMtEfCwgN1hANUbQ==","mode":420,"size":1269},"dist/cjs/index.js":{"checkedAt":1708590275876,"integrity":"sha512-QQ3ifkBPJcoUy3z+MRq0qm04hFOmna9dT0qI03/aOM483COnfoElwBZ59tHSAw6kmRE3NjgBO55ftYbr6bQSrw==","mode":420,"size":4976},"dist/mjs/index.js":{"checkedAt":1708590275877,"integrity":"sha512-IYPmUeWr1RsXi/C7BtmIAd8Lmi5X5TamRDGQny+ISYw6Q3qOl338M6jJIR3Fs+euMO2Eis790QS1iARxJDcZqg==","mode":420,"size":4494},"dist/cjs/watchdog.js":{"checkedAt":1708590275878,"integrity":"sha512-t8YbjoxxGryC4ctE1z5i49UKWC1hnbu24vbK3dYPU27tGq2JeefKkDRMPodtaIYLR3Rbb7th6k0nfWu2ZXHjdw==","mode":420,"size":1312},"dist/mjs/watchdog.js":{"checkedAt":1708590275879,"integrity":"sha512-3vXyT6a9BKKXvH+sMvx0mzsyOkXWFxme0vjMDPzRt5yDc8ZGj7IyCcP/DYI9ek8KkDdDMJynichnFwT6b6xqOg==","mode":420,"size":1154},"dist/cjs/package.json":{"checkedAt":1708590275879,"integrity":"sha512-bFiTnaWPm3Fik6gyj3o2SbbiQr8jX64ABVoMx5+yeI5Kmd+qQi4M+tvoTg1eM7g29oYn5qQJZUh37cRDuU0ExA==","mode":420,"size":25},"dist/mjs/package.json":{"checkedAt":1708590275880,"integrity":"sha512-nTI0IMxjxr7nncxdtfDxj2uOBz2q+P+lRZ4R8t5ZqfXowXjXf6kq/J3dNSYj3sNixi//hZxxovq5Px4hcsSYfw==","mode":420,"size":23},"package.json":{"checkedAt":1708590275880,"integrity":"sha512-5rXsE/685uZj1BjMUQhwaupl/8UQzgQ+5+VZv/NWXofweQgso+AF0v0y/mUB22JWLdT6CERglvIHFk6RwD7srA==","mode":420,"size":2055},"dist/cjs/all-signals.d.ts.map":{"checkedAt":1708590275881,"integrity":"sha512-xyRaPPW1Ghj63FQDG1bz/GcOj4pgJ+O/DftzU7lMSeLjRwcj0Ch7TnmvfIOh9tNgQfemL6LVdnm0YZnjDvSbyw==","mode":420,"size":150},"dist/mjs/all-signals.d.ts.map":{"checkedAt":1708590275881,"integrity":"sha512-xyRaPPW1Ghj63FQDG1bz/GcOj4pgJ+O/DftzU7lMSeLjRwcj0Ch7TnmvfIOh9tNgQfemL6LVdnm0YZnjDvSbyw==","mode":420,"size":150},"dist/cjs/all-signals.js.map":{"checkedAt":1708590275882,"integrity":"sha512-Id8lLiIFRv/kFat8wduyStHfEofeqAOSD77YO2I2GAO2fxbXmpfLFhJzLC6XG8ov7wjjKdOqm8kmc4NjljVfrw==","mode":420,"size":2230},"dist/mjs/all-signals.js.map":{"checkedAt":1708590275883,"integrity":"sha512-rm3u93xRnLX4a0nmCrfE/uLYyuZh4NcI3uREz63v52Y059SI3PVbZfV0MJI4ha3WX+YPmztUYItu1Ae6Z+nTUg==","mode":420,"size":2253},"dist/cjs/index.d.ts.map":{"checkedAt":1708590275884,"integrity":"sha512-qqDlYqKUJDf382+RFz49FWqvb5jq6YkaZfqSFrEzWBIUKNp9+M4pMdEX3+JDkiyHQO0K/BYYBD8/CoNJotexPw==","mode":420,"size":1465},"dist/mjs/index.d.ts.map":{"checkedAt":1708590275884,"integrity":"sha512-qqDlYqKUJDf382+RFz49FWqvb5jq6YkaZfqSFrEzWBIUKNp9+M4pMdEX3+JDkiyHQO0K/BYYBD8/CoNJotexPw==","mode":420,"size":1465},"dist/cjs/index.js.map":{"checkedAt":1708590275885,"integrity":"sha512-Na3v7k1fbxJCoe3V1Lt4bnA31bIOoJ4aMwCd4Ggv5olmCGO+uG636Kj2iyjC9ZBSq8cbBRGNq2gIcXwbNmwOJw==","mode":420,"size":10783},"dist/mjs/index.js.map":{"checkedAt":1708590275886,"integrity":"sha512-Asc3bm9sPgEvgOyw49MlBvl5sdT5hRbPyetKqBZkui2jlEpPZVzceiepld6hVml2SOftxJGFTOUkeJuyiO4J/A==","mode":420,"size":10876},"dist/cjs/watchdog.d.ts.map":{"checkedAt":1708590275887,"integrity":"sha512-xmfp12c2KsvvGnPM5OB8eM1Rj/XsIR3UDst5z3s5LpYQd3TnBCsIaZpHDCKm1R4yoUXIEsrj6cILoI6HEaZByg==","mode":420,"size":197},"dist/mjs/watchdog.d.ts.map":{"checkedAt":1708590275887,"integrity":"sha512-xmfp12c2KsvvGnPM5OB8eM1Rj/XsIR3UDst5z3s5LpYQd3TnBCsIaZpHDCKm1R4yoUXIEsrj6cILoI6HEaZByg==","mode":420,"size":197},"dist/cjs/watchdog.js.map":{"checkedAt":1708590275889,"integrity":"sha512-FQN+wbLskG97ok8daDVSFnaipq4Ilyj9PWtkf7Y5nmtOR/l4QgYEj3n1ZXCIeh1HXasOlvZoqY26QD3s7U/qPg==","mode":420,"size":1929},"dist/mjs/watchdog.js.map":{"checkedAt":1708590275890,"integrity":"sha512-mHp0GTBrL9JBkmF1sSAKvS8vlNq0SxW3NL9AKpketqaJgp96JrtmbQ8AFI0Gjb0QauuWC3x6AWI1AheOMWg55A==","mode":420,"size":1938},"README.md":{"checkedAt":1708590275891,"integrity":"sha512-HitdgTnii7LPD5W2ypeltt6YdM6G0TxE03PPMkt1Blwi5DhHucovI5+Ku9qWFc7GvYINzPYhF+IWeLoIStWVpQ==","mode":420,"size":3259},"dist/cjs/all-signals.d.ts":{"checkedAt":1708590275892,"integrity":"sha512-6BQ5jLbcgGVV0C/R6GTEHhKN7tEHx55rBBu3OJ2z03m1AmLLK3/Safz3kQJ/N6fbkgVQsnuiEfzLJY0/Kvuriw==","mode":420,"size":123},"dist/mjs/all-signals.d.ts":{"checkedAt":1708590275892,"integrity":"sha512-6BQ5jLbcgGVV0C/R6GTEHhKN7tEHx55rBBu3OJ2z03m1AmLLK3/Safz3kQJ/N6fbkgVQsnuiEfzLJY0/Kvuriw==","mode":420,"size":123},"dist/cjs/index.d.ts":{"checkedAt":1708590275893,"integrity":"sha512-T8arwI57hn4NK27zyAzsgaRn50cyP4h3S0fzDY67sqaFVHfMG5ynVdrbJ9FWxwSV2ygOKHfiKziiBduom/B+9A==","mode":420,"size":2617},"dist/mjs/index.d.ts":{"checkedAt":1708590275893,"integrity":"sha512-T8arwI57hn4NK27zyAzsgaRn50cyP4h3S0fzDY67sqaFVHfMG5ynVdrbJ9FWxwSV2ygOKHfiKziiBduom/B+9A==","mode":420,"size":2617},"dist/cjs/watchdog.d.ts":{"checkedAt":1708590275894,"integrity":"sha512-llKJJW1GzOeR6EKf5ghXmrVN84zDpJ3hg/oyin2d/WuAb76sSWcrz0gBqsNmVJQgJSgxWJNyaS4IAieSsQcf5Q==","mode":420,"size":185},"dist/mjs/watchdog.d.ts":{"checkedAt":1708590275894,"integrity":"sha512-llKJJW1GzOeR6EKf5ghXmrVN84zDpJ3hg/oyin2d/WuAb76sSWcrz0gBqsNmVJQgJSgxWJNyaS4IAieSsQcf5Q==","mode":420,"size":185}}}