{"files":{"package.json":{"checkedAt":1708590287908,"integrity":"sha512-ItEjY4C1D9LRcKDWCiLLMI3yROivJsdvDdZC3N4gBgTAsdXGnk+XjxPIjZewLjCAt+8bL0zPQSQoI78/jjDIGw==","mode":420,"size":834},"index.js":{"checkedAt":1708590287909,"integrity":"sha512-r/o4XG/qZGrlZQQowVLFUx1b76NcFJfzCdwC7+NcLbdeahettUIjhwdB4eMLnt1uI6WPh2erU3w0I8EvaQ5x7w==","mode":420,"size":3498},"license":{"checkedAt":1708590287909,"integrity":"sha512-nIst73auX/5NY2Fmv5Y116vWnNrEv4GaIUX3lpZG05rpXJY2S8EX+fpUS5hRjClCM0VdT2Za9DDHXXB5jdSrEw==","mode":420,"size":1109},"readme.md":{"checkedAt":1708590287910,"integrity":"sha512-aii6LVGDINoPhalWj076FE3Vk/q7udTKEnDCUsUflECVpNi6SEyQR8YA5Q8BGWGmUCE+PhINHYk2TEO9rki74w==","mode":420,"size":3119}}}