{"files":{"package.json":{"checkedAt":1708590265807,"integrity":"sha512-2B7l8jlEk6X5ORjsrmWB+C7lKfu9JX4NwQ6mjwnDnQ0Z46aw6VYOsSUNiKmx9ZHWRp8oQEQQsWtYDL4XnjfaDw==","mode":438,"size":1091},"README.md":{"checkedAt":1708590265809,"integrity":"sha512-A2UJJl0UoT0nEyg3PZlty53a7HxuhDfccOKCzI9QAIwuSt3ttutkRxccsjhRNQT3MtlgrKPtlzuT98uAop5KsQ==","mode":438,"size":3855},"LICENSE":{"checkedAt":1708590265810,"integrity":"sha512-dFopY1mmM4PKVCEb5BHg1vYZE7GEmzJMaZYbPr7EDE4srhZsXjX+FK6S0StWxUcrIiKSEfiK+tiHQQpjicbhyA==","mode":438,"size":1089},"index.js":{"checkedAt":1708590265811,"integrity":"sha512-jbXZqTjzl8Ecdcd8DL5utgnF1PgaWQ8iEWP+MpHNDLKmKGuok1yPjP2r7Oyffkmlv6g23Hd+k2Jx++Da6nQU5g==","mode":438,"size":1586},"HISTORY.md":{"checkedAt":1708590265812,"integrity":"sha512-FCKolhNCBfc/1Qw/EM5cywrZjSlM24pviUTSdwts3137qroHJSn5utVv0CAtEw8Fkuf9WvB03As9EFkXOqHPpw==","mode":438,"size":238}}}