{"files":{"package.json":{"checkedAt":1708590273766,"integrity":"sha512-4ltXLV8M7Zua92uka6P79xczCL+o2iEtT+CFtMvApVWiRIY/k6iN+I5rqf7XZlIw6QHVPHOUq6ojrQwN+SdClg==","mode":420,"size":1131},"README.md":{"checkedAt":1708590273767,"integrity":"sha512-nNOC8rzRNu+ae+iTEWnw28rnRmCTshSch2U1LZZZ4Jl4War1qfwdXmMUCwWbEHyq8NlgQ/NR56jbbQcMiyM17Q==","mode":420,"size":2546},"LICENSE":{"checkedAt":1708590273768,"integrity":"sha512-Pzk/oiavUErNJ+2Q1b5g1EPArVYQxVzQx4/walYwLVN7/eHoQhq7gKsPEb/xzHqN2Va5TjDYJGMyt4274Wkr6g==","mode":420,"size":1083},"index.js":{"checkedAt":1708590273768,"integrity":"sha512-U9NcHe9wZAjoniXYSfsYC90OLeZc9APe01ArXAQ9J1NfS/lNZT9miaConWDd4nIIL34x9vMHPQrFQfUA5pDZvg==","mode":420,"size":331}}}