{"files":{"package.json":{"checkedAt":1708590265158,"integrity":"sha512-3NFgu4yGgi2IBrOrrxgx+tjMMhy+DCvI+UKWIFULk0noSq2PMJ7UNRThlFS7/RiddeHmpdfbO4d/kPxMLXejog==","mode":420,"size":743},"README.md":{"checkedAt":1708590265168,"integrity":"sha512-whtrOs2a49xy0mgMWwmCNxpZrR3cMZ/0ynSP0MMF8CJzBBf/NxjID6hrYaBEwdg+A7QsffPH4Pk1Jt+bbX38Lg==","mode":420,"size":467},"LICENSE":{"checkedAt":1708590265169,"integrity":"sha512-XCkaeV1f6irveeWrsZX7rCiHczP0DDnAkkHsxjnB2NMc0rjUWmK3jAOyaPz24Zkn2rMEr+E+o6Jup3RE4TvyGw==","mode":420,"size":1233},"index.js":{"checkedAt":1708590265180,"integrity":"sha512-vJDbPuV64Nm0ZKKyd3SRq0EAJF5F1h8Xe4I/ET0MXyjznpYn8x55YE33KkVrnTrjbxMmmEZPkkM4YDY8dnwiew==","mode":420,"size":2302}}}