{"files":{".editorconfig":{"checkedAt":1708590273245,"integrity":"sha512-CtlAAHlShXrCfOa4pF3MrIRLzKPHP+DtDFViXYVU3dGm42AXflEr9VM7Dw+xXyshmigg5zVzUnFw5hov2QnNVw==","mode":420,"size":147},".gitattributes":{"checkedAt":1708590273245,"integrity":"sha512-DXomms2sviS9F4bmidCOamSsDhLno7TVvrpH9f7IgaHcUwkhPkrdIXAMHYJdsFHW25Nyx1XXTY3RUIR9pDZyKw==","mode":420,"size":12},".lib.eslintrc":{"checkedAt":1708590273246,"integrity":"sha512-8ys+hHRisbmVVkx3BJt5FETFQJXlh5Te5FvYqdT9yPJ9QHZ2FvM1SraexUAipgbLFT4+qHxqlCZlbjspFHMG8w==","mode":420,"size":67},".remarkignore":{"checkedAt":1708590273247,"integrity":"sha512-S7916nDLzwZJ6tnQQJkLZY7MCseP1+KWmVimxtePK8JiwlN766bL2PxgBuhpFm7AW8W35L8oknDKT1aVoFCyYA==","mode":420,"size":23},".travis.yml":{"checkedAt":1708590273248,"integrity":"sha512-JEaqr0ljKIUAcONtYv6tYhxYQsQcHY5iDSfKp/a8joZxsyb6QRBbz/puGtCSuNRAdTqsxNjxBXkNpwFpchobRg==","mode":420,"size":78},"LICENSE":{"checkedAt":1708590273248,"integrity":"sha512-C1+r/zC8Sjf5Bx0qOep9nWTLPCWFUlPtk/ohIJVZO7XKe0fqRrFTvCKwuC34IzQWMA/kgz3j04Gn32985AuROg==","mode":420,"size":1119},"README.md":{"checkedAt":1708590273249,"integrity":"sha512-ARg7Z5LLv7i9gHIV7ie9he39t9SFDJhE6jhMku7s/bUZDlKkdlReApkRNv+j2ZF7JKeuTNfDxCXbNhLfLu/UjQ==","mode":420,"size":1388},"index.js":{"checkedAt":1708590273251,"integrity":"sha512-YsiHZZ48QAdxBznCSvbnpIQZ0VPQ7hTiWVtuIJT6QuEJrAgX5BFombnkzYPrbsVGFG7W8Z+841OMIFj92fSrKw==","mode":420,"size":781},"package.json":{"checkedAt":1708590273251,"integrity":"sha512-njUu9AknFA6EIoupwTnCkdglwSirtLmspwykpMTh1dTQxkp4GWqCUDlWTKiZ1N/dB6eVmYojERRPeU8d0lkSkQ==","mode":420,"size":2274},"test/test.js":{"checkedAt":1708590273252,"integrity":"sha512-/0+FL92j8weI5rG+GDJe7ZRBG2w2nMgUteZCQPtDHBen4KQgHlIwnIkniJd2nOLhOU5VBd/X3hsnRE+Sf+cz4Q==","mode":420,"size":143}}}