{"files":{"package.json":{"checkedAt":1708590262776,"integrity":"sha512-ZCcFOtjzKNA03xRtIdzas0q8a6PY3eLctNSrNtaktxkqKof/b9Gsmgq/vlh3/1szoJn380RoRzHDypUKCBRJAA==","mode":420,"size":496},"README.md":{"checkedAt":1708590262777,"integrity":"sha512-3Lh9SroYkdjjRxZ/erz0ZI9GQKoXbDVuamGvcvLbF/Be7M6Wh1HU3j87ESLR3cxC6NVcjXU7dY5NGk2TILXMrg==","mode":420,"size":130},"LICENSE":{"checkedAt":1708590262778,"integrity":"sha512-1S6tAynpIj3OPVT4PJ6MqreXQ1XCSOLoWhqKoxmK9AJQd2HCK60xMHrjvaBlKO0LNIfprJ9qbDxBPgmlrKyRXQ==","mode":420,"size":9140},"index.js":{"checkedAt":1708590262778,"integrity":"sha512-wHqaf2tH0wkBsG2ACuqU289wu6oGaJBPu3mOOc/E6gPgzgZeqzpuyB66ezUd4iy5fa/f/zJAGZzPZLex0ZpSEw==","mode":420,"size":4416}}}