{"files":{"package.json":{"checkedAt":1708590283283,"integrity":"sha512-i3KG2tRaEQngN+7NmJf+YUFG0kN6x/ZRIfHkxif6I6E+Pf7ieX/E6NSkYYZUgsewy3Au4EuEt52QkwDYaBM47Q==","mode":420,"size":1708},"README.md":{"checkedAt":1708590283285,"integrity":"sha512-arYJBGfPiYxgIPAoTXMqsptVtgc7FmcpHm32ct7piN71egMwwfV0MTatwE8Eh2el6qUjTW5sArFUbtqgMOCpuw==","mode":420,"size":4597},"LICENSE":{"checkedAt":1708590283286,"integrity":"sha512-+pEv+IGPh4ALcVfC5nVW1LAqoz7SFkziiLBnxnk9iSfSQNb9ui4Ji9wcpTtYcT4jHcbWESNABY3oGarsA04NKQ==","mode":420,"size":1094},"index.js":{"checkedAt":1708590283293,"integrity":"sha512-D4oCN37BV1RYFvOYSExgakAjRN1GBHElC3Ayf0Vz2FnTHIaVoMn9Ba0HCJPzsidb4YCkEXp4Ji+lg4nn1Wx/rg==","mode":420,"size":1213}}}