{"files":{"package.json":{"checkedAt":1708590265001,"integrity":"sha512-oUGNgDSJG9fHKCFHQ4X/M3nkaEjl5aD7Pxw2T4B0eQZbi104FYf/FCPAceFJscVDC0VWSJVWbX8K0z6lwnAG/w==","mode":420,"size":746},"README.md":{"checkedAt":1708590265003,"integrity":"sha512-Y4WqVtjco0R/7lNLv4caXrs/aiI9pYYrRzwElxKWhmqvC+A+sRsiWINfmzq5Ch0StjmCoclP7iVerMu1F30wMA==","mode":420,"size":474},"LICENSE":{"checkedAt":1708590265004,"integrity":"sha512-XCkaeV1f6irveeWrsZX7rCiHczP0DDnAkkHsxjnB2NMc0rjUWmK3jAOyaPz24Zkn2rMEr+E+o6Jup3RE4TvyGw==","mode":420,"size":1233},"index.js":{"checkedAt":1708590265005,"integrity":"sha512-jj/NlB5uIE24L1dgvj8UJOfO8IsSJL5MZ0hNs3cxlXk9cCUD/JSPFixpKzr6r5lc2H6WhPp9wO7m1UdlhLU0MA==","mode":420,"size":1819}}}