{"files":{"package.json":{"checkedAt":1708590283859,"integrity":"sha512-zwWgxYVy4VpBPXrbF2mZCekPcHYxnahqgzGGPzckvtqENXzzCFNOHJG8M9WpKbsKzb0QLWJKTWZawTR4ott1pQ==","mode":420,"size":1005},"README.md":{"checkedAt":1708590283860,"integrity":"sha512-jdwxm3z1yqJqzWDiMFKSdhopdf5Y7NwBIAC7xQXBrMUutXXNM2G8zGI2aP7v/JX13iIbeaG5I7SoOUV4x573nQ==","mode":420,"size":2413},"LICENSE":{"checkedAt":1708590283860,"integrity":"sha512-Pzk/oiavUErNJ+2Q1b5g1EPArVYQxVzQx4/walYwLVN7/eHoQhq7gKsPEb/xzHqN2Va5TjDYJGMyt4274Wkr6g==","mode":420,"size":1083},"index.js":{"checkedAt":1708590283861,"integrity":"sha512-8ad07xkvo6n7fVIut5CMuJHO1PkblR1Y1v4m2Yov+BKTZk2kM6CUGEisExJBadnHGnh4aziEoqSXWi/Hsf0ycg==","mode":420,"size":753}}}