{"files":{"LICENSE":{"checkedAt":1708590279163,"integrity":"sha512-Rs2boEVeLu3bcLfHk6ZHbPu3X6MGw+Pk9mlzyz5PMUOjWO5t07Bl0Xugay1jwrx8q44dAe3hmj6qT8GM6VLPZQ==","mode":436,"size":11325},"Makefile":{"checkedAt":1708590279164,"integrity":"sha512-eM5P74yQVGZ8fGazhU1pkLXG0Wt5xnWvZyX8iQ8OCGJG4Ynk1rSs5VsPvctaxjXlnUTELpO7RAkTZ/r5LR1FoA==","mode":436,"size":127},"docs.js":{"checkedAt":1708590279165,"integrity":"sha512-OVZXxGz8Ycun7lDw9zDBPVchDhfVA+E8k6zjdFigVoMAJ+V01UaEjMIX0ftT/4pib/8H7/l+3kTWfr1gmMrvhQ==","mode":436,"size":1629},"test/examples.test.js":{"checkedAt":1708590279167,"integrity":"sha512-9C+Djaa5k/6WyLGgDbCiMkZmTlFqq8TyLjoRvk6tE+YqFG+fmbT3wBGX7o5kfOM7zQMWZ9ETU/XkZ3rL7P7kSg==","mode":436,"size":10283},"gulpfile.js":{"checkedAt":1708590279168,"integrity":"sha512-0HiWC14BYBgb91JjDuKFXlr8fLgNUz2jDxMdZzwnGJlzZuJtuDLqAsFnA/VgDXKvHfqEpeB2Lc9EA63g3/aFZg==","mode":436,"size":430},"index.js":{"checkedAt":1708590279169,"integrity":"sha512-MHSV9ZrQYwrVnzXyNrJzCWVkmopvq02AAsoqkCHglfvGMrqzlcUNIyRRBLkQL4vfZASX6uY/so4n9i5ef6FnaA==","mode":436,"size":13010},"test/misc.test.js":{"checkedAt":1708590279170,"integrity":"sha512-uX+2N7phWJgBC+fm8ON3SP74Wgs2MDAzqTezu0etkaHOhsxI5PtB7kWK4jumsCbN5cEeExYGfC2JhpO9Nfrp1w==","mode":436,"size":2046},"test/post.test.js":{"checkedAt":1708590279171,"integrity":"sha512-QFaMdqmnw+vbKjYaK4LgZA6nzHzO8BTTZt7J/ql0yCvuOTsN9S3cwDGXrmMu8MWw5epHL+CvecBMHhb+t3kp2g==","mode":436,"size":4636},"test/pre.test.js":{"checkedAt":1708590279172,"integrity":"sha512-b6V3kYXwrSq0kq0sCmQGamPUNrWlDN9lR740uRqW+Ajm/uiwnMzvTykWNoKZOiFBFy83KzDsHJcrOLKOvQ+woQ==","mode":436,"size":7330},"test/wrap.test.js":{"checkedAt":1708590279173,"integrity":"sha512-3f7d+ubtNPIyAAQ9OwAY/vMFZ7Ijj97cn4SYa/NPVW5KnlrY/ILR29Cj3rzV/LPc23+qT0TEYGs+cJyE5OOueQ==","mode":436,"size":6488},"package.json":{"checkedAt":1708590279173,"integrity":"sha512-6/WXUQAPbhW8N6YD9//LXfWMNwkW+GAuEOB53Oy4eZfvq2X1moF8SoA7zjXRHBqcDr0Bh2+Zquax2iRz7Ar3lA==","mode":436,"size":507},"CHANGELOG.md":{"checkedAt":1708590279174,"integrity":"sha512-rLhwb+o2glT1/TG5iHfYORUpn+T7eAmVJGJVYcqCmK4xlrqDF17hTBF91880z16VOiTOXG+4w/qQc+rD17iEgA==","mode":436,"size":34295},"README.md":{"checkedAt":1708590279176,"integrity":"sha512-OSVJts7K+XWo4JcNo97TQr/0BYFtzXStaAoXHQDvsAxadProzxy/yrJ32WjP3UWYnK3PfBwrUW/jj980NHlFSg==","mode":436,"size":8608},".travis.yml":{"checkedAt":1708590279176,"integrity":"sha512-6tSF67J5IkdntkUo2R/yaeV7RgujgZtk0xCFTMhcRP5CvRtO14vz9rG5gcEKnQanaCf0mQ2cul+vOWP19E6TBA==","mode":436,"size":215}}}