{"files":{"package.json":{"checkedAt":1708590265239,"integrity":"sha512-Anrwadyw7eGhSnhbaQwby9y1pzOB7dOfJq9yw78lWjnNFE4i/madt81RqXVE+OL45ihs1Z4epxdh0iD9bMyl6g==","mode":420,"size":737},"README.md":{"checkedAt":1708590265249,"integrity":"sha512-oWobk7zdKdhruYMuwK5gZLcaLRECP+igXbj2HisoZG1b/0EhAI6R8pk/i1ib9ELL1YtyyzwIo+VCT05GUIfKFA==","mode":420,"size":439},"LICENSE":{"checkedAt":1708590265256,"integrity":"sha512-t/YCqTo2Om0BuHE/C+C/HnDEMbbFc+Iw7HdZ5m3+Ixv6eAFUYHuaWfDgMyL3zt9X0qvXoIPA8u8qq8i8IVvbMg==","mode":420,"size":1951},"index.js":{"checkedAt":1708590265257,"integrity":"sha512-F1P825LaUlkLE+082mfNOz0RWuYDQtOTWn/KRScn5kVOqvs69UL72aO2AN6dMYjmTNnQnSomObBPtsnYvstZ4A==","mode":420,"size":7094}}}