{"files":{"LICENSE":{"checkedAt":1708590279072,"integrity":"sha512-ae9woaSNwNypcVwcH1SsOY//SN38etNPDvcuG3vtcwz2nZa2T2x94RV0vu5SIndfpEWMslIDFN10TVZaO2ZXNQ==","mode":420,"size":1112},"Makefile":{"checkedAt":1708590279073,"integrity":"sha512-peTwWbD3IMNxNEBlu3AapGy4THAO8s3jq239MNqLRBGAvMi7Bf/RsHDzFHCp6MZ4XP1NDKRERY0jgUZ3AE3hwA==","mode":420,"size":36},"bench.js":{"checkedAt":1708590279074,"integrity":"sha512-+KXUPbL0ThrO1KagqGS7zFuz4vJakvXogTbw0rtTa3WmlQyjXMprg1B/ToqKE2yvvavrz3W3XHIZ7VRPC21VCQ==","mode":420,"size":3351},"index.js":{"checkedAt":1708590279075,"integrity":"sha512-uVcT22Hb91mnTvIi+sEeC7HInDKkGuZ/VEWvYIPcDRbed2IM8wb1PAcwW/eSIS69r044o4Xpw5+iX6YWTqRBLw==","mode":420,"size":60},"lib/index.js":{"checkedAt":1708590279076,"integrity":"sha512-prBNLYTtpHewpDlzkVi44vdIp9Y+aTW8tWW3ENPWHjZO9mfsaY2+bA8OJclI3Ei8NCdoMF1pbKsLQZBQvnIfyQ==","mode":420,"size":8605},"test/index.js":{"checkedAt":1708590279077,"integrity":"sha512-YenRcpWLgsl2t20LPS5uqss4oP13V/pggfggz4hV/GJoMs6ltK+gllvaRKIy/Q8fMxUtbU1qww9hiKEBlOINEw==","mode":420,"size":63884},"lib/stringToParts.js":{"checkedAt":1708590279078,"integrity":"sha512-p4NoWaU3bDDBjjlZ3OLJmScBB1ZCF0il1wFQVINTXQkyVvYEk2vJaX7KyQjyWC44VPNXLyuD+BxT2l6maJDYpA==","mode":420,"size":1394},"test/stringToParts.js":{"checkedAt":1708590279079,"integrity":"sha512-Ssi0ehwr8dTYo5LFjTdMlGNBOy0WZPVVyF4L9RpiAwvmvhDZ42WnDlV71utv1HsxblgnuSiU+taDHgJqOvwtig==","mode":420,"size":1072},"package.json":{"checkedAt":1708590279080,"integrity":"sha512-0STDXiW3+Zb9GAsiCpbAoDumT3Qfb0fH69vxVRHkXoyQdaa9uujcwn/ncdLekmRcY5+iG/WvwXsVDxzpCwfS7Q==","mode":420,"size":3044},"bench.log":{"checkedAt":1708590279081,"integrity":"sha512-z4PhNX7vuL3xVChQ1m2AB9Yg5AULVxXcg/SpIdNs6c5H0NE8XYXysP+DGNKHfuwvY7kxvUdBeoGlODJ6+SfaPg==","mode":420,"size":0},"History.md":{"checkedAt":1708590279081,"integrity":"sha512-PzTYo7WL1esVQI0CvYhbT3K+FURk6dGNyZJFhj4w4Xye1QjcCx9lfn3zRm0yYXTbnOgEN04ghT9AMO2P1UyuMA==","mode":420,"size":2269},"README.md":{"checkedAt":1708590279082,"integrity":"sha512-EHPYESxL2J4O1RsEnT3MiODH2YqG1TgY+JTHssCQXMLWUaFIOFYG0iICDNfV3ybf1BHq1CaAapdcMkYNuVl6eA==","mode":420,"size":6941},"SECURITY.md":{"checkedAt":1708590279083,"integrity":"sha512-xLaR4hXahjywIjAsNQRE0c8kETQwmkg5W7qdTiKfX9I2ZMss5PsldyluYjJaWWbH9R8xeJ1ZJqR9rDd+b3/v5w==","mode":420,"size":256},"bench.out":{"checkedAt":1708590279084,"integrity":"sha512-u2RnrLSoIfjOEwSUENgkySPaMZa0Bhot/fPzEQqgYjQW+RoyNxm3ApemP10yGxNH9Gyma08dHs/aUbmjKIEMoQ==","mode":420,"size":4142},"test/.eslintrc.yml":{"checkedAt":1708590279085,"integrity":"sha512-rsPWWqOU/GBZfPSnSqec94Bip4vttv8h7CRMIH6aXumUPXc8zHAzypfApTXOmw+guPrlAMBcly2UneXIJxC8NQ==","mode":420,"size":47},".travis.yml":{"checkedAt":1708590279086,"integrity":"sha512-krb6+JtJyoN9w7Q8pt4bijSPM/U41+GaP2CZNsIO9pDB4486sQXp6AcTQNU2/uU3fCjxaQXymOrZaOye/C/xhw==","mode":420,"size":84}}}