{"files":{"package.json":{"checkedAt":1708590290495,"integrity":"sha512-KnQfZYNl3ubF6Lp2RqM2nEwRLVHDjzlbcCitVlbINx0NMBPA9khmcwuG1H1CwU1ZdXK2yEVyXIwgSFDrw45+lw==","mode":438,"size":581},"LICENSE.txt":{"checkedAt":1708590290496,"integrity":"sha512-WwSik1Qb8b/kft/QbpPdcDrfgt0qtx1subUjiio1hmhoRPPYkzKGogIBrXtiY1/+1hRDb9Fo9TctPG/PWUosuA==","mode":438,"size":1885},"lib/path-is-inside.js":{"checkedAt":1708590290497,"integrity":"sha512-LRgb4kVF4LF4biT8k0ZkAAgwFSnU9Ja4rzmLHtoG8gGQWIkFn11fo0Tm3hu631ryYqBr8Y0dIc/NGT2vRsRaJg==","mode":438,"size":858}}}