{"files":{"package.json":{"checkedAt":1708590271140,"integrity":"sha512-as9uqbZvTa8xY5mPxCAWt+lcL68sMYucOOVpcbc7Olle27EpuCW7yIe6feCEI7i0iacGO79dBQ5OvmmTJC50Rw==","mode":420,"size":2139},"index.js":{"checkedAt":1708590271141,"integrity":"sha512-1MDaJIRvH7Qq++kyVsVz6cllXE+AOL9jXTctnefemMcITp/IDOrKrYHk+PNJ5QUQFGfns7qPHenJrS1Nw3tSiQ==","mode":420,"size":47},"Readme.md":{"checkedAt":1708590271141,"integrity":"sha512-Jtmz0qjzBwjQen8vI5/7TEpX5VJs788s86wFsVruQScOKG0tv9S5pZnsy/nlbD6rOG4AjpaxBTaLmnMdkV3Q6Q==","mode":420,"size":9173},"History.md":{"checkedAt":1708590271142,"integrity":"sha512-Zanc4T677dGfo6xMhukNNbkgC21/rxyd8D4+fXNNGMn2hyShXr7mHiyPgYaG8oPL2ewiaWg1uYCbfE+phvr4FQ==","mode":420,"size":2719},"lib/consolidate.js":{"checkedAt":1708590271143,"integrity":"sha512-3ItDzOHJZQqBscfzsSWOUJkk477xi2UOD9EFA6grWEZF6+xMZd39YE8DUaHU2LigpXIMKOvfVF806VgxtxTXUQ==","mode":420,"size":37743}}}