{"files":{"package.json":{"checkedAt":1708590273699,"integrity":"sha512-qOafu5DchOBhfvocbX7Hv70sGYYgXHQ5dBY2uyYpmKbd7qz8uebVN+mJ5ECfJPPDh+pJoSfo76QDYXu/7sS3Cw==","mode":420,"size":1173},"README.md":{"checkedAt":1708590273700,"integrity":"sha512-PNJIuMPBpHwKXMk6S7VS+zUcPcTo1uw/xEpJuSgTm/V3nPZ96Mgdt6ISm3McSYLt2/75QBQ4ykJqVRS8rtREFQ==","mode":420,"size":1982},"LICENSE":{"checkedAt":1708590273701,"integrity":"sha512-otSTWWji7q2l7Np+pp9+NVNv70EfMvzUQs/zFmnaaNJLK6iDFatYz//TyiMUzhBGFygwzL5ouO2Nu9vxXP6OPA==","mode":420,"size":1088},"index.js":{"checkedAt":1708590273702,"integrity":"sha512-BiTSMfYGAJ//sh/XjOSo25OJfSyKjvR44/FEowMb2vPaN4kTZ9XjBvn1bCkf4rMr5BIYRjpDkqx0kdWSYTSGIg==","mode":420,"size":576}}}