{"files":{"package.json":{"checkedAt":1708590265845,"integrity":"sha512-9b890+fGMOW3qNTeUGiwNhU5WLT2lS8qT0K3ZCwE6TEkDLqphC/rLvtRU3xjNcu08A1iHOzDCYHmSwwEqu9tpg==","mode":438,"size":1357},"README.md":{"checkedAt":1708590265846,"integrity":"sha512-O+bgMMlky1eDoBfXRS6EE062AIwzidD/55txhYa9R3I7uoD88b4pAKF+9aFrtvk0vbq8wSQUhurwjQQ6DHIyQg==","mode":438,"size":3374},"LICENSE":{"checkedAt":1708590265848,"integrity":"sha512-BhaNV6NyrRHymkGXIymQB2dg2/d/D/D9gpIZAVS15SPrei3jKEY8bO9dmmjg0tXIVSDCb4LNpQIjEmDqcaHxsA==","mode":438,"size":1174},"index.js":{"checkedAt":1708590265849,"integrity":"sha512-2N2aClrKXVtHbU82XzrZmTk/dlkuk0AhmUbHm87RvzwBliJHS4Kf0orRMfVAv7MTLmNdZliPRFSDhPaW2qIn8g==","mode":438,"size":2711},"HISTORY.md":{"checkedAt":1708590265850,"integrity":"sha512-uN1h35BZ91Dba0SjZD9nhMo5oLpBwWwUkSQKMpMqTSKun4iQCBe78b064QFOq6Pgg3NNFQnKJ6N1eXMRgoHg9g==","mode":438,"size":1500}}}