{"files":{"index.js":{"checkedAt":1708590272825,"integrity":"sha512-43TzH7KbHFRMjutiqhO8cCh33jv47ojdS1kCPNkShNcldMJYVQUI0/uzisJIxaUvz/207YljPGvcq1KwedqY8A==","mode":420,"size":840},"package.json":{"checkedAt":1708590272826,"integrity":"sha512-wGRPutztsddZhoGktCkBARyGkkZyahIdkzka2wEoPHW2+dqvkQOI3Og+mN+W+K1m1yi4kOWAte8ddyxFitkbMw==","mode":420,"size":631},"CHANGELOG.md":{"checkedAt":1708590272826,"integrity":"sha512-PhlnpbejhICBVepulpT2Id0iwpK0JvMzbhSJKD5tJdlPtfizlrcIO5FDm3xJTn1iINYz2fBT3zvfUaYfPKZXaA==","mode":420,"size":1643},"LICENSE.md":{"checkedAt":1708590272827,"integrity":"sha512-Xy+VEONw3o720FY5/jfVuK2iQ264fU2Bmpkew5upqJnSFQk0K7XnqETcg6NIcCwNKTWmW19bjXAkRotUIfCefQ==","mode":420,"size":1070},"README.md":{"checkedAt":1708590272827,"integrity":"sha512-QqQT/xLEqGJLeFepBQR+VURq0+sO8XYoiBpi0ko+RSj8pHKRgcQneTh8gdD1E07qdx0zJIY8MiaKbXWTn0J4bw==","mode":420,"size":1937}}}