{"files":{"license":{"checkedAt":1708590269747,"integrity":"sha512-nIst73auX/5NY2Fmv5Y116vWnNrEv4GaIUX3lpZG05rpXJY2S8EX+fpUS5hRjClCM0VdT2Za9DDHXXB5jdSrEw==","mode":420,"size":1109},"index.js":{"checkedAt":1708590269748,"integrity":"sha512-41/hKxsTlaKB10OeVEGU0WOJibqg5I0XPwYbwy5SrN5bhWiseMQ96oQj+Y9aaV7MQv7Ukh79CTGptfJ7HyJzVw==","mode":420,"size":1252},"package.json":{"checkedAt":1708590269749,"integrity":"sha512-vQ8TTLNjkOrlnh0cs/pQ8SEHRme9b8x6V3G73BYxp1Sd+r2e3++d0gqExPrWCTOWPtSR3IBvsZsHMB2+vbpZiA==","mode":420,"size":694},"readme.md":{"checkedAt":1708590269750,"integrity":"sha512-8F50Fq+K21E6UQfbVeoxNvU3qZXIdEEYpXOVPytL/mcpiBPO5brmqLgAOHUJBo3msueuHyOKOByzEmYXCcVeWw==","mode":420,"size":1817},"index.d.ts":{"checkedAt":1708590269751,"integrity":"sha512-LQVtrSRGHQMXDWu6M4rmifJW6O2JYn1E93J06YwmagUWQ7zP8tIcHH725PNEVqbp22MKx5NuK1obj78208ohPQ==","mode":420,"size":1818}}}