{"files":{"package.json":{"checkedAt":1708590292644,"integrity":"sha512-laK41PREYHmwnwnpzv59Zk4WAzohx9zOKdpCG/SQCL1ik0yf2FtSVXFdMpzfTD46dnSeZxf+fRLGRxT+P4elxw==","mode":420,"size":1008},".npmignore":{"checkedAt":1708590292645,"integrity":"sha512-1NNd8JMvUQtWstEiWN/E7hRk9F90CH7mn5ZDTvLBk79iDkpffTXoiQTN6vxjYOQrmTEjJn03hMEhHttSWzK/nQ==","mode":420,"size":73},"README.md":{"checkedAt":1708590292646,"integrity":"sha512-zPFHra6bKP0xKmYNYEUoLsnrKBw6mRUwf5HR24Kv39XtlRal54iMClBsq1cDPeWxIO4BeF/zTa7wbo59YRrjrA==","mode":420,"size":1989},"LICENSE":{"checkedAt":1708590292646,"integrity":"sha512-iQ3WRPWUcyTqfph7n8EaZ8CWrgqeALDcwxaqqp/6F3vDTnEMs7Y/tBzWpY0mpSmbVwtvz2iswy4RSMZ2r8CQNg==","mode":420,"size":1084},"base64.js":{"checkedAt":1708590292647,"integrity":"sha512-FqNdzAFm1T3Btic2t5vymXhw2tc58qr8pPLx6xVvOOPMTZ39uGcZM6Kr872o/niJeL4cBk/2huOzWdQXMG96mg==","mode":420,"size":322},"index.js":{"checkedAt":1708590292648,"integrity":"sha512-G3y7W7ce66+sKVHunLMK64TPSBKalyDNKf3Vh4eYFBJFA976UGT66XbpcAAnOLu5B5GVmlIwsjTOLuS7WpCKbA==","mode":420,"size":3309},"registry-url.js":{"checkedAt":1708590292649,"integrity":"sha512-2eqXvupKB2Vy+3viNc04fGfrNSY1dmtirJhrPXlj96C4OuIbG/Y4f7yGVUuLAoaCwMP8admtAXymsqu1iOPt8A==","mode":420,"size":229},"CHANGELOG.md":{"checkedAt":1708590292650,"integrity":"sha512-WJ5Rd5T9DKsWm/0H0FARtK/L5P+9+0+NEXNcgosHF0yWxuRAZSeTRrOCmGqKireaN96xEuZkbYaMgXDQ21CTsQ==","mode":420,"size":2913},"test/auth-token.test.js":{"checkedAt":1708590292651,"integrity":"sha512-A2JH0f9VNGYvJ4ckLIaPYfBB8BFHGNMfnjeUJ0PTJ6u2tgWdiC/yExDDp+fnRcjewDd44amRuh+kx1Bh3WEZGQ==","mode":420,"size":16663},"test/registry-url.test.js":{"checkedAt":1708590292651,"integrity":"sha512-uJXQwp2Iv8Rf60dffdD3gwUgdvPtvXy7Mi9PwLqMbK9dqFPtQW5pRtomV+Qz1nrBSKBjbwyPK5/bhLk/s9ZicA==","mode":420,"size":2090},"yarn.lock":{"checkedAt":1708590292652,"integrity":"sha512-i8hoZHFIh+I7E7UqxMc5a9lP8aZW0jmC+5jizUuFK3A1qnTatjHxKXCPK6GZ7J/qGIt2XMfb32g5+JF4192JkQ==","mode":420,"size":51455}}}