{"files":{"LICENSE":{"checkedAt":1708590260678,"integrity":"sha512-svXYFD9E7Zz2wGLKoKg1acr0tR4HHDCgjS+s1B4V3VERunapCEhPpdY4ocpq+lPQIZ2OxZveGnp4rnWYENc53Q==","mode":420,"size":1074},"es6/index.js":{"checkedAt":1708590260680,"integrity":"sha512-34GWKfY2LEM4Hojsa5FHIOAvhJpvg3oL3XLvnuussrDD5bhSJIvHMejKKpGy5ld4l2Zde3QWi1bY1Qa51ASQUw==","mode":420,"size":1935},"index.js":{"checkedAt":1708590260681,"integrity":"sha512-23vF9uwCbDv50hnw8rXiwm24h05R/w1c8GEptbT+SMkq9s5fbmKjduigOhZWnSPgfcwGOYrjhiw24miLo8VDWA==","mode":420,"size":1177},"es6/react.js":{"checkedAt":1708590260682,"integrity":"sha512-sBI4vIJ7tZ/NjdrzpZog5Ro7cGhbZPjPYU6sUzhiqJKCKp5lK5Vv0UZ/jc/D6xgmhNwBzJ6D9K1/2jRpaXvXyg==","mode":420,"size":2209},"react.js":{"checkedAt":1708590260685,"integrity":"sha512-RBhaXWsQ4zNR3yrB2gAZ+zMZG0pwx1vbQQutaYU8lGsUbDxe7DjPEccCyI1gbdqV2QKecp9dsY0iiONulGQehg==","mode":420,"size":1451},"package.json":{"checkedAt":1708590260686,"integrity":"sha512-JTXNeHC0219Tvr8rd8Z/DDx1C1dU0Z3ME5wC00vQ47OUPBCsEuxymiJI4oTpb6k7xxIjgRXq2384w+7PwDaDew==","mode":420,"size":1496},"README.md":{"checkedAt":1708590260687,"integrity":"sha512-d/qWToVCdZiUe68h6sQHOdXON8GeuwIgWh/BmwRNu+pbJtVmyqpABaWqXOBo3sx1EXkGr+S2ef5sU1VbzHrcww==","mode":420,"size":3323},"es6/index.d.ts":{"checkedAt":1708590260689,"integrity":"sha512-jDtzfwR6iyzwWmHVzrBsGXxhnnNC1s17J4sm1LhUd7EvDkqaFg+GhmGVXEUECp4wl6srmks8FF34Zv3sUXR3fQ==","mode":420,"size":66},"index.d.ts":{"checkedAt":1708590260690,"integrity":"sha512-0P/EFuDAP34WwVZgPq5o+4KCn1vfmO03g/uHJhrUAL7FHVQG1NqkcSNgzc9ApdMRA25mlklBemmdcWmya0Yqwg==","mode":420,"size":103},"es6/react.d.ts":{"checkedAt":1708590260689,"integrity":"sha512-jDtzfwR6iyzwWmHVzrBsGXxhnnNC1s17J4sm1LhUd7EvDkqaFg+GhmGVXEUECp4wl6srmks8FF34Zv3sUXR3fQ==","mode":420,"size":66},"react.d.ts":{"checkedAt":1708590260689,"integrity":"sha512-jDtzfwR6iyzwWmHVzrBsGXxhnnNC1s17J4sm1LhUd7EvDkqaFg+GhmGVXEUECp4wl6srmks8FF34Zv3sUXR3fQ==","mode":420,"size":66}}}