{"files":{"index.js":{"checkedAt":1708590289383,"integrity":"sha512-L01JZ39MeBX0a0g6ghBfrcgyVot6j7KOtOf4L3BGvUaYIn8JiIslybYvmqjDQhBC2TndEtcHeK96PaIS7tq7HA==","mode":420,"size":5708},"signals.js":{"checkedAt":1708590289384,"integrity":"sha512-gehe2Vo5pfTs44lemTc+0BrOSFB6cH+ZlTq5IpiPCwaHMeFs/V2ZO2cODyGhetG9DO8/ltp0yrSuOyeg1vtQ8Q==","mode":420,"size":1295},"package.json":{"checkedAt":1708590289385,"integrity":"sha512-WaA0bFOOjimE3q1Rlt4EYnZtyQGMvYoPyJ6mMYyM+i0gDowvfbYrsJp9ciAR0n0/2Axz+J03ppPVdCrVAj+x2g==","mode":420,"size":864},"README.md":{"checkedAt":1708590289386,"integrity":"sha512-OE2cQKg85j8/eqMUrvvntpk2KrOms+BaiNkxx0rReuBThSD/NXkDzWLlmlzDXLGZmE2JG5roHhsGKGFOkgTL7Q==","mode":420,"size":1343},"LICENSE.txt":{"checkedAt":1708590289387,"integrity":"sha512-5DMZrk5fBGeEnj/s7hSA9ISstg5tQH2LJJ2MIlQm5irE/GrJSGc7nuwzCNGNibmcQ/hCATZSDY9sjde4e39EUA==","mode":420,"size":748}}}