{"files":{"package.json":{"checkedAt":1708590289468,"integrity":"sha512-PMpURYxdOm14K5eaTMNx8IwJDG4+wd9yuErN/LQiMo1FTjHQUVa1IuMNID38mNeBAb62bk2dCSIfl+aLJdAuvA==","mode":420,"size":564},"index.js":{"checkedAt":1708590289469,"integrity":"sha512-6GycvSdebYBjJmSMDjOY52v8LGHtgxjFFofvbiweCIXeoIzunOMAfywb+rsv1fUGJEeCJErpMWvoRgl3vl70yw==","mode":420,"size":40},"license":{"checkedAt":1708590289470,"integrity":"sha512-rnnnpCCaRRrva3j3sLiBcOeiIzUSasNFUiv06v4IGNpYZarhUHxdwCJO+FRUjHId+ahDcYIvNtUMvNl/qUbu6Q==","mode":420,"size":1119},"readme.md":{"checkedAt":1708590289470,"integrity":"sha512-05gKb32+AjCTQOmxtT4BFRH9Lk1KC91iLljT1zyQvIlEiosdff25Bb609/2M0U8GzbCH0iIZjzg1/AX+yVUjcQ==","mode":420,"size":580}}}