{"files":{"package.json":{"checkedAt":1708590263623,"integrity":"sha512-j0bEc257WFQNgFO+9Z6+nFtm4Xnz+1DBj0HETVhMzgoO83qDinMG5xzeDwkwMt/U1hzAvc1Erf2AZ4o/FDWYxg==","mode":420,"size":392},".npmignore":{"checkedAt":1708590263624,"integrity":"sha512-0B3v9q+/kD/WtK5xEDmSkLuGDKn4vZlCeNVuZaZMlGuF0iGzq9IdHeNP7nIeDXdJbAfuQk/8tEYEnCcJoFQmoQ==","mode":420,"size":64},"README.md":{"checkedAt":1708590263625,"integrity":"sha512-HJGj7fp83p0t8Q0q/l0h9K1nKl3uaE+M/5m52Y8eKUrNlgw+c2FHbb/T7pFm0uRt6vHTZtsagQhz8AFmdFrtfQ==","mode":420,"size":774},"LICENSE":{"checkedAt":1708590263626,"integrity":"sha512-8MaOQR07d1mzD6dOo3Zj9OpJaP2469QBbJ7Lxbz32VaUHQwfgeZqu3NnbUA3kkDYKLCmrDbDree6EbYrXtFMYg==","mode":420,"size":1067},"lib/index.js":{"checkedAt":1708590263626,"integrity":"sha512-PJuG3hqW79uZthld1YWoejcPGPbsH39wm1JrrnN2o3A+FHUFxAsDqV87O5XcDUBZ3h/0n2q7+ZkjHcRtGGTO7A==","mode":420,"size":3260},".travis.yml":{"checkedAt":1708590263627,"integrity":"sha512-2GEcDNuARvyy3OhMwG+ioGnS6dxk0cNTQG28DBqUm3i4gfBI0OGWOwCBEXc9IGtv66QQw3z0TeiqQjyGJUV5yA==","mode":420,"size":113}}}