{"files":{".eslintrc":{"checkedAt":1708590270008,"integrity":"sha512-xKtUOOFpL/p0gzsFdRTTchCvNGvwwXYSWbps8n8XG5o1gMF9MKaoMy/2JAH8PPMf1HcjkQKG01Y6UAi+vjnGwg==","mode":420,"size":291},".nycrc":{"checkedAt":1708590270008,"integrity":"sha512-42sgwWzusJB1Dzhl78jX/Zg65Oi0HDDMOGXS/Uklv1kCYn4fHtRsD/JFPwdu+d40vome9XdUspzRWEQAcTGEeQ==","mode":420,"size":216},"LICENSE":{"checkedAt":1708590270009,"integrity":"sha512-9CCWKHOyAcobQT+fPtmiq2F2+xkrIWD+4MQshpA5agEGKdLA+jCQ3LpOf7KqU2TmrzLa8AoocMeOs+/AxmpiBQ==","mode":420,"size":1071},"index.js":{"checkedAt":1708590270009,"integrity":"sha512-3CkalFfP/F9us5aU/ZHHKHdQKCm+8BsH2tXfR6EXUbKRDhgH1ShC+tONi4MJ622CB8BCznBaIRhmcXaVttbRvg==","mode":420,"size":2336},"test/index.js":{"checkedAt":1708590270011,"integrity":"sha512-TV1ib9sLP8zBg4lsfXTcMQcEBLpvMRZmyt+zMl/y8HmA2UK8elm8dM077/l8TB/i7kKEbC2lrtO9EH/Hi5Z3bQ==","mode":420,"size":10471},"package.json":{"checkedAt":1708590270012,"integrity":"sha512-S4G70x/V3c5Sj7Drzvu9p3iR8ST3+rkBnF/xvd3a+7Z5tePRMalMArSV5HMnmF+l7MYT96KhCeWPWZSzWPw7Dg==","mode":420,"size":2856},"tsconfig.json":{"checkedAt":1708590270012,"integrity":"sha512-iod2nixCSSJuiq1ljMhY1IjMfTAp5fa/gWg7cBswGF5l0tAUQAkS2MpoFJ4R/JV9VkKKNPXbB6ltWm8XUSooUw==","mode":420,"size":4883},"CHANGELOG.md":{"checkedAt":1708590270013,"integrity":"sha512-mzAGokwyjzoqBiqnTSnXz04YRdtCwuZP8w0+8J69VSKxwmA095CbWXdixKRA06wdB0+nsFQxQByc103b4QmL0w==","mode":420,"size":5390},"README.md":{"checkedAt":1708590270014,"integrity":"sha512-hzf9IDyRy+w2i9T4wV55mH0/sqbEwPVcRkPlMI0Uj639NhHBXBkTmoq5hoXlDkzy19F/sEPsFXqFYfJZypNptw==","mode":420,"size":2431},"index.d.ts":{"checkedAt":1708590270015,"integrity":"sha512-P8h7JS4qYmpt1S6qB3a9NsXBwxy6tYEohQlhXE+7zRbBtx2TaHuMAUC5kEenNgXMxcBIcHaanHv+9nxF/Ots3g==","mode":420,"size":315},".github/FUNDING.yml":{"checkedAt":1708590270016,"integrity":"sha512-gjFex6wbYgeDS9ouUJpNA72egEMzaquSrBz2IIFdp/wZAW9PGvPW+Qa0BWgVzIPVx6hUU98KvRNkCnGpjhPGFg==","mode":420,"size":591}}}