{"files":{"package.json":{"checkedAt":1708590272864,"integrity":"sha512-A3SzQjkAJe6pzIUjhp6vTnKtwOtFiruHZsGNmLaYHadAAuX9pZPcpbZhq4uEMg9ZSdSVXpH3IKA5v3HcF0Wv5Q==","mode":420,"size":764},"index.js":{"checkedAt":1708590272865,"integrity":"sha512-sI6dp8UW0YauOLFfS6eWtST76Kf7UHdTVdZFuMGfcAOJZTdNnxCU8KoC3pQ3VIHA+RU67VxIs/5A/+hNY2eQ5g==","mode":420,"size":2108},"license":{"checkedAt":1708590272866,"integrity":"sha512-rnnnpCCaRRrva3j3sLiBcOeiIzUSasNFUiv06v4IGNpYZarhUHxdwCJO+FRUjHId+ahDcYIvNtUMvNl/qUbu6Q==","mode":420,"size":1119},"readme.md":{"checkedAt":1708590272866,"integrity":"sha512-/eiC27fqF3XKPD/TdxcO7SwQYX6piRq5y5OiCvBVYxUsz4F2wcTIhyD3umaFimR8VXSzSJUwHb2WYlBVt5C05A==","mode":420,"size":1502}}}