{"files":{"package.json":{"checkedAt":1708590268703,"integrity":"sha512-lRL4JTB8agRyTd0gnmwIqX5JcTs4ZwdfHLdxRIkM+0y4LXRRaMyaUEXzpiFurNeIkGbQ1BU3K1fJVJ0PMlcGag==","mode":420,"size":795},"README.md":{"checkedAt":1708590268703,"integrity":"sha512-6bzaWjuHozEiPoeZpPK71lS95YBAkHTSyeWak22I7skhQdT0MDz1ocb+VXiYeiCDThpcjItK3sh9MRVLkEhFNA==","mode":420,"size":3022},"LICENSE":{"checkedAt":1708590268704,"integrity":"sha512-LTC4V2DM5Xn45ZFvDbbDju7ljHiJ/NMUfYjtV7ysaRwTkN2MdGHcTxtxbCLSnzbO5yoIEHUpInFPGQrSMRUMBg==","mode":420,"size":1098},"index.js":{"checkedAt":1708590268705,"integrity":"sha512-3FUXn2ZOTySz6L8b8EbqfCzKJOcDnCfFJMNiRxNYrJUvR7BZ1Jmg19SrL9+WRgAWTm3J5odkBSMdmJwsZyFV7w==","mode":420,"size":1730}}}