{"files":{"LICENSE":{"checkedAt":1708590273224,"integrity":"sha512-5HycIj0/VBX8kQ4Xg9xMr8DtZL0DBVx2HAenWEoxkxtsqdJCPXD6rFGInPgJB9zjUw02sjYjSWEGivRstWSK4Q==","mode":420,"size":1058},"index.js":{"checkedAt":1708590273225,"integrity":"sha512-ImVjJEiF3VUZfCRQcdLMmMaD8UyjpA6QQUn99QZA7ezZCRNk8e0S2bYXvaJDedOL4jXiJH3FVuR2Yczqj0oRCg==","mode":420,"size":4117},"package.json":{"checkedAt":1708590273226,"integrity":"sha512-vFcTkPuQ7SYYJqvUXq825vFllMNKKmDLi+q8D8Ti129z/Rrj0o1p+25MVjkA1eSqMq6FQR9s8zn3TjclfvyhwA==","mode":420,"size":446},"README.md":{"checkedAt":1708590273226,"integrity":"sha512-EF153eaAxIyHk+GtYijudDmEIoPB8iQLeV1cRQkIAe04zzJR43PW2FaFpRIkwmbYJQsd5YOxXM4+EvoOVw4RmA==","mode":420,"size":2295}}}