{"files":{"package.json":{"checkedAt":1708590283898,"integrity":"sha512-AZfuQfrtev4OaZRx9+zpmj88kedI03wVbYhemxN8oPAg2UbeIuY6WQfZtKJHjZT/H1Ykn6JtHDd/wiMfaQ2eLA==","mode":420,"size":1806},"index.js":{"checkedAt":1708590283898,"integrity":"sha512-nEs5Vw2CakYW33aN4rIVNKuO02gtyi+CfDj8T8j+RdilI1p0yXsZ4akhSivUnMQHUxMqLouVXKfjD6RVBpwzAw==","mode":420,"size":8174},"LICENSE":{"checkedAt":1708590283899,"integrity":"sha512-1XQZUtYT6xTwC6q+C6wFl/BY9+0QSOMp50PhONw+LU63SIurZSEwxp3t5BWwd+9MRMq02fFF7uokLyedvYYf3w==","mode":420,"size":1094},"README.md":{"checkedAt":1708590283899,"integrity":"sha512-1sPUbnSrxDcpYd3vTyTD89OhImzxJAmKTrk7SCjzdLDVeSa+g2OeUHmLDpyz71M89LVCWLbfJBU1PfF2GWXizQ==","mode":420,"size":7887}}}