{"files":{"package.json":{"checkedAt":1708590290802,"integrity":"sha512-LNT/ieKd+zv0i0gNuu5jb3uZrh1xedeatuJpV0tTjPpaYyXdRnEbeDv9fuVhp+qP/SldGPWX+5kVah61JmTegA==","mode":420,"size":798},"bin.js":{"checkedAt":1708590290803,"integrity":"sha512-uN/EGILK11GGbS1lW0VRcbox5efadjIbZ4sIWg1lxYjIarVx7Lm2qRHySGcNQS+JaE1016FlHTehnLdCWq9T2w==","mode":493,"size":70},"index.js":{"checkedAt":1708590290804,"integrity":"sha512-ODC6huQuDHhXQc3nhlNLQIggcqAe2+Q08/Zr4pX7ZYFRq2y5JopCdLUqQQBiUX8oavgQi5AOe/UM5+jirrCWkg==","mode":420,"size":55},"LICENSE":{"checkedAt":1708590290805,"integrity":"sha512-2KVUREHYKdgMoMzPJX/RY12fWR3jole3XkkqD8Gf5f7pOwcObXeU3HyFYaOqdK/qFh8oy82bZ6ZCrjQxRdRMXQ==","mode":420,"size":1091},"README.md":{"checkedAt":1708590290805,"integrity":"sha512-y8I81TvFRP2QAXnjQ9NC4X6vZ5Sd+IZtTHN7Ein9dJFhCakEFCdP1tpOiRLUULQEaa3LQQD0lKXNHCA2uCyefg==","mode":420,"size":1299}}}