{"files":{"package.json":{"checkedAt":1708590272442,"integrity":"sha512-PeKX16V/TTi5xw4a7war/eYaSF8IfpH9mPcLYuyLIXzpyGy5Qb5XkuhtPaPTRxHLdRkcDGZOmhZ1ELd2qk3fCg==","mode":420,"size":607},"README.md":{"checkedAt":1708590272443,"integrity":"sha512-RG7fcMghh66FPZtT9OBl7Cfuf43sz+VHfrs/DNbUfVF7LHNEBM8XBRPEWGcJtG+WS569+YYJ8uqdqJg+jKUpFQ==","mode":420,"size":500},"LICENSE":{"checkedAt":1708590272443,"integrity":"sha512-VjzuMZnrO+c+8UVnuezGZlEM8Ae3aLTlPsK1+EuOCRUAclhQEsvBhuKCr0nf6OKxTTAf0OPGcFoBV2ItQ4ChbA==","mode":420,"size":727},"index.js":{"checkedAt":1708590272444,"integrity":"sha512-nN9MMZd9/xgx8uaFEwMXyz4qIo0NsRXX13BJhYgunB5oxZZ3zN9eBcdYcm3UN+9ixBRdnIQl0qmLZpp3Cenbcw==","mode":420,"size":334},"index.d.ts":{"checkedAt":1708590272445,"integrity":"sha512-DS8yCXKYh/pZjbbttyDyJ66N+0/buJ34BR7eaaA45Hkl7qadfzE2VQAZzG5xP9sta9zRvoKTGBJHro7eHXD+cA==","mode":420,"size":93}}}