{"files":{"LICENSE":{"checkedAt":1708590262479,"integrity":"sha512-deXHLIQmpcLNz2lK8Q0LqQNuWIP0OafvylOiGxYDEP08E9q+vY/PGIT343kV4H9eGYcVpnq1Bzm8bSP6q6ypaw==","mode":420,"size":11389},"dist/clickhouse_types.js":{"checkedAt":1708590262480,"integrity":"sha512-STxa+WvTVBHBK2SwmIPyJDKCNPYPaCLclothDCyp6/suIcbfDKhzUfS39Cg9hKQynz//xyD6bIp9i0GtwCqzrQ==","mode":420,"size":121},"dist/client.js":{"checkedAt":1708590262481,"integrity":"sha512-r6ChQ7XCJfQSYQb2bG35gh28G2IGy3GglI5e7jUzrG6j4ANi4Yj/ZGploDBJtQ5ts8vnYFc6cfV5CGUyabgU+A==","mode":420,"size":8186},"dist/connection.js":{"checkedAt":1708590262482,"integrity":"sha512-geIyMQxY3MA5EdKKO0qZSkXC5FN7H2iICZCKslaGa2lUp9RpP4Ej4/rquJtVzonRG/HGyrXMT/D1fwLTc168MA==","mode":420,"size":115},"dist/utils/connection.js":{"checkedAt":1708590262484,"integrity":"sha512-km/3OLDBlqPNXUGf1upCVbu06wx0YfT65lKfLaUQp5DFvCgbP082fkVSw7deVCKJdX4iwil6vCMHbrhggNLM0w==","mode":420,"size":990},"dist/data_formatter/format_query_params.js":{"checkedAt":1708590262484,"integrity":"sha512-b1UkUDId3kFpnfFSrfQKf53dJJlvsqduaWPmjdtU6nZJeHVVwMt0EyNb0XmPbyWDOH2rs8yb1q7ODStrYqVPfQ==","mode":420,"size":1876},"dist/data_formatter/format_query_settings.js":{"checkedAt":1708590262485,"integrity":"sha512-IDalaCjVPBKX7LycGASgY9aKxeeZt1Z/dONUxn3eP7R7KDH/1LroyopTrJEs5wr8r1bbkweuBFdbapvMuM/NOw==","mode":420,"size":834},"dist/data_formatter/formatter.js":{"checkedAt":1708590262486,"integrity":"sha512-4NZm5SQcgFA1Qeg4acTTBl6DLrPQGZqACIxse0/iLmpRU3vCTPcFf4N2cNhVgRPOIda+MwT/1lobJVJYYfxCnQ==","mode":420,"size":3276},"dist/data_formatter/index.js":{"checkedAt":1708590262487,"integrity":"sha512-2YLjI7Qo/yNNNGuzeBofb6MfNfEZuOU7LTDkQTdp7nMJMr2t8J6Xt6YxoUgcJyf7sCIIe0NJmZ9Ilpkr8YDxzQ==","mode":420,"size":1327},"dist/error/index.js":{"checkedAt":1708590262489,"integrity":"sha512-WYTDYR/ZhRGBAELsy4YxPDN5b8nBlynxk1uQJDPRRddM6MNJVRwR3RD8XS5UQlnpRg/EGTo1bWQQ2tiuHeMApQ==","mode":420,"size":839},"dist/index.js":{"checkedAt":1708590262490,"integrity":"sha512-mZNVZmAAOnoBwE/R6rj0e/kXQa6LKJhdu3EuCSp/h1GOIr28Hzd9BhNxcT8ZdMEAFuOu9/3Zz2QxR/JZMnLqDg==","mode":420,"size":3370},"dist/utils/index.js":{"checkedAt":1708590262491,"integrity":"sha512-GTJcJRRQncNTluEf9GnvYmCfSg/CPH0fKB9KwuTMuM/kN6fBzVwRnFR4XGoAbY9R+ivMN5nCUNnYpV0YbeyRvw==","mode":420,"size":923},"dist/logger.js":{"checkedAt":1708590262492,"integrity":"sha512-+TS2cTnXc++VmTo+ZxxAP6PAq2EKap/2a7KOkj2BW/r2on1UCyJm06Hv/uwlG1HCK6Eh3A+W0LFEzJo09EanHQ==","mode":420,"size":2764},"dist/error/parse_error.js":{"checkedAt":1708590262493,"integrity":"sha512-a3bsplhVDtQyqECBTzAKskU8wL7Mdfv8063dwJQ5REyoBptYneUMTu8r5V+uLBupmWQGOaZ4Aphr7W4fZj6PPA==","mode":420,"size":1474},"dist/result.js":{"checkedAt":1708590262494,"integrity":"sha512-SPLqPenqGKlVwjpikpYvTYlk+UNWFHSPRQCi9W+EEqoO1aVvg3z04OEtwvlp2hmxtce1AUOmjeaRU4J7Ve/72A==","mode":420,"size":111},"dist/settings.js":{"checkedAt":1708590262495,"integrity":"sha512-+KFhhJI9KtTIC5p2E0gNObzbKmsF0UaCYw5Jw5V6iEZZ6vQ/xiPIEgZWIvN9g+iIaXZoV5K4yqZ1lyD52wwZ6g==","mode":420,"size":616},"dist/utils/string.js":{"checkedAt":1708590262496,"integrity":"sha512-5+/2oWCIYi8hNuEw+Be9pTxJSRZHmamkrpmemsNC1GFsqr6chGQBpKrxqw6sgLfL16fJsFAM/LyVKp8PaerK3w==","mode":420,"size":281},"dist/utils/url.js":{"checkedAt":1708590262497,"integrity":"sha512-gFwK0vfLaokUpV8SBrjHME3G0BuuQ1li49LZgrpLGySzJjccdk7QfhePoKWdmIbtcEor4SwNE0Yme87lfFu9zA==","mode":420,"size":2148},"dist/version.js":{"checkedAt":1708590262499,"integrity":"sha512-dcmEQksRKFLpO9NtjnEYwiEs1QHFEpeYp3qwNeLHx0ByLTBH7+n1Q9vj6UXuHdbVoKehDXxAcAPb9L5D+/aeNw==","mode":420,"size":140},"package.json":{"checkedAt":1708590262500,"integrity":"sha512-jWrtANiODRbXvcuGKmI8zZLew8+SrfAr/SIKNEjvmXcbxF2tzdJmDsA9uqLdfUSU2CQebui9hMczTAEJGjAuJA==","mode":420,"size":523},"dist/clickhouse_types.js.map":{"checkedAt":1708590262501,"integrity":"sha512-uwPidkcg2mMefp4yFecvziZrFWc+YUvVkP1SWZONKwhs/L+n0kj/JPVT1Iruurwr6uuqHySA2tI/1Dbmt//o4A==","mode":420,"size":153},"dist/client.js.map":{"checkedAt":1708590262502,"integrity":"sha512-i6AACOugtfL60ptawoxsBGRTnNBq8BFs/Xr2kt8d808zLG7edUZuH/cQZGtFxBuzPL9DqLs6QuShPHiZ/02r0A==","mode":420,"size":5071},"dist/connection.js.map":{"checkedAt":1708590262503,"integrity":"sha512-rIUSDbfVAddMOsAkkpNozzWSfbaq0bcfep3zkAobYlXk0UKQLTKTa0keax48kAqHOyyQClGxWtaNQkLkIJfNfA==","mode":420,"size":141},"dist/utils/connection.js.map":{"checkedAt":1708590262504,"integrity":"sha512-74HmHu8j/eED2qGwsExSOpJojq7V1LQAVMdJeJybuClpbRm9ksjnj4a1/YwUyeji8BNn4eUGTZbKS8VEOXp/6w==","mode":420,"size":772},"dist/data_formatter/format_query_params.js.map":{"checkedAt":1708590262505,"integrity":"sha512-rTDqzorSS/Asmedblnsv2xTIzsaDVY2NiBGjVm6eQ4pN0vfWeavcL66NE+O7f0f7MHFJ5eXyQsjtN3sj8Wc9zw==","mode":420,"size":1862},"dist/data_formatter/format_query_settings.js.map":{"checkedAt":1708590262507,"integrity":"sha512-EI6NQ9DE7UiOIj3vBF3+dCTwVeEzWo3rDtBg5licqKRDcRj/2scgrOps8SvdX/icWJrkA1X+zBXqo5cX6+xQiQ==","mode":420,"size":621},"dist/data_formatter/formatter.js.map":{"checkedAt":1708590262508,"integrity":"sha512-U9IsjNkXwgdOKluV5Ouwy+ZJ1BA0yK5CDoPZ/lYK3NBVHu30wTw6Vd7frnwABrv01qTNHByZuBSZXK57KLBAiQ==","mode":420,"size":1963},"dist/data_formatter/index.js.map":{"checkedAt":1708590262509,"integrity":"sha512-94TlnB2i3dupeEoko2emZPoTObUC2Sn+6JLVpHRHox5yh9WxvffqZT+79C0eI9d5XHukAf0m7rESteULpDYrAA==","mode":420,"size":251},"dist/error/index.js.map":{"checkedAt":1708590262510,"integrity":"sha512-o9c1VboG0I0SMgBTBrDeBn0klh3ol3iIF7zNayFS+buJ20qef6NR3/gKI0Bp16b6PkYHBq9rbwPSDRQ2eY+H7w==","mode":420,"size":167},"dist/index.js.map":{"checkedAt":1708590262511,"integrity":"sha512-9BysYWLCgUlHLoQfW5DZyPb0+wjL7oIslXVUaDQHIrzjaanm0pQckNoCyWaIM1Kh5+p6PpHZOpHm+6RbxFrbQQ==","mode":420,"size":680},"dist/utils/index.js.map":{"checkedAt":1708590262512,"integrity":"sha512-asX+qBfR2V16fmu9eV/jE+XIRFl/o2P9lANz67smeq0xnEotraHa+gcLb0+wPrclcuEpaGdk4P22j6NZ+oZF7g==","mode":420,"size":193},"dist/logger.js.map":{"checkedAt":1708590262512,"integrity":"sha512-A5DQy0WY2DdBBT0QIgJ/kXhpbs4CTuXf85YTXH/Vcz0fa/0RHiLilOw4tkEJ/YVDo1Dt3+0R3rxFiKcEUvGDiA==","mode":420,"size":2195},"dist/error/parse_error.js.map":{"checkedAt":1708590262514,"integrity":"sha512-K2R0WhpVRwWPMTiGLug2d+TH+Hsu7E2ioa2eA4Cv89N0+sqGf5MDG42fWrQ9+qcqkurU3O+2sjQll7fHovKmBw==","mode":420,"size":935},"dist/result.js.map":{"checkedAt":1708590262515,"integrity":"sha512-oD3UoT+9TRf4VLtonKb6lyQyoe68gQ1oGmZASu7qI71SlU0fpuVjhByuurKN3TdtTYtSABJ9ZlqC6uddwsiwLQ==","mode":420,"size":133},"dist/settings.js.map":{"checkedAt":1708590262516,"integrity":"sha512-9IacN0bcNVQVjwFKA2kno8wm5U09e0XY/wepYuJ0q+vQuWF33Yk3ETP49w86E9UlMMeqz+UVok4Bt36zjUYiLw==","mode":420,"size":500},"dist/utils/string.js.map":{"checkedAt":1708590262517,"integrity":"sha512-wbcVeyvKK9I9DLPuSZSGB3XkSPXttArqImfssWNlpJNi22c0qh1BSj/B/Z6bBx+jHV61TQB7sLhW7xtT2HkzsQ==","mode":420,"size":287},"dist/utils/url.js.map":{"checkedAt":1708590262518,"integrity":"sha512-lu5nC+sQ81naL6N/+DXHsHeTVBR7283JVOddEuZ5vved6bbkwLTc5zfz1P818+LVSSAJEcnwGF/fv4SBqEZ5Wg==","mode":420,"size":1639},"dist/version.js.map":{"checkedAt":1708590262518,"integrity":"sha512-Sqyc1Mrs+cgw3AuhlOQm6zKAZVbASVLiiAf0ohKUL52kYwDfDyHqbA/ZL9Cd6mPTOkOYpk7lfPfBVIb+SG74og==","mode":420,"size":157},"README.md":{"checkedAt":1708590262519,"integrity":"sha512-cELe3njEYh5mNRfw1zHJ7p0RGdg39Xc0VhtPehkYIKnv4vwsr1QbFVqwi7lblLiDmAfdCbRaOvoDt7wUlxZV5A==","mode":420,"size":1597},"dist/clickhouse_types.d.ts":{"checkedAt":1708590262520,"integrity":"sha512-UxiecEcd4Cd9gRU6A2dsMAL3GhMRKiB1HSeAwaMtBFyKej2Qkf9Teg5rmnbUi/d+lhmsSpzlmL48K4J9S39o7w==","mode":420,"size":874},"dist/client.d.ts":{"checkedAt":1708590262521,"integrity":"sha512-Eb0+hFYO+A9TyhZ8r2+IOig3ZoeUWlW7o8hAVZmtrBoKxo+Q1Fk5ONQppIqQ4y1lKJ7ctgLn9PgksA/TF7rmqQ==","mode":420,"size":9015},"dist/connection.d.ts":{"checkedAt":1708590262522,"integrity":"sha512-DEmUTqsTZy0AeBFWyh2D5BsnYH1g9qu47nrSbpDBwc5dWenUexTkhwar+CdJ5smaOeTH/fPgKZV0dwL9o2R7HA==","mode":420,"size":1670},"dist/utils/connection.d.ts":{"checkedAt":1708590262523,"integrity":"sha512-FZWR41j4IUCm3+KJQehcWvrtiZ82E0QWoymxA7STM8RevYXwsTkk1FjBM4O5MniMUb9KPEthoTr5CLv4JEdOOA==","mode":420,"size":622},"dist/data_formatter/format_query_params.d.ts":{"checkedAt":1708590262524,"integrity":"sha512-GgpAOSWq9o4A9TGZyPUysdUdxN0vZgfm6bO164Ex2J2lysO8xSTwPnwQ55KEQ1MXrz57lP708ufvpMwt2Krr0g==","mode":420,"size":93},"dist/data_formatter/format_query_settings.d.ts":{"checkedAt":1708590262525,"integrity":"sha512-mHJtuzvAaHRrTRTJyD9V3IyHTy6RzGYQ7f5X84PpL4gNA1uCzlXa4DEnWL4P7uZ8clo8yhwsrOZpzSEnaHm6sQ==","mode":420,"size":144},"dist/data_formatter/formatter.d.ts":{"checkedAt":1708590262526,"integrity":"sha512-29K0IpTieZciGOu87eAfpFimwsqv5WXb2MVGABoXLbYAUn7fKfZqaxCrPqqioOlS0Ezp+VSWxYQVc747oTyAyg==","mode":420,"size":2297},"dist/data_formatter/index.d.ts":{"checkedAt":1708590262527,"integrity":"sha512-lRoFtUY3TASq+FGzOfUDViAIP7ybBx13S/b0qj2dn0ydkJ33dimv9d5isjJDdS8L44P0De8gvpYSSS5ozFmL4w==","mode":420,"size":151},"dist/error/index.d.ts":{"checkedAt":1708590262528,"integrity":"sha512-YbImtMEaOn9ezXaDn8r3ADsaz+woz2pDjmHFgHgJebMhwVjeFmZgFBc31A9YsaB3HVWPgmXHYBrKAi/bXEccgQ==","mode":420,"size":31},"dist/index.d.ts":{"checkedAt":1708590262529,"integrity":"sha512-7aYwZDDIV2Kaw17AW1n61Up9cZ00mEn9OchftvyREYKlny9EMAUKLL4CI+erhq9NrntaR+1kbz949z0zHWiOQw==","mode":420,"size":1577},"dist/utils/index.d.ts":{"checkedAt":1708590262531,"integrity":"sha512-kAMkyIX9sIBIYrGdrhSCjkTZTBLSH/YgN9ZkTkOPby91NJV56pq3X/c6DgP/ZIwir1CkqZ2umzkaRMfWafLXqQ==","mode":420,"size":79},"dist/logger.d.ts":{"checkedAt":1708590262532,"integrity":"sha512-s8fW2xWyC0/EkuydJU1jGTMvURhq0N3zZ9uxg/ln4Nr92EwFr/08lNLE35NJ3zSgJugUQqEtAGsTnu63QpEj1g==","mode":420,"size":1193},"dist/error/parse_error.d.ts":{"checkedAt":1708590262533,"integrity":"sha512-NX4ZsfUR58iRaR3FlZdOMiuwhZBIbx6a+sX9J8baCxBWgYNp8gjon8mrEhyO9vDKX40aq8WYS4Wm071JG4TySA==","mode":420,"size":375},"dist/result.d.ts":{"checkedAt":1708590262534,"integrity":"sha512-FUMsI9qJyVc19YS3OWFdSxUShgF2PanJrmbYFHfeF+QmM9agsSkfJbvY9scqaokFviFo7jkhEmtqkGJv+XW+JQ==","mode":420,"size":1528},"dist/settings.d.ts":{"checkedAt":1708590262535,"integrity":"sha512-zw+RBcZOFeWUNS/RAoUV/Kr62gFNJDaOgBH8XIIqiaLc/HLclGNzhjTphKYcDIGUe6O2mCLRyCkP1hYVqGL7tw==","mode":420,"size":152163},"dist/utils/string.d.ts":{"checkedAt":1708590262536,"integrity":"sha512-g1fxvPEp/iEBplcrm68Z9vNgBtr8TqwAy8aJfE2953A3Hu8KSQq3ljcDkocYcwmvjE/IOiZ6+WQe9tyenTp1Qw==","mode":420,"size":99},"dist/utils/url.d.ts":{"checkedAt":1708590262538,"integrity":"sha512-ERDQChDF4tQgZuy6ZRhuYBZWdw4etoguDHEcH4PpT0tZ3kgR/FMZ/sgD550+6se5x99tnAwt7WI061+Io2nw8g==","mode":420,"size":606},"dist/version.d.ts":{"checkedAt":1708590262538,"integrity":"sha512-hsFaOViBi57n/YxIyH+tsdZGhYbWN0yEkmUtDFnoaZAMc5FbZXrje+XNXCgE8yjWh+9JTaxB+aBHfE0aiyoBdA==","mode":420,"size":59}}}