{"files":{"create-require.js":{"checkedAt":1708590278359,"integrity":"sha512-/QyPUpGqBguLqPMRPriu618J6cegPXgCUQ1H2lxFXJPtMSehhh/6PcNvifyPuAd8FjtlA1hlQJEHwv/U+5ewOg==","mode":420,"size":1315},"require-at.js":{"checkedAt":1708590278360,"integrity":"sha512-WqaC4UVoIiMCFMcA1DhmDSisnjmyDI76tt9Z0sKM0Tuw2whFUp7/3ObgU5G8N+4t1nPH6wRhmih5sf0YseXk2g==","mode":420,"size":971},"package.json":{"checkedAt":1708590278361,"integrity":"sha512-4FeBrgN3KsAUHphw9QV4a4xZtFKuBrIl/HdfGbgDcLGFJICP9SNiVa0NdxqCOkdrPNDUpW29SQ9+BZCT5yb2+w==","mode":420,"size":663},"README.md":{"checkedAt":1708590278361,"integrity":"sha512-vM5SxesbkPvWbwS7SZRYmzfVAeFoH3kQcDBMUZVJACL/KBohwJN2+bLKCausMMhWYfuSayc8ILRFszFsS4Ux2Q==","mode":420,"size":2933}}}