{"files":{"LICENSE":{"checkedAt":1708590275753,"integrity":"sha512-OtdBfdoa5Nj4w4j5fQs39HV9M4XASiZ7dLGMy1q+qQESTZwIjxEOvhGekDEIKccj+NfzLeWoh+8xVdYTCYPkPA==","mode":420,"size":775},"dist/commonjs/glob.js":{"checkedAt":1708590275754,"integrity":"sha512-vim5HrAy6B8KDZgJDsde2TGXEMHz7RmuhqwU4DHeDFLGebJiha63KSEOB1/b9XKQxEiF3VDsczHDE8rvhktsZA==","mode":420,"size":8229},"dist/esm/glob.js":{"checkedAt":1708590275754,"integrity":"sha512-/ElCOCBdY3RylAmaEKHHemZqe7lbwe3UHE6jMxX/3OYpJGbGZ7KXE9sgIFBuwGMR8eALI7CVPpiGx73roxmvxA==","mode":420,"size":8032},"dist/commonjs/has-magic.js":{"checkedAt":1708590275755,"integrity":"sha512-SNrQmvDWWn2etoohmbM3UfQ1HQ81RdTWcNZ7LZ8wd9qQSeohh9Dpcv1WTjnC01kNeqba6cOEl+VbSPTlwGwQhw==","mode":420,"size":1058},"dist/esm/has-magic.js":{"checkedAt":1708590275756,"integrity":"sha512-vfTu3qJuMg013DPks86hk5auK243B/W3IDi/PV/HBDBMmD17Vqjj8tn6qjE5cIn/kcIhZzY8uELg+4m/3GVPAQ==","mode":420,"size":917},"dist/commonjs/ignore.js":{"checkedAt":1708590275756,"integrity":"sha512-Y/XNMLDgGlhTzHByEEpDYH5SaWmB0rp+v4Q05lSmjyVGWeVx4V3GF8yvbQa21Q7GuXgNRt8u1mWRWUlTmccwyg==","mode":420,"size":3999},"dist/esm/ignore.js":{"checkedAt":1708590275757,"integrity":"sha512-ByNQVsLRavvBgp1dxRl42aMZt4Fns8LDiuyzJS+J9u5tB6pK+pgOX9d2ToU8Af1v37CKIZ8ELVNLZrXtSPepew==","mode":420,"size":3833},"dist/commonjs/index.js":{"checkedAt":1708590275758,"integrity":"sha512-zWao/yJkv7fYaqoOuXJgOsbTBXUJ5Bm4FY5JxveE9QoZLzx1Wxiq74y77Y2FaXLBW+igo7CCogCKyf0b63w28w==","mode":420,"size":2860},"dist/esm/index.js":{"checkedAt":1708590275759,"integrity":"sha512-8/o17QhAk1HAG6fMqizwAVVB75EescGgaXv1TRF/FNAV9gOn4v7LRGAIMrDdl8FeZIxQaeC9Y/nx+ojhcuSJIw==","mode":420,"size":1652},"dist/commonjs/pattern.js":{"checkedAt":1708590275759,"integrity":"sha512-vA5iq/V4hJ6Lmwd3O1784CQCa3Uw20Hy45FMiKhN1O8UPzKNGpdwiFtQnBmuTD5poVnR1DTREXKEMerlGPGIbQ==","mode":420,"size":7298},"dist/esm/pattern.js":{"checkedAt":1708590275761,"integrity":"sha512-0fw3v753UiA5dPAbpHsKqVhe60vTVVCu1Zoz1MmVZQc80H/FZvMhfxrTSdMys3Z3nW/eyw/GS5rcYRAIrLUxtA==","mode":420,"size":7159},"dist/commonjs/processor.js":{"checkedAt":1708590275762,"integrity":"sha512-2PRIBjuqlvlrmzut7JGnzQpJvW1Z1ChMqx+6hhm5a2jJ/N1Kz+Inxf+xccfwDSUliU/AICKuTIqrWIcFB8UnoQ==","mode":420,"size":10772},"dist/esm/processor.js":{"checkedAt":1708590275763,"integrity":"sha512-xTfo0DBBb/aIFyJX4NCsgvpSw7R96TEWC49ZLMxvqGOMVqb1/uW/noL8/CNYbCgIcXxE8rszH/GqSemKLz2Jow==","mode":420,"size":10465},"dist/commonjs/walker.js":{"checkedAt":1708590275764,"integrity":"sha512-iDD65OMPSNmjFMX4EufqwNWhyF+Ma4c37LM3NKYBH5T4F7/6dZ66OL/DRC3RgKZiBINgfTxoEtYO9A+uuRlQsA==","mode":420,"size":11532},"dist/esm/walker.js":{"checkedAt":1708590275765,"integrity":"sha512-62dRu1aYxRSALiCO7iyx7siaNW//7DrYA26qMKCTm46ZTQG9PRYI5j0Kh1IY58c2bTKF7QweaRukM6E0qOln5w==","mode":420,"size":11232},"dist/commonjs/package.json":{"checkedAt":1708590275766,"integrity":"sha512-ZcZkWKviEBAyzdG1DKbmQ+DDaNCd+mzHAGsz7YFeEGuyD5r/EYGBgH59+fXU2Nl5Zwmx7Jp+BFRCMWNv34/fQg==","mode":420,"size":19},"dist/esm/package.json":{"checkedAt":1708590275767,"integrity":"sha512-Cj8csVIsbnWVGGqaVO0HP/pZCybH0xsId/Gckl+EcDfp+XIGa/7WJgmxkOsrwh/3sxUU4Iw95keA/vWYLLsh8g==","mode":420,"size":17},"package.json":{"checkedAt":1708590275767,"integrity":"sha512-Ytcv1oMT3CrDOaCYBlIzg3p/QLxrd04XQNoYT9ZDheUx2O7Si7gm+YRXak5EmRRHg4yE+Q/rjmKkxi2DAJ79Uw==","mode":420,"size":2538},"dist/esm/bin.d.mts.map":{"checkedAt":1708590275768,"integrity":"sha512-0Jfd+XbVH/ijzDcE33160dD53rLu4dJWl7HKTyz3tWCjU07WR6J3ex0TL/gIyRxPtoNbs6qJK8LUoyUxgQQMDA==","mode":420,"size":105},"dist/esm/bin.mjs.map":{"checkedAt":1708590275769,"integrity":"sha512-rtrm/GZML9hZxU+y6tahCMkAwgnsdr3YZIJk7xPYMKlVljr5SQRmG8nLxkBCKQya70dYE/w31ZZyDL/2rGVxew==","mode":420,"size":14768},"dist/commonjs/glob.d.ts.map":{"checkedAt":1708590275771,"integrity":"sha512-k+mmSgrXgFmkHLM57E4N101pUhny8wRXikZMB8VjJ8rY9PiGULoOsDLElhCBjNKBU8Z0aNPjqg1+G4cySR0Ozw==","mode":420,"size":3924},"dist/esm/glob.d.ts.map":{"checkedAt":1708590275771,"integrity":"sha512-k+mmSgrXgFmkHLM57E4N101pUhny8wRXikZMB8VjJ8rY9PiGULoOsDLElhCBjNKBU8Z0aNPjqg1+G4cySR0Ozw==","mode":420,"size":3924},"dist/commonjs/glob.js.map":{"checkedAt":1708590275772,"integrity":"sha512-viUuX2+aNN1lJf7ay1AkacOvPGAkUofC6DpNaKCRNzUD7LCr8iURnrSPyOiT14udTgOVEBU7OmkwLiiBSp0tnA==","mode":420,"size":25660},"dist/esm/glob.js.map":{"checkedAt":1708590275772,"integrity":"sha512-Otyn2nyImF8mHdWBJAHbuGrPjTy7jJOblmUFrhYvgjALm6Kk/wngQ4jk8AlTSOdLS2FuIJROy/gCWkOY49B07Q==","mode":420,"size":25819},"dist/commonjs/has-magic.d.ts.map":{"checkedAt":1708590275773,"integrity":"sha512-7cicd798E6VbGoezL2QflGQcHxlpT4EBWeoQK72sp7vCFEXN2f7VgkGu6HfSQH3APiqvSf9RLteIYTAKdpgAkw==","mode":420,"size":246},"dist/esm/has-magic.d.ts.map":{"checkedAt":1708590275773,"integrity":"sha512-7cicd798E6VbGoezL2QflGQcHxlpT4EBWeoQK72sp7vCFEXN2f7VgkGu6HfSQH3APiqvSf9RLteIYTAKdpgAkw==","mode":420,"size":246},"dist/commonjs/has-magic.js.map":{"checkedAt":1708590275774,"integrity":"sha512-0XkUJjPB1i250+op7BqWEcIfEnpFTiP0M36NOwM3vH4PFLhhQm9gpnS3R/8lcfG80Woo5ljsTwh0eV0OdDhg2Q==","mode":420,"size":1461},"dist/esm/has-magic.js.map":{"checkedAt":1708590275775,"integrity":"sha512-gJGy70a8SbMGnA9bzy49XsTKYY2bl2lsfdgjtPkVFIWdBK2M4PgE3iXsHg7MxU85HSod0bXcmDHySAYFLD6hsw==","mode":420,"size":1474},"dist/commonjs/ignore.d.ts.map":{"checkedAt":1708590275776,"integrity":"sha512-Gd4rV/Ez5ZfCtnqL6uPi5q/DWbr/HNYyMafG1W3rT4PuxVodRmbS/vDl2+ueFlL9uqCQGP5rvXPVx9BLmcZxhw==","mode":420,"size":723},"dist/esm/ignore.d.ts.map":{"checkedAt":1708590275776,"integrity":"sha512-Gd4rV/Ez5ZfCtnqL6uPi5q/DWbr/HNYyMafG1W3rT4PuxVodRmbS/vDl2+ueFlL9uqCQGP5rvXPVx9BLmcZxhw==","mode":420,"size":723},"dist/commonjs/ignore.js.map":{"checkedAt":1708590275777,"integrity":"sha512-HYDcO+rIL11E4vUqlMlZr1k0Fv2IAvuS76YUFQjHt/PbMpRfiTxbwX7m6f/g3AJF9j5dp6x4HTYCUKiT+SBytg==","mode":420,"size":6678},"dist/esm/ignore.js.map":{"checkedAt":1708590275778,"integrity":"sha512-8V/QlM0b4eO5/bGLod0IPt0UFLGgfMs9NZl5ZxT1IpGwM7oAh1REJF+/EVifVwf1X4W7TJu+lWx4liTpJLZ/jA==","mode":420,"size":6720},"dist/commonjs/index.d.ts.map":{"checkedAt":1708590275778,"integrity":"sha512-RY1ReUYIjqPt5ENCEjIN4jaiiA5SEwWyI3SEroWlGLw9hx34Rw70epGN6w6aR+Oz5KzKOs38FYMlXHcOxr3/9w==","mode":420,"size":4044},"dist/esm/index.d.ts.map":{"checkedAt":1708590275778,"integrity":"sha512-RY1ReUYIjqPt5ENCEjIN4jaiiA5SEwWyI3SEroWlGLw9hx34Rw70epGN6w6aR+Oz5KzKOs38FYMlXHcOxr3/9w==","mode":420,"size":4044},"dist/commonjs/index.js.map":{"checkedAt":1708590275779,"integrity":"sha512-LZwm5cygnu8nY6e22X1SNHtS2tWbN33V2b6l4qOhBBl3/vO0WB615AflYX+xmXjQDUJl2zFav2LaQGFjp72I5A==","mode":420,"size":8334},"dist/esm/index.js.map":{"checkedAt":1708590275781,"integrity":"sha512-Qj7qsHhxYP7Wx+NRA3ggjT7U5gsBipgkqAA3rDWKR2fzcQKQQ5MAU5/HuwzEzptgNQPpIWr0z02Ch2A5e3wk+g==","mode":420,"size":8368},"dist/commonjs/pattern.d.ts.map":{"checkedAt":1708590275782,"integrity":"sha512-jOmZNxKUc0KOjcqTO/B+8cNCL2VIVrbBrGgcLRnDK+12h4vvTn1xep94NmVsSqs240nMfKuFz2L0OOdm5OlJyA==","mode":420,"size":1315},"dist/esm/pattern.d.ts.map":{"checkedAt":1708590275782,"integrity":"sha512-jOmZNxKUc0KOjcqTO/B+8cNCL2VIVrbBrGgcLRnDK+12h4vvTn1xep94NmVsSqs240nMfKuFz2L0OOdm5OlJyA==","mode":420,"size":1315},"dist/commonjs/pattern.js.map":{"checkedAt":1708590275783,"integrity":"sha512-GE77uCrO6D2/TbAIePBXd6eErsmtYDOrA1/v/1RkYYNUZxcXaLTWnxOoa8dkkujkdcWgcn2+3n5WOBK8htZkeQ==","mode":420,"size":13264},"dist/esm/pattern.js.map":{"checkedAt":1708590275784,"integrity":"sha512-ZswzsXLAmSqQVWmpnZcFDfareJ+hOtFDoEbvKsme39N2u3vziK4O6jHioYlQCHJ2vwtoa/nio1L3Ri+JvXmSqQ==","mode":420,"size":13280},"dist/commonjs/processor.d.ts.map":{"checkedAt":1708590275785,"integrity":"sha512-2O7NSoSy7hEJZRFFxF3m4G5lVpU5lpmSMKqRyx9Ouf2gUvKHJNdO7N+9VwhN3p7dsqSCbG1D6moDw9tDMh+iWQ==","mode":420,"size":1748},"dist/esm/processor.d.ts.map":{"checkedAt":1708590275785,"integrity":"sha512-2O7NSoSy7hEJZRFFxF3m4G5lVpU5lpmSMKqRyx9Ouf2gUvKHJNdO7N+9VwhN3p7dsqSCbG1D6moDw9tDMh+iWQ==","mode":420,"size":1748},"dist/commonjs/processor.js.map":{"checkedAt":1708590275786,"integrity":"sha512-0mDwTRM0UWwPdo7O7L9mUgawpeyHmVz8xEM9Hvj3dmodRye8upt5LUuA6mhbF7jEnfjLq2jPaY3B+8NHK1GKfg==","mode":420,"size":18668},"dist/esm/processor.js.map":{"checkedAt":1708590275787,"integrity":"sha512-NkCt3OpUsJ6iAMK4pHzinKWBGXsmfhkOknN21grdDaT+FlY2FH6c13uZ4SvNlErpjPmWtxlZQ0iPOhJaAaz6nw==","mode":420,"size":18661},"dist/commonjs/walker.d.ts.map":{"checkedAt":1708590275788,"integrity":"sha512-O7FXcSpFvKiAnNW9VVSrqxjoPYUJekqRv4NmokoTSES2XlXfo0biXsV7uGFIBtFUODq8gRxv6cAiUZ3aksPx/w==","mode":420,"size":4610},"dist/esm/walker.d.ts.map":{"checkedAt":1708590275788,"integrity":"sha512-O7FXcSpFvKiAnNW9VVSrqxjoPYUJekqRv4NmokoTSES2XlXfo0biXsV7uGFIBtFUODq8gRxv6cAiUZ3aksPx/w==","mode":420,"size":4610},"dist/commonjs/walker.js.map":{"checkedAt":1708590275789,"integrity":"sha512-vpSFCdhikpDpC2Lxlk6xbhXEs842vrJ90IJKyfiIx4DhwTRMJxiwhF8ChNA0jM43H2hDyw5VOehnswR7L0NPrg==","mode":420,"size":25648},"dist/esm/walker.js.map":{"checkedAt":1708590275790,"integrity":"sha512-9KHx/X7F2ys5jI3lHuyFdiKmzqNuLehguhZEOt5I/kjquEzMV2xW3epDpMpD9fwhmS6s5Jcb2OpugSPQ4HE6aQ==","mode":420,"size":25702},"README.md":{"checkedAt":1708590275791,"integrity":"sha512-gcvRP0TnT3Qv3oo2qDMrGCXGsBW6QsIdcYN8HP+5SjzvVQWB7ueEQhCddAOaJ6Mp1ogcxM1rAJM+7WWQT971KQ==","mode":420,"size":46407},"dist/esm/bin.mjs":{"checkedAt":1708590275792,"integrity":"sha512-X8BcYEO5JabnUAY4zpQ2PJkP1lp43uKJLeJ7/scQQIsG7+RJ/rAAWJSqPDi553Aq2KRndzlc8EOBOcTmAMR1Tg==","mode":493,"size":9754},"dist/esm/bin.d.mts":{"checkedAt":1708590275793,"integrity":"sha512-vD/HaLxhlL0LEkjjh00yTMlpAwqRFQZZMluzzAs0C88Of+2oTHqwd/DAdydNErtd4929rXgZujjlJRgtBAqsEg==","mode":420,"size":65},"dist/commonjs/glob.d.ts":{"checkedAt":1708590275794,"integrity":"sha512-9CQD+ELFEPFUM1++B9q3bqqnG9O2fSFPkRooM/Rh1ztIxiQAjg073G2LKpKqIW2E2XvN7M3q2JEuuqGzA7nvtQ==","mode":420,"size":12843},"dist/esm/glob.d.ts":{"checkedAt":1708590275795,"integrity":"sha512-6r0VF6r2YHjfCVwLnQin3Fw5GkS7Lj41b6owG5aZPG4HnTuiZg5Z2/kSJeKwX5/CigX5jdJOrpZJ/qcRHRbrDg==","mode":420,"size":12868},"dist/commonjs/has-magic.d.ts":{"checkedAt":1708590275796,"integrity":"sha512-sZrh+a1hdbsITBVkW4alweaWeRlZkZxoSr2mwGd1HiIarWxOM80N9jRZejacR8Rt4aTDcEc43KD86x5AI9A6dg==","mode":420,"size":760},"dist/esm/has-magic.d.ts":{"checkedAt":1708590275796,"integrity":"sha512-sZrh+a1hdbsITBVkW4alweaWeRlZkZxoSr2mwGd1HiIarWxOM80N9jRZejacR8Rt4aTDcEc43KD86x5AI9A6dg==","mode":420,"size":760},"dist/commonjs/ignore.d.ts":{"checkedAt":1708590275797,"integrity":"sha512-3R13ZPDTBbioZtg5PBGIvX4UsLChMIdea9gluk0WoIVQtxuS10jPbbN+7t7qlqSpj5nfyXiK5H6FAwZcwDSRjA==","mode":420,"size":670},"dist/esm/ignore.d.ts":{"checkedAt":1708590275797,"integrity":"sha512-3R13ZPDTBbioZtg5PBGIvX4UsLChMIdea9gluk0WoIVQtxuS10jPbbN+7t7qlqSpj5nfyXiK5H6FAwZcwDSRjA==","mode":420,"size":670},"dist/commonjs/index.d.ts":{"checkedAt":1708590275799,"integrity":"sha512-B2kQBGdkBQObqgb4H8oq52VAASp/WQTaF2CKbwx4f8S3xF2gIGRksg2agGUG0myb3MIaLfz/IDHu04Qy4HMQOg==","mode":420,"size":6131},"dist/esm/index.d.ts":{"checkedAt":1708590275799,"integrity":"sha512-B2kQBGdkBQObqgb4H8oq52VAASp/WQTaF2CKbwx4f8S3xF2gIGRksg2agGUG0myb3MIaLfz/IDHu04Qy4HMQOg==","mode":420,"size":6131},"dist/commonjs/pattern.d.ts":{"checkedAt":1708590275800,"integrity":"sha512-V4I8ow+3VR/N7kfJeSwD5LXHxtNegOGTgwpzImKgL2emnGd1475GRI9gh3g0mVRsU5BTMqOwjp2STIAAH330xQ==","mode":420,"size":2148},"dist/esm/pattern.d.ts":{"checkedAt":1708590275801,"integrity":"sha512-fddlVMsQk/e5BVzI8/WSKVhKs5oKPoViSUpoLXfQ+2XvDjOaKY2keErfr7unKXaZs+Mp9ciZML2fZMFIJaS1TQ==","mode":420,"size":2173},"dist/commonjs/processor.d.ts":{"checkedAt":1708590275802,"integrity":"sha512-wPRTkziq9D5zQ3AQujsTDCDMR7yA+q2trGx7LqY5RFaUx96f0NrIy1EGXVYesZhLVBOj8yqPz6sORM7BsxCbJA==","mode":420,"size":2136},"dist/esm/processor.d.ts":{"checkedAt":1708590275802,"integrity":"sha512-wPRTkziq9D5zQ3AQujsTDCDMR7yA+q2trGx7LqY5RFaUx96f0NrIy1EGXVYesZhLVBOj8yqPz6sORM7BsxCbJA==","mode":420,"size":2136},"dist/commonjs/walker.d.ts":{"checkedAt":1708590275803,"integrity":"sha512-PYCZ9MXdSr6lo5ZswwXxTq4J6khTzpH88CaFJATOyPOajRjKpCEs0kGb8Wzw4tyv6p1HgzvKjamG366FAcJ7gw==","mode":420,"size":4215},"dist/esm/walker.d.ts":{"checkedAt":1708590275804,"integrity":"sha512-rveqh3q6wpV/QKKH89/guryXQq3k0XMv6qinKaI911wrizkRf9IBKBtYUvvv9PS4G8iEaz5pRN+LoVuXA+wx4A==","mode":420,"size":4240}}}