{"files":{"package.json":{"checkedAt":1708590264094,"integrity":"sha512-zfSzz2jm7V6+xDLQzZyZCS7RuzonFXqn8tf1cSMzDGfmrB0oEiuUxf6P2LCbd9Vx40cQFB8f1JbMtT9+k4Vjxg==","mode":420,"size":551},"index.js":{"checkedAt":1708590264095,"integrity":"sha512-uLt7YN+M6o3VNfwMJJquZrwNiOLrnPLvM1RZGnw9DMygiBI3UCi7nWhXwoSPSGDQ98oSvvEUBbEDwBe1sXM6rQ==","mode":420,"size":3926},"LICENSE":{"checkedAt":1708590264097,"integrity":"sha512-1S6tAynpIj3OPVT4PJ6MqreXQ1XCSOLoWhqKoxmK9AJQd2HCK60xMHrjvaBlKO0LNIfprJ9qbDxBPgmlrKyRXQ==","mode":420,"size":9140},"README.md":{"checkedAt":1708590264098,"integrity":"sha512-dEeM0XoE+mzx5FInzcQ1nbtBHRmjCsF6yBaGjHL0gXCXehlMLy25sdIp3K1VjmlBaUO9EpZdWG5BututouWdWA==","mode":420,"size":188}}}