{"files":{"package.json":{"checkedAt":1708590261542,"integrity":"sha512-+CEOpXOKHUHwT0iyE6gD/ijVFTcKuf0gShrg5w9jsW8WwRXWM4jIxXrC+qMqwYIDFmaCn9y1VVl8Q8s1Nwo61g==","mode":420,"size":794},"index.js":{"checkedAt":1708590261543,"integrity":"sha512-T4EK2lfGs1GWcibdDJS72M2oJfdVdQP5nhhBXp2i3IqQDOWteVhqPwmY5AS9j6d7MvEPhQM5lMqzIcMFb+or5A==","mode":420,"size":2619},".travis.yml":{"checkedAt":1708590261544,"integrity":"sha512-DWcxy5+iZn4ETfluG7gNhC7le1rOqSZnkVQFkxvBgyv40GHBkI29T2BMTdXGGntACnny45F+oD8WIrSRhrxTrw==","mode":420,"size":54},"LICENSE.APACHE2":{"checkedAt":1708590261544,"integrity":"sha512-cSQG0iQrnQ1857NzYCk8Zdx0ZqRMloUCN16BCM7f3jatchV3UugZBdO8TSqTtMBmOOfFzACQh0WQgAPJYoht7A==","mode":420,"size":586},"LICENSE.MIT":{"checkedAt":1708590261545,"integrity":"sha512-0XVzfm5qtEgZBVjuJNzYLrZXBkNVRJ2bSZihqDDMUXfpcIn0wI/HJBmWTAdII/9fAtR58L0egNxoUAybbupaYA==","mode":420,"size":1088},"readme.markdown":{"checkedAt":1708590261546,"integrity":"sha512-5452dCaH+O2XXTgJ9uVUcSEJ8Xc5iH3c/ULNbvK3sXFbnFqsQzZEPzBIdEjKGtlicW6cdmLVsUE5yBEhSxJHlA==","mode":420,"size":1665},"test/async.js":{"checkedAt":1708590261547,"integrity":"sha512-GALfRkrYHiLBcU11vI7qgMzeRctoyCNq/mswR7kwn5vIWphhP2VjGBxjl7Zaz0oQnux/yDUvluBc8TN48jNkpA==","mode":420,"size":629},"test/auto-destroy.js":{"checkedAt":1708590261548,"integrity":"sha512-PC8OKdev5hv50nziP0owGMci/PDqzl/pTaeYXHiRNvEQhvtRSdxpzGjS/WeaB8dDlHptKLFN4uHp4KwpoYwSxg==","mode":420,"size":516},"test/buffering.js":{"checkedAt":1708590261549,"integrity":"sha512-JFvrB3TgbjxNTHcqo0N2tgBYjOOoX42m9i7akyHWZa/pUT62eq47BlfVaxvbS+NMKu12yR5lsiCTwG+74g6K1A==","mode":420,"size":1510},"test/end.js":{"checkedAt":1708590261551,"integrity":"sha512-CHbQawURv0ZfTeMTX3foVmFcv9uAnK1s2HoEOeYQAbLqujpOgjSYJ6+qNbR4OA+G6nZCkMAAfE/h1ik+hW2aCg==","mode":420,"size":707},"test/index.js":{"checkedAt":1708590261552,"integrity":"sha512-MYHPGlLn2OzXM535uiFKNMlrdDNzeUVXCowJjlr4lmRqiu4U1mFcaQEX625ilLwO89RznoxS6N0uwgm4tbXTYA==","mode":420,"size":2365}}}