{"files":{"package.json":{"checkedAt":1708590286571,"integrity":"sha512-YxgfmeYec800r+Aim+AOFCRBNJz/seFEUUX4Mqh1cbcyal7d6/MS9skA9VMEo04AjHdEfnpjrD0oD1Y82UN4gw==","mode":420,"size":1903},"README.md":{"checkedAt":1708590286572,"integrity":"sha512-A9DuiPOt0IoCFctSt6XigXhQF5tBXygh/5BZuwgGpinBYxqREYFr6SsaVQH2mV2NNc+g3fs2k6E0sYNMfhLoRQ==","mode":420,"size":9790},"LICENSE":{"checkedAt":1708590286573,"integrity":"sha512-bmSK7F+LsLWMzFqwxX86ImwTm2Rm4rZXEnsRKmUm97Q+etHwJjZ/wPAT71KPoYS7zDzTI+/tyFFgYqhgpxLUpQ==","mode":420,"size":1087},"index.js":{"checkedAt":1708590286573,"integrity":"sha512-86xLQf36RCK3qbxwuh0DcZrTADQ1yb6YKVCuEJRrhjtbiYqdZQOvrINxVvqopCzF2LpxoBov0dER1CfM9p/nIA==","mode":420,"size":5172},"changelog.md":{"checkedAt":1708590286574,"integrity":"sha512-ambk975pDkVw8v1eG6CfhF0GAsDuYk5s00petjTGwpInXF1oxwceQ/wdJyGEMBT/9oWA+0CUwbyPkUa4L/j8NA==","mode":420,"size":981},"lib/compilers.js":{"checkedAt":1708590286575,"integrity":"sha512-gUutdnfMevNvP89E16J8F8sgP+lQ4Sp3xw3FnfC7zHjXlisHHKZJNImwZ8e31CaInfB2T3tGM7TqHfubmMZq5A==","mode":420,"size":2029},"lib/parsers.js":{"checkedAt":1708590286575,"integrity":"sha512-IkMgE0jkqZ3fcNt8Ra42j7BhSK8iGnhsa1IQwyymhB70U050LAm4ix3Cs2h+sk6QyLam11hkXZRvuzkCVO4nlQ==","mode":420,"size":4394},"lib/utils.js":{"checkedAt":1708590286576,"integrity":"sha512-J9uo7PMDOJyDSAmaEqHnXzvXJLmX38/iba/WoPw9pQP8iIY03KrggUdteSOyR5HBz9FUPP0y7r4Q/qv7paWITQ==","mode":420,"size":664}}}