{"files":{"LICENSE":{"checkedAt":1708590277717,"integrity":"sha512-HQaIQk9pwOcyKutyDk4o2a87WnotwYuLGYFW43emGm4FvIJFKPyg+OYaw5sTegKAKf+C5SKa1ACjzCLivbaHrQ==","mode":511,"size":1141},"README.md":{"checkedAt":1708590277717,"integrity":"sha512-C5AXMefKzTIWZLePD8DWRQeiNUpW5Us9uI8iCZ1mjjlU3DrxLtjzm2oM5Yk82Ml1cRWv9rETndoJk3JzSb655g==","mode":511,"size":677},"index.d.ts":{"checkedAt":1708590277718,"integrity":"sha512-v7Dxy1/hEpl6cFvmHmrh1xfb8yE4twR+X6Ee1XAzlCQD5soO4f6Ay5BEAep1hVoT3Bq85/GUU48jzv+7SuuAAg==","mode":511,"size":23399},"package.json":{"checkedAt":1708590277719,"integrity":"sha512-Mf1XrjKPTAptsX1PMUZYZWPjJnl1oZ1LiJl6QeKaKAnCTL7dC2WToZ8UexxqlU03iZTZ7Jq2VZy4rFfqpxg9SA==","mode":511,"size":1261}}}