{"files":{"package.json":{"checkedAt":1708590271496,"integrity":"sha512-cMDobHWkOkdXjUcwlH/LtxihhqADKwU+yyOXJrLmPTejX7kWEGTbp/ochvsIqVnbnMgL/twaJkQVpF1NS9NBCA==","mode":420,"size":791},"index.js":{"checkedAt":1708590271496,"integrity":"sha512-nJwhTB6UGJrFn/NMVsWYvjqvVPb7hJ2jME+Qgd0s/nFVY3BPO7qFpW5gCD4PkGkERYml1Q272aonQZxbt441og==","mode":420,"size":226},"license":{"checkedAt":1708590271497,"integrity":"sha512-rnnnpCCaRRrva3j3sLiBcOeiIzUSasNFUiv06v4IGNpYZarhUHxdwCJO+FRUjHId+ahDcYIvNtUMvNl/qUbu6Q==","mode":420,"size":1119},"readme.md":{"checkedAt":1708590271498,"integrity":"sha512-YX8K35v7gBtwe9htbHJJlMLE6uioWEBeQovrb3CL3wBFApwZ2viFtpuJfpDhByaz4hV0E2DvWVNpaMZ9Ij84wg==","mode":420,"size":552}}}