{"files":{"package.json":{"checkedAt":1708590287516,"integrity":"sha512-h+LXlw+iOQjIFFp+JoocZma0seFO58knH2fT4geY0ZFs8tslz+83lBgJNpNKJr8skgJaOgNikkiGqjIXGQI6eQ==","mode":420,"size":647},"binary-extensions.json":{"checkedAt":1708590287517,"integrity":"sha512-eUrPlOkM61/BjLoAMqYi0O/Wu/O4BepkVVp/A186UeVMjKQyZvDLEpXIUOWOaQOcayM0MCTfcl97EBN5xQQ93A==","mode":420,"size":2084},"license":{"checkedAt":1708590287518,"integrity":"sha512-nIst73auX/5NY2Fmv5Y116vWnNrEv4GaIUX3lpZG05rpXJY2S8EX+fpUS5hRjClCM0VdT2Za9DDHXXB5jdSrEw==","mode":420,"size":1109},"readme.md":{"checkedAt":1708590287518,"integrity":"sha512-Nrb2ZqrnNgiG2IhiSSnx2kA5X95Dv24apCLa2e0nFl1wZwIYPB9Wzunf6XFEVQUvR7T07FOuNg9ROu/r+cr6TA==","mode":420,"size":788}}}