{"files":{".eslintrc":{"checkedAt":1708590269381,"integrity":"sha512-gdJ7iZMebrlEFa1GczckREkIMgdvkCiL2aUXUVlRBQQPrpNpvaTA5N+Ox4Hf2iI/uXGmZJfJ8d/pMZobHjPC1Q==","mode":420,"size":1298},".nycrc":{"checkedAt":1708590269382,"integrity":"sha512-uy1e9dT8+nvRDLWQOf45TDmQzuV70Ev/+hxyCqi1yaERZBLsgRIJbEIBdi9Lf++btK2VdLTFGW66uUEk3UdEcw==","mode":420,"size":236},"LICENSE":{"checkedAt":1708590269383,"integrity":"sha512-xS6sVOeCKAeSoVniZ47BVEfCHOfrn1nhPaudbSR679O5mwyxPHOtu2Ai9N37XENtKunxVHNWcU5kV1ITQuqbEQ==","mode":420,"size":1071},"example/all.js":{"checkedAt":1708590269384,"integrity":"sha512-317SGPypt3CZqOltSZG8GkcAIbidA84WuBjxfHsLuc4cZGHpiwSzOuDK99Bm1YKLOvtwfmKwo9NQwmBKVBwYwQ==","mode":420,"size":391},"test/bigint.js":{"checkedAt":1708590269385,"integrity":"sha512-qc1GeEQ2oNwy4TvVvE7ubMtI/getOGi/VCznX2GSd5QnDU13rCNITxhKEwN0Kn9Kr+uAPlOW5qwRVcBJNVx73g==","mode":420,"size":2082},"example/circular.js":{"checkedAt":1708590269386,"integrity":"sha512-9dDYnf4keivnbzLhp+F+docKTWuFZO4JHTThhWAp9PTEv5pgDXtHwssmHjPSCDkMoQbyF+PqV8WrIqVVFBIxGA==","mode":420,"size":116},"test/circular.js":{"checkedAt":1708590269387,"integrity":"sha512-qOx5AJbsKPg/IfC0VbCg/eU0cH4KA7eq7bYB4K5mkXG6oJHVskfi6jXaitDPKAGnREFn0/FKMYy6RSh6xtjK1Q==","mode":420,"size":451},"test/deep.js":{"checkedAt":1708590269387,"integrity":"sha512-icjnNglpamwxhgeaGp2n/tF3JdBpO+4PmmP8HiFdk/w5VBXCUUAx+4XfDiFknBhzfaI86K/9Fv2Vb6+jDaOhNw==","mode":420,"size":400},"test/browser/dom.js":{"checkedAt":1708590269388,"integrity":"sha512-KzVI3KNwtAuGv2APtSbbhDEde0hA/GC8T2CH25rDmfwkv9LxfOHer3LxYJh6Q+AAAfs8UfCinezKJSM/vFyeSA==","mode":420,"size":416},"test/element.js":{"checkedAt":1708590269389,"integrity":"sha512-1gv6zQJpOlxIUtt2glEiaTF/oeJO098gYTOxVRiyMUl2exCNjVxfarTbNlGjU+K9SDnBRX0QP023pv0HsdnLqQ==","mode":420,"size":1575},"test/err.js":{"checkedAt":1708590269390,"integrity":"sha512-PfOCT+9X+ieVnJUCMpybXkCgRJ0GD3ySWd898PSymcuvsOwb/6NaQIFzEtVOpDxVBQI1WqMju8mzoz+6jPCQxw==","mode":420,"size":1536},"test/fakes.js":{"checkedAt":1708590269391,"integrity":"sha512-JLXs7Z1SqiTi+6+eAt5qpMkHvUFiqY1XVSjHf6Jsy0B9OjeoKAuWUCexKRnT/afkZAN/RhOdMNS5S7m3ZmZA4g==","mode":420,"size":683},"example/fn.js":{"checkedAt":1708590269392,"integrity":"sha512-9rvDMpI4FZA5pz6B/NjkPoYqdtoi3QkjJhdrcjVVXh3DKFgYfo4eTArg+a3w6R+3/gMevRGElQ0pbAfe3qsrBQ==","mode":420,"size":126},"test/fn.js":{"checkedAt":1708590269393,"integrity":"sha512-CUOci7m7mBNDqFiy/bN6X8KyOR4XPLrfnhiHFqhHJ9ooN68r8Wn+qVCdWss1zaobc/KjFFK4nbxl+ZowekSdLA==","mode":420,"size":2227},"test/global.js":{"checkedAt":1708590269394,"integrity":"sha512-N6H9CNYcOHV4m3HLR+YlFELqdweQKKE5WNK0s3pvWNvhJ+GZPVhU5/vwVzSSn+2zoGvifJ5wJ82Z4PSrMagFmg==","mode":420,"size":372},"test/has.js":{"checkedAt":1708590269395,"integrity":"sha512-9BfLP6bGatH55O4xSdKQBx/SVz1PqqHi0w6yVzLuI/eBlIUO5TlOLEkxoUBKUNDmP7NnBHzbPaS3CXJTEkCoqg==","mode":420,"size":514},"test/holes.js":{"checkedAt":1708590269396,"integrity":"sha512-35NDCXHO+8H4eacXJHqmXR6S3Lu7mNS0bzVbo6jfD3634sBbD4NzpMlGxzdxavoVEVe93HImOR7snIHJ5wzMfQ==","mode":420,"size":255},"test/indent-option.js":{"checkedAt":1708590269398,"integrity":"sha512-Eaj2SKSW0QQC5nuKEmJm8kHf57kekeMivo2U6nL7deyTLbA3zY/udo0kmBv7AtF4+pWHQtX3DV3b5vSi5kshPg==","mode":420,"size":6633},"index.js":{"checkedAt":1708590269399,"integrity":"sha512-MWSSb3d+8RMxBRniSc52YiO1qWfMhjjxhZsVna5KC0lxq6pRhOKZU+Fo9BXvn7Ed6nTHgVSZm5u4Ru7Kq+VuWA==","mode":420,"size":18882},"example/inspect.js":{"checkedAt":1708590269400,"integrity":"sha512-JyJALW/OQP+RfXWfMixJRNpxuppo0kKS2HajauYsoryqhnfbT+asa3v2Mc1Su/Ehs6qDj7qp8aUzm6JsBzotUw==","mode":420,"size":251},"test/inspect.js":{"checkedAt":1708590269401,"integrity":"sha512-l5ZLBMVvWgZsYPdqEmZDDNygXM5zr/Y+MDd9qbmOawjjjZ2o5jqv6KHXw9TL33P4eBoUcj+v7CENltIhQ3A8uQ==","mode":420,"size":4946},"test/lowbyte.js":{"checkedAt":1708590269402,"integrity":"sha512-XyA9/FfXQVz1Kpfvo5SvmV9QNb14xfr6VUvO94XTGqlD9hed/+OpWc5ue4yJIgIx9Ecvn3N0+EQwrzwMDN2Ieg==","mode":420,"size":268},"test/number.js":{"checkedAt":1708590269403,"integrity":"sha512-vhFfyfz0vJ5LZ5iO137VLSH3UEPCp8SuguQ990pfneNaLNZMHH+hyN3mRrZHesuRS6Ubt7YSAjI+lQrq2JvZyQ==","mode":420,"size":2312},"test/quoteStyle.js":{"checkedAt":1708590269404,"integrity":"sha512-e3UPTQuPkKWU/tLumOQ2xUnEcnyB8aKWUOcp31T/EOMSFPF8l5bv6xpKDRlWTlfqvjlKa6rCjB2wVNX28VAy0Q==","mode":420,"size":933},"test-core-js.js":{"checkedAt":1708590269405,"integrity":"sha512-SMI0bcT8TYMqczXg1mqmOLzAl6sR55sOZjiaybmQ2M6JUM7n+zyj0w7dieJ69u7Dzd6h5yf67+2J7aJMgq9x1w==","mode":420,"size":534},"test/toStringTag.js":{"checkedAt":1708590269406,"integrity":"sha512-ejKYzdcMPjoZlb1uDtxRgg7+AYT3HT9jRDCHpLERz/c5Qpkv6lvMSW19k3l4cBtDSV/VvvmjpQaQXl9H6rbsFA==","mode":420,"size":1546},"test/undef.js":{"checkedAt":1708590269407,"integrity":"sha512-JKMf1GHVhmcMs4XT9sQaAdKtB+epMtMafqeQBfRIDA7h6S3RIB2MgYQQQz8Dop///1LeA4qETVqHdfDPR1l/LA==","mode":420,"size":302},"util.inspect.js":{"checkedAt":1708590269408,"integrity":"sha512-3wW/e4oFUOpJ0IX/2nCoA5gAecv7c5RFqwJkMmRFHRJUeLrxObmlj4XUB0/vvAGS+eMXC4Ax0EDxMQ+s0EsD6A==","mode":420,"size":42},"test/values.js":{"checkedAt":1708590269409,"integrity":"sha512-skyflUDf4IZMGdQwXDBuuYbqSK+G5SpsgU97idlISqQJBBJbh/BikLFz4AfW2memwsmycbzU3D589o8vjKqecQ==","mode":420,"size":7034},"package-support.json":{"checkedAt":1708590269410,"integrity":"sha512-4a/631a2woMD3mwinSXQWrRPJ/R7FhFW89pVIWcPMxUAM7nvURJnE2SQ5bDnFdQf0kNL65vPMkfs6Z4w8svoCA==","mode":420,"size":365},"package.json":{"checkedAt":1708590269411,"integrity":"sha512-E2NXT1NVEH7CTfuvXZRvqggOHcsefwyN8uYw7Jei2+dngK06r0oEe1OOTom5ZdmR/t+VHKjMBs5tUXc+XITLXA==","mode":420,"size":2702},"readme.markdown":{"checkedAt":1708590269412,"integrity":"sha512-4vXp9O1OrNOIHgL1guy0X1dGYgASFj7elm5R2QD3NacxbKVfnj9+uu6+qet24VFn7BKRT8RBqQGPt8zCVDF9yQ==","mode":420,"size":2934},"CHANGELOG.md":{"checkedAt":1708590269414,"integrity":"sha512-tZz+h8urLMGRKSn44esKPH4kD5s8NXbZCwSdkkKe2Ei5kdyvvs/KX1g2lAE3ikqulJwXdrwVY/a1tgiROb3Gkw==","mode":420,"size":33226},".github/FUNDING.yml":{"checkedAt":1708590269415,"integrity":"sha512-2O+fLxE3t8mBr1MyKvam8LlrQeE8JHVPxqlaQUEiD6nsY/V5YLme1zm+AJ6Drfm7lexPVp3/EfsEy1qrUo8X4w==","mode":420,"size":585}}}