{"files":{"package.json":{"checkedAt":1708590281937,"integrity":"sha512-0iQlygHgTPgXou0r0wqJ1/chooaCwsbkcxewjT8OMigm5Lq4DcvuJHz50EyDCYnCXGX0/KcYA8Lymr1+wTT18g==","mode":420,"size":984},"README.md":{"checkedAt":1708590281938,"integrity":"sha512-3vszI/VT91NTSWUHs25U2KsnA05JMawyFq+VJ5IuaozxtptBoJnowCZMJpRQI3uxss+An6a7sRm9Y5BeNoZVIg==","mode":420,"size":4567},"LICENSE":{"checkedAt":1708590281939,"integrity":"sha512-xRaTalvRbip6gBYWJ5oGuq5Ai6guJn8ss2j5QNdoAgSEG3jBJ7sKbGB27dj3f0QBnWDGBRVV6qqpMclfPDldxg==","mode":420,"size":747},"index.js":{"checkedAt":1708590281940,"integrity":"sha512-RzseiHc0E7vyukCWVHkeiMb4BCgVonmgwRzsRBzKwOSWkC4jc9yae7aeQpSqdyjR+IRQ7SW/gaw1/nNS7zu+gA==","mode":420,"size":2237}}}