{"files":{".eslintrc":{"checkedAt":1708590267506,"integrity":"sha512-K+tSV9KTEwdNn+UoNndm+VIi+28h9N3wcTHnOfV4FtHjdpIZNUZO/G0/nSn4jJylb5+JVsoeOtHns4+J0F41wg==","mode":420,"size":603},".nycrc":{"checkedAt":1708590267507,"integrity":"sha512-2vm1RFz8Ajl/OYrfoCWPJIm3Bpnf7Gyn5bha/lZx/cq+We3uMy9xj15XeP6x4wF3jf/pO7KMHAkU9mllm605xg==","mode":420,"size":139},"LICENSE":{"checkedAt":1708590267508,"integrity":"sha512-EqKjvyq6+l4/ZpJ47jMsh+ShZM/lTvYBnKi189QfOPECJNUvRx0CVqrWYA3sn7Oh7fPITzjMnxz9Trmir4oAZg==","mode":420,"size":1071},"test/GetIntrinsic.js":{"checkedAt":1708590267509,"integrity":"sha512-a0chW8iRpaVbEf5O0Y4WMwBEEwOFhY3zyEeqbtuPt/vTH7FvnR26l+1Mo9bcW6iE8HFmZ/IOV3pz7TyJaT/JYA==","mode":420,"size":8767},"index.js":{"checkedAt":1708590267510,"integrity":"sha512-QvTOgB3Fx+0LwPHZVZ8nBt7OYWCZmo1I/fx3Rn2YaHH8hgGwrg4/LFvGNAL4ZvRBVWEAgF7n8/3e9bpn2miiMQ==","mode":420,"size":13615},"package.json":{"checkedAt":1708590267511,"integrity":"sha512-hUBhZcrMd3hsGizoarC6FvX6+XbB6zYliMtE3FzjniystzbfkR2qqgnLK+6W6afC4mUSRczRUW804LpEFZQh5g==","mode":420,"size":2414},"CHANGELOG.md":{"checkedAt":1708590267511,"integrity":"sha512-dE1jStK/IKXJVpDDo2lsQX9oVwTXv+U0DDdnYy96FLiAIxUXlnSNcmGCi4DMmBX5MRH0kGaJIBJAO2JMxfwY6g==","mode":420,"size":11640},"README.md":{"checkedAt":1708590267512,"integrity":"sha512-gKK4MJlg4s3igKOgb5XPHrBwny4xevN+sa9Bpxf5YZ21w+rBVIKj/sLck+EUw8PIeZrRbQFtaJ+Ad+jc8fWkgA==","mode":420,"size":2791},".github/FUNDING.yml":{"checkedAt":1708590267513,"integrity":"sha512-+BzZlaIXAreXEY4BcYRIQlQek7xGFFUzmxseFhgeblZ2UxajzDssgW6H0zehV1QjFAXiUQOGMp8FYXMxZTVvyA==","mode":420,"size":584}}}