{"files":{"package.json":{"checkedAt":1708590291449,"integrity":"sha512-y+C0dPxElQmWS3QtK2EXd2yMX/6eMeoIfOjiNb3J7BYTxF3lRYdO70CXBUJpQ4nV7EV2rTDC6b+soFPKUFIALQ==","mode":420,"size":627},"index.js":{"checkedAt":1708590291450,"integrity":"sha512-E/s5Pj3VoHeS4seh0IohHqz37SiUr86YgMtPtanWSuN1eaBLXVocS1IXT54il50ONUYdFdXL6K8+5+BRnu9uAg==","mode":420,"size":288},"license":{"checkedAt":1708590291450,"integrity":"sha512-rnnnpCCaRRrva3j3sLiBcOeiIzUSasNFUiv06v4IGNpYZarhUHxdwCJO+FRUjHId+ahDcYIvNtUMvNl/qUbu6Q==","mode":420,"size":1119},"readme.md":{"checkedAt":1708590291450,"integrity":"sha512-D/f8HNRQ8Cmt02iwF8O+hFSls2zN65/XqEMIJe/lBSdpCF9UknWu84WhvSYF8SLpUl0Wq+lKHp9WE589Q22DzQ==","mode":420,"size":577}}}