{"files":{"package.json":{"checkedAt":1708590291911,"integrity":"sha512-bZuVvGYqCbU2T2+5Q+IImEzVDCPM1TYb2GJh/O6tmXsgO7OXIfDYLbLTXU/MZL5w5ItxJE2qUW3sfsCbYdravA==","mode":420,"size":1264},"index.d.ts":{"checkedAt":1708590291911,"integrity":"sha512-DS8yCXKYh/pZjbbttyDyJ66N+0/buJ34BR7eaaA45Hkl7qadfzE2VQAZzG5xP9sta9zRvoKTGBJHro7eHXD+cA==","mode":420,"size":93},"index.js":{"checkedAt":1708590291912,"integrity":"sha512-PpSmz/Avu7KWcB+Xn3m2Wu/WTFGnYZvUfcoht6Q2HiCao9HV19FL6G72EEOh3NpQcZWfBP6RlKat/fr9ytNkMg==","mode":420,"size":407},"LICENSE":{"checkedAt":1708590291913,"integrity":"sha512-VjzuMZnrO+c+8UVnuezGZlEM8Ae3aLTlPsK1+EuOCRUAclhQEsvBhuKCr0nf6OKxTTAf0OPGcFoBV2ItQ4ChbA==","mode":420,"size":727},"README.md":{"checkedAt":1708590291913,"integrity":"sha512-TOLBxqD6UCNFMwZ66MoSBy01P6PtYwLQwARS0xhxO8V2BBFJM8t3wa/3ek1B8z2rHHLkU67BxUCNAzXxdjJEmQ==","mode":420,"size":844},"test/index.js":{"checkedAt":1708590291914,"integrity":"sha512-SVCtTGyBr+EKHFaWpf2wVvgmGVotu6lY62Etw6cn5QFWkB+V5GeBk29bi4S7+4qSZOwiEPvcl4wJ76ELO4wZPQ==","mode":420,"size":690}}}