{"files":{"package.json":{"checkedAt":1708590286881,"integrity":"sha512-FwDqn6eWwy6+YH4fkJTTiTkAW890avEBa4o3EM/4h3nku+ktx17rjJ5FHSQIYW7uOIxahOwoU1laI3RWItrzGA==","mode":420,"size":961},"README.md":{"checkedAt":1708590286882,"integrity":"sha512-ODlZQlswn8K2mYS7HMfWI32ptM8QK4/oV3ke85iTpm1wD+yCTaJgn8pnIUbXwMNQYhG/f69Bykh3ylAqzzCvwg==","mode":420,"size":3569},"LICENSE":{"checkedAt":1708590286883,"integrity":"sha512-bce7Q1olfHVRjZ18FeBoHqTxZMQYe8V2X8Fytw3Y+30Y9fMgIcV5j5mCpDJVFmDJw51pfKtDLGmpahEEQKgALA==","mode":420,"size":747},"index.js":{"checkedAt":1708590286883,"integrity":"sha512-fGi+CkNz04jh3f8c5Lg0CIfCaJbASZf1Ud4+IFADC8oIOO3T7IJ5b1o5+KHCJqqDflVZ6PUkjVB6EQaDZZJBJQ==","mode":420,"size":763}}}