{"files":{".env":{"checkedAt":1708590265127,"integrity":"sha512-z4PhNX7vuL3xVChQ1m2AB9Yg5AULVxXcg/SpIdNs6c5H0NE8XYXysP+DGNKHfuwvY7kxvUdBeoGlODJ6+SfaPg==","mode":420,"size":0},"LICENSE":{"checkedAt":1708590265128,"integrity":"sha512-Ud0mzhdvSg0/glZx/rIiQjMu3ZC3HCRRYDKdeoFolTyotOh2hOUQ3TKY3U9zoPm0BaFU2CwzOzIlehwiG9w4AQ==","mode":420,"size":1101},"index.js":{"checkedAt":1708590265129,"integrity":"sha512-2aCvI5LbAyVmEn+9UdV6srA3k0nL1oRJawKEJ/6rPxGzlM3T/UPsL56NtnDiwqG5c5nWydga8A31gjW3x3bKlg==","mode":420,"size":6036},"dist/psl.js":{"checkedAt":1708590265130,"integrity":"sha512-Uff0yqNBa8Zi4k3oNVNP/P+hEukbMrrHq8Vo/C7r7bsdMPdw9RFlJfMQID9GVcjdH0xraOlCsAl7cef9WdBrSg==","mode":420,"size":162079},"dist/psl.min.js":{"checkedAt":1708590265166,"integrity":"sha512-YFdOE8bP/RIePsH38M35+7w1rSePTkneMePyR2FWrdecVbBeHw6bQp8WVxuDJiKjig9PTWDjFMGM4w0Z87tpFQ==","mode":420,"size":136713},"package.json":{"checkedAt":1708590265167,"integrity":"sha512-m0AthiYdrhZ/OuHzIp17wcgO71QmbNF2CBr9wrM8lzUm5c5dxy4ma0qZ+M4Tetp4XPfvSBWawTQCxNBYZaUdGQ==","mode":420,"size":1328},"data/rules.json":{"checkedAt":1708590265169,"integrity":"sha512-vkRMBbJLR+lsn0n8fQbL3Z8PT28T1ecStDhJD1ofQkB/9F8NsK/hYqFpQBNB1ZfhxzXPEiUcmKzuD+QlAxF3Dg==","mode":420,"size":140170},"README.md":{"checkedAt":1708590265181,"integrity":"sha512-z2e63GsEdsOk86SOQq8SsMh6ZGvTJt3nFSz75Uu+uRVMc/r6Ls3W3AJTIilcNpDRRto1NWGDzVtl6lHF1uIB8A==","mode":420,"size":6467},"browserstack-logo.svg":{"checkedAt":1708590265194,"integrity":"sha512-WPo5vIdAIM9d25hITktEKFzhXo9loHE4tZpIpw7NrknWn9OD73Sh7HhIKLAyS5S5ZKHMT/WVO1JzEsl7EYG7YQ==","mode":420,"size":7552}}}