{"files":{"package.json":{"checkedAt":1708590288841,"integrity":"sha512-1HqP8L5REeelqJ0a7c9d+4lZc7Hfi2szGPgQ8w8eSNBEu7TXdQA+l4pY2BAKvrTL1lgF4KCDv/a6Xn3k/30eJw==","mode":420,"size":1171},"README.md":{"checkedAt":1708590288842,"integrity":"sha512-SWtYxs3tJwZf1RD0thfOP3o9gZhmZOQ5fBe/0LKmbppG7fUwkks3xB34nxT73Os3h7byfn7DvteKDA23hDSJsg==","mode":420,"size":3371},"LICENSE":{"checkedAt":1708590288843,"integrity":"sha512-h9TL5tdtaLoKde9RUmon83o/0lnAbMTdFNJCL4/ssm9zU5bOXhAK9RYtoOYRyoyMl+HMKJCabQB040diw5+7Kw==","mode":420,"size":1056},"index.js":{"checkedAt":1708590288844,"integrity":"sha512-h0ycmr+1Wtq5Oe2sC/V5IxzOLowHmW88ygAiGAo+i7K3vosT6Be4OZS6KxqKbvuAfbvf2sQPUuUnLVihAuyq5A==","mode":420,"size":1645},"CHANGELOG.md":{"checkedAt":1708590288845,"integrity":"sha512-Rz3+Uy8ZYuiwvknmX0DOalj2nwgrQLkNNcLSMrAq4YAS8fC5cgePcjJ+TWGco9DGU4JTJVecauDMB2TkL0EhpA==","mode":420,"size":232},"lib/enoent.js":{"checkedAt":1708590288846,"integrity":"sha512-L27VwVlfVqpOAaD8Jhyfiq61XtHyaSWxETD4B3pvMGsZiKV+n92/vj4wWDv+VIrbzH0mno0Ko5KSqbQcNN3A2Q==","mode":420,"size":1944},"lib/parse.js":{"checkedAt":1708590288847,"integrity":"sha512-SuDXSwKnHXpZa8hEI+Qq4uKVFHykxJi2YMgVLFXjPbWvITrvNWiwZjXmTHTJYHeUoX4Y0kxUDAhk8Ayu7PPT0Q==","mode":420,"size":3889},"lib/util/escapeArgument.js":{"checkedAt":1708590288848,"integrity":"sha512-MR1m6qX1Y3oPep2R3XLz6sj1cTAk3OOAZkia2p/kh9H/ft/LBBMsyEaN5Ngdxb0KL6HDYDBVqjqokk2NQqdlLQ==","mode":420,"size":875},"lib/util/escapeCommand.js":{"checkedAt":1708590288849,"integrity":"sha512-bLPUMRVlBtIC6sAqZY1KEwVBa82kgew0tIzGjbp/gYRYwIZ0sLlhOLs02vjFEomXH2A4SsM9bI0dSaXeC6UjpA==","mode":420,"size":391},"lib/util/hasEmptyArgumentBug.js":{"checkedAt":1708590288850,"integrity":"sha512-cWjgpppvUOJS2wG58aMyeK+NH9p0nzxsRehwGBFp0S9aw9RvXsFHGP5QnALu/wpvSaNQOD5r0N4RXbSQuvCCgw==","mode":420,"size":431},"lib/util/readShebang.js":{"checkedAt":1708590288851,"integrity":"sha512-YQMNZn1aTNtkNdWXXMJWaTlXpIYogSXvVTY7dIOlbcEBX6vTDxGK+DzBbsk/RyswCBrdFMOixVNDUmYN/4hYuA==","mode":420,"size":894},"lib/util/resolveCommand.js":{"checkedAt":1708590288852,"integrity":"sha512-MK55/RN8tyC+CTIqv3kZrVAl3C+hEhsc91A5C2HpUM3i5cIZS5o2tsRhszdruWiSwoo+4jVvC0ZlG+h0pc0/uQ==","mode":420,"size":805}}}