{"files":{"package.json":{"checkedAt":1708590261400,"integrity":"sha512-GczLaUU1GgWobHF8s76pgYO3WYE2wpKGTdY6hx0ukPuW3fhSUHmVFjfTbt2CVS1yc0h9RrsvHwGed7Te2XFjXw==","mode":420,"size":2446},"index.d.ts":{"checkedAt":1708590261401,"integrity":"sha512-Udu+lZqsRNfa9YdFoimAXNis3G79LKBTHcbHADTCysM9skXXH9+osl5XNC3CzEZ59We5cdS6GcSb1aM88oti4g==","mode":420,"size":641},"index.js":{"checkedAt":1708590261402,"integrity":"sha512-5AuiDuw6EoXqWvGoYFF2rpZop1ZOMGWOw5RkGxOFE/2zJXOT5f6xyqpWmFmGJzaAtennVHECGDK21+0WsR8j8Q==","mode":420,"size":21878},"LICENSE":{"checkedAt":1708590261403,"integrity":"sha512-3Gto0TuM+VlkS5NfEZKwLHGqelz2U71DtEgPqJ7sjU0/FqInjsjDtAqx/bIzsxc6eP2DWQ1vc54Mno/1bCglVw==","mode":420,"size":11357},"README.md":{"checkedAt":1708590261404,"integrity":"sha512-Jgc+MC1oGJkFaus+RQLGvuC6DTq0qgPQZwIS7ROrvCJf+C8I+WMfnR3AjEn2ZGkV342huLZLnCefh1NGEBB16w==","mode":420,"size":5468},"test/cert/server.crt":{"checkedAt":1708590261405,"integrity":"sha512-HX5XmT6bHakEmqzh73OdmC85uaPpBt4enr+Hk3s+4O3ZHRichxhW7HpcCr0YPxOPWGq2dSDqTdOpeIUJArGxzw==","mode":420,"size":1704},"test/cert/server.key":{"checkedAt":1708590261406,"integrity":"sha512-UyU0tC42Dp2FTNzh8azj0b2o1Cgry7UMOjxXRdBx/1+xz/UCxHstKUXNPkvBfhL8epfRizghV50V/CdcTqHqqA==","mode":420,"size":3268},"test/test.js":{"checkedAt":1708590261408,"integrity":"sha512-GmPsJt9YvluO0zOuBasGxV4dAP1m1gErnTLw1wAmQcestYJhC2i4E6RVmFwdr/V5EoCHaEWzIdr+vHDknauQAQ==","mode":420,"size":31154}}}