{"files":{"package.json":{"checkedAt":1708590290098,"integrity":"sha512-yhZ8sFjsZO8sq1OeGKHsH/PI2LaJJgta9FrYchqRB9LWUMVyeOCe973CK/EC0My0qVTE49zo1EnzesZyPGMdUA==","mode":420,"size":645},"index.js":{"checkedAt":1708590290100,"integrity":"sha512-+UkL7yNTx3Es/uHk/bzOk9ChW9FLZes7LRO/+hxPgYW776exQ3C8b971cqZWmnnIN/8a9WoTGUbrGkkvhjr9pg==","mode":420,"size":236},"license":{"checkedAt":1708590290100,"integrity":"sha512-rnnnpCCaRRrva3j3sLiBcOeiIzUSasNFUiv06v4IGNpYZarhUHxdwCJO+FRUjHId+ahDcYIvNtUMvNl/qUbu6Q==","mode":420,"size":1119},"readme.md":{"checkedAt":1708590290101,"integrity":"sha512-wemG5s+tYRdk55BwJ63fuAResXzagTb9PKtG2BXmgnrOze7E+r4/USaOcmXHPsTjIbm0cAfmad7voRFcpSBEMQ==","mode":420,"size":595}}}