{"files":{"package.json":{"checkedAt":1708590264848,"integrity":"sha512-QWEdUamdXqWLv/fHU8pZ3IC4RARhGraQ4VMT+ixy2+yQr6nB3ALuaKUqJScfDYAgBcTE9F9pshaP2qwtpparpQ==","mode":436,"size":748},"index.js":{"checkedAt":1708590264850,"integrity":"sha512-EGmduMZ16xaiHSTUoVBVlJgw1RATOX0+XFcTPdRAMkYUjZe8RQwVK6Lunip4JQprpaQgt1HcjZpYReUQDqpAyw==","mode":436,"size":6501},"LICENSE":{"checkedAt":1708590264857,"integrity":"sha512-xpBUsJ9xgvPzlwMTEHoJg/gd0N4rfujm0CDIe6wFGoSD92S0hGJQRFR6VUP+XL+yh2v1fPHUD/9nqA2MLHMTtw==","mode":436,"size":1068},"README.md":{"checkedAt":1708590264858,"integrity":"sha512-tk2dQnWrD8S8jeCmzLMYWotYNEgKdFCAyEAOD661XnPvT/6vk6Coph4YrHtoYP/Z0CXwJLaMH97t913sSAzIjw==","mode":436,"size":5371}}}