{"files":{"LICENCE":{"checkedAt":1708590275548,"integrity":"sha512-eeqKwzVXiMHUQbTtmjTZ1IbUFXo0PpnX+rlZyT6+vcWz97iNg4EmnBYpE9qhPW7ulmQIbmRcAS4SCTY4+uxoDQ==","mode":420,"size":1070},"index.js":{"checkedAt":1708590275549,"integrity":"sha512-TCLyawAWGO9RzvontmYocKqGPoYfhNGj6HgiQMUJHTZ3P+ZeR7Fq9jGsYrVe8n46a6IpBsd9ewBtr6QBI6dFyA==","mode":493,"size":7208},"package.json":{"checkedAt":1708590275550,"integrity":"sha512-kgChefqssiLiShuP5qocsQmZ6JmK4lR7nq9LFasJXikGbPT0n2V5NwkPrOHrS4O2eubkPRWgcOnfsm/mnKW0RQ==","mode":420,"size":675},"readme.markdown":{"checkedAt":1708590275551,"integrity":"sha512-zYvT+CK+dNkRFz/T6QteMDqyyKjMx23OkP/nPiJFHrFQBuoKHdHI2KtN+q/r5TVPc2O5l45TiUulhhnhi1nZqg==","mode":420,"size":6018}}}