{"files":{"license":{"checkedAt":1708590277112,"integrity":"sha512-nIst73auX/5NY2Fmv5Y116vWnNrEv4GaIUX3lpZG05rpXJY2S8EX+fpUS5hRjClCM0VdT2Za9DDHXXB5jdSrEw==","mode":420,"size":1109},"index.js":{"checkedAt":1708590277112,"integrity":"sha512-0b2XezNgP50G2Ue/4QjBlFzCzUV1zTnrhKIPFYdqff/FnDtSySrztkg8G7QmmDv8wMAPr/4yghpb2wvX04oEhA==","mode":420,"size":350},"package.json":{"checkedAt":1708590277114,"integrity":"sha512-tTzY2RZMdXZdEA1m7Ou3ohvlFcheZmMKsHLBR6XaoI8qIFugMSft1HmcSIZ7nb+Zsq5zwmG7Frk3RHV06KoJCw==","mode":420,"size":841},"readme.md":{"checkedAt":1708590277114,"integrity":"sha512-Wsx45vcJXjNBGkoYT74QME8dG1dxl3B9jYaclt/Vy1GR8At7VieqzzrewRtf9JTsaAJwMU1uktAqrbIGuXWlhw==","mode":420,"size":2565},"index.d.ts":{"checkedAt":1708590277115,"integrity":"sha512-g7n/sNxH+4lmkt3OrAIepMsgKu0bgx0IgnrkMbYvwHGahf9oHOylqO4wERWHceJwkjSAAucjr7O3r2g7Fqeqxg==","mode":420,"size":744}}}