{"files":{"LICENSE":{"checkedAt":1708590293575,"integrity":"sha512-5HycIj0/VBX8kQ4Xg9xMr8DtZL0DBVx2HAenWEoxkxtsqdJCPXD6rFGInPgJB9zjUw02sjYjSWEGivRstWSK4Q==","mode":420,"size":1058},"index.js":{"checkedAt":1708590293575,"integrity":"sha512-af6yzu3+n2siCMBGWvyOQfxg9wvIfHNJXwjJFCuVk5av/8xowUsGwUoRYHnrX7QeQaPdecUuhXV9BZZi/FYXGw==","mode":420,"size":24516},"package.json":{"checkedAt":1708590293576,"integrity":"sha512-TSKcNfJMW++Bc77/UVU6sPMdPLkEgQ9mVivPseMNz0mYB44hrJh9g4KaU//XHilBNEcW4diPcX9i64YmicrH7Q==","mode":420,"size":639},"HISTORY.md":{"checkedAt":1708590293576,"integrity":"sha512-DIoWiLyS/gwkZIPqAb2w/F6oi/5NIwWT8Sm0qZgOSf0Pq4VO1Fk1OSFnRistaMOxc3fzdqKeQn822Z+DrKKVsQ==","mode":420,"size":200},"README.md":{"checkedAt":1708590293577,"integrity":"sha512-u3qaQmGwySsC2ALKoxyr5jHYshyQBGbWr6u0ZSgBpzMJqehjMvRUFLrs3fQMqZvlh0YYBIPLFoPGzAl1ct4PAw==","mode":420,"size":2092}}}