{"files":{"package.json":{"checkedAt":1708590288742,"integrity":"sha512-13fZ93gXBn2UUckzltCX44dn2a0KHpQxCGOLj6ByD4YVFs7Qjv9W7JuurKM6hxQxB9j3euKagjmqzdjmuyW97g==","mode":420,"size":880},"index.js":{"checkedAt":1708590288743,"integrity":"sha512-yio51D2qcVI54zMjFY0A3PV0wFfFNTVexKp2FCPLiQ9xdMSACeRu0msoHLQwRKHZI+utaDk8NI71st7GrSp/mA==","mode":420,"size":649},"license":{"checkedAt":1708590288744,"integrity":"sha512-nIst73auX/5NY2Fmv5Y116vWnNrEv4GaIUX3lpZG05rpXJY2S8EX+fpUS5hRjClCM0VdT2Za9DDHXXB5jdSrEw==","mode":420,"size":1109},"readme.md":{"checkedAt":1708590288744,"integrity":"sha512-yE6Qn+TZdZsI1r4WsZX1azA+xG0GHetHpXXrxEdQth25YSKTsm3zHR0p8/oHWyquILb35Z/E6m1rzYmL9oxVfw==","mode":420,"size":1150}}}