{"files":{"es/index.js":{"checkedAt":1708590281363,"integrity":"sha512-zqdD91EH0RhiiMA3Y9hSGtr6Hgoku5MBfr1geC8d4G4WG4FwDwUGe7CND4Tn5ztM56aYwhRJVOkFkG/IHhAcaA==","mode":420,"size":17646},"es5m/index.js":{"checkedAt":1708590281363,"integrity":"sha512-VxuvkEbR1KaxceDNSdq0G/f0hH2nzzKHZpBbD11L02xSb0bC94Nc5GFlEUuFq2brpnNtzCbo16MVEuiCeJsGhg==","mode":420,"size":24345},"index.js":{"checkedAt":1708590281364,"integrity":"sha512-UCudl0Nb+xrwCzCsfkH3obrbq51gcUOE0loZkNexKdMyL9wEeKRFcZofMMUGk+KFhqPpYXCxxSFrH9wTLu2F+Q==","mode":420,"size":97},"lib/index.js":{"checkedAt":1708590281365,"integrity":"sha512-mDPiNVPUJNicXYmbsUxP8t9GaVgqZtwECUW/+AhfoC/k5VEaul+QBwuWTpgrTSIeBovh5CJe6VQtlsQqMZ26nA==","mode":420,"size":27914},"sift.csp.min.js":{"checkedAt":1708590281366,"integrity":"sha512-eCPGGL9IB8wTifjG8QmKZgSdxxwFdh4DYW3XW1AVuUKKdUCYAk40e3j3+F/D1DsSUHSNYwEQBExNYAAQ7KHjsA==","mode":420,"size":27806},"sift.min.js":{"checkedAt":1708590281367,"integrity":"sha512-6bVJAV2FjAJ5jXtISZd47celd6ZkU7EJkUOni9aZ2lcQx3TVd7d0fGM9wjtlQ6RuCwviCv7SkN+JPyrkkQ5l7A==","mode":420,"size":10808},"package.json":{"checkedAt":1708590281368,"integrity":"sha512-hDLOhWMXpiuMkav1z9QYBVsLUczOz9bC8T9mZz3SYbIIOwS1iH87BO6inQaavFUFxxnimkBkzgwRGAbzSKG8/w==","mode":420,"size":1533},"es/index.js.map":{"checkedAt":1708590281369,"integrity":"sha512-snCCWe+FQ6p+7tQKYHBH3rIu6NHwIBjY0Jt/172Mhi+zCUgCw2MDutUqZu8nIr8+j10FSNd1W14e2C3qO4u/0Q==","mode":420,"size":17495},"es5m/index.js.map":{"checkedAt":1708590281370,"integrity":"sha512-7FEgMM8LI6LHcJPZpEif1/LZKXUUit0iXdFnt//JpEGBLAGgUPVHb9K51+0qjfRasoEdctR5v02POu7/PXrSJQ==","mode":420,"size":30709},"lib/index.js.map":{"checkedAt":1708590281372,"integrity":"sha512-0oz0X4OkOyejrkPLMl4gJQQ4bZwzU1hoP20m2mwfMI/5a8yXXl261p8nmEybBU16E65nYpqJBoUKnCSdmtFsDQ==","mode":420,"size":30810},"sift.csp.min.js.map":{"checkedAt":1708590281373,"integrity":"sha512-zU30+j6U/qgZh10JTx7+dZxXWdGqztDCC76LzpEb1EytwQOvmc7MV2I6JLhha3CKwOe1RrpdkrIyNGCLTjBPDg==","mode":420,"size":30685},"sift.min.js.map":{"checkedAt":1708590281374,"integrity":"sha512-lIsDgy7LBwKijBOJimhH5g5z2wyjZo14xsBW45M79S5TnqUwN1auoN0LcNmAIWLt1A8NlsFj98QNtq9SCL3vRw==","mode":420,"size":23490},"changelog.md":{"checkedAt":1708590281375,"integrity":"sha512-ciap33cFxQmacvfRfYR8+FK54K7Oadz7DikUfcLkdcjb3Dxtmog/nQ36OgrBArECiImHMPF/yRGRKKdoEFfmmw==","mode":420,"size":2285},"README.md":{"checkedAt":1708590281376,"integrity":"sha512-3XWVJS7bieXjVDpgx2W7WFOFogUS+2krlSjygBp8nuzigcRqRmv+JYjDpXcnF1YwXZCq5sPmgu81ERiFNAhkLg==","mode":493,"size":10029},"lib/core.d.ts":{"checkedAt":1708590281377,"integrity":"sha512-kaqm+ZGDGCsRAoxELriDoLbU/lVT7BB1ANJDsoGvBpzxApOcsN9eLpOls+5x5XzNkDYE6wxDDdG5p2mjf1Hj8Q==","mode":420,"size":5059},"index.d.ts":{"checkedAt":1708590281378,"integrity":"sha512-ddngvB0xTeSc7mECU3v8PSgUMluqO0KNnKSxm8YogBEQAnooBzq8DguMhSY5+8teZX5JmuJzqVbXuONDpdt03w==","mode":420,"size":71},"lib/index.d.ts":{"checkedAt":1708590281379,"integrity":"sha512-YuuMu3oGZ9PXdgCfQxT8LKrwWu7LzWBJXd1pyiuetodpCN1nfOMQBXNtxW2J49Rv3RxL+cr1suU2QG0VkM09ug==","mode":420,"size":775},"lib/operations.d.ts":{"checkedAt":1708590281380,"integrity":"sha512-jzfHiRtqzthHKUSRi9jZ5lgy92HoFJy+CrVaEE0X+TdI6r7U6uI+yItfGtmrqdy5SPT8KcRppBhD7ipLuM9NbQ==","mode":420,"size":3849},"lib/utils.d.ts":{"checkedAt":1708590281381,"integrity":"sha512-v4nSNIxci3kIarGBgn1H04BNacA8SrMPmSAx4jrUUxJl7SfR1eMN28X8vClsz5ybCJ9FrowTfB6gBr/swEMuvQ==","mode":420,"size":562},"MIT-LICENSE.txt":{"checkedAt":1708590281382,"integrity":"sha512-d4jfgP8bpnrMqGsormxcLjdp5kQXxBBzbgoxC1Rrkbs6Mp14LXYRUWnCpCSekkLfmBbrXolOlmGQBvLpa7JjTQ==","mode":420,"size":1056}}}