{"files":{"package.json":{"checkedAt":1708590272279,"integrity":"sha512-W2Tm5hywkMO2pAqL09FI6G/eeNHJ/kxCEZZJGwoidrLO/oW/CunGftVCRdEfvAObIKY7xpKhnq6K5gIRaI7g4Q==","mode":420,"size":471},"index.js":{"checkedAt":1708590272279,"integrity":"sha512-Qad/KpksPGNBMhdpVM0xCRrH9G/IAUVzPIwMW8mlzv8M8AeUIN8wu67rtPWYUwv+4VlHw+M+zNhTih9eBBrn0g==","mode":420,"size":201},"index.mjs":{"checkedAt":1708590272280,"integrity":"sha512-gtnod4AoOjzrLHmNxxUxjIQlQzEmyhdce9bycnVKnJ+tcXWdjGtt2BSTfdgCFHVAqUQEOzvJeoxOwjbFaZskPw==","mode":420,"size":151},"LICENSE":{"checkedAt":1708590271697,"integrity":"sha512-sninKVyQok6a4SaJJ9Z+lCMZXY783aUHhjapGiZ7Ou+aeRutwGvRbKFYhPglcrd5GauRHGx7ikBhTB9PvARr2g==","mode":420,"size":1058},"readme.md":{"checkedAt":1708590272281,"integrity":"sha512-VhOx/i6syuWAWXIoIC1EbRrufqYvauzAATmXyUYzSLEVZibVtZmH7x2FdRo7GdJOA80T2+bUnFWQXHk4qPW8kw==","mode":420,"size":864}}}