{"files":{"package.json":{"checkedAt":1708590269289,"integrity":"sha512-WiAk1n7oE73xtVUzw3tPx+/gOMOW5nNqfYUsI8CLw38PpF1OZGM+SLrWzVYNVsSEBYBC18h7hS2DgVH1yieLfg==","mode":420,"size":806},"index.d.ts":{"checkedAt":1708590269290,"integrity":"sha512-B3RUp7jqVtS4FHVY4Nq8yacPDf0goXLpaKl8TEDbPznIarIHgPazoSa52F3S/ICJs1BXX99QEG0coRy/5iMSKg==","mode":420,"size":1472},"index.js":{"checkedAt":1708590269291,"integrity":"sha512-wyFH6v4ZQZh9uv8NbH6ttx6be6rBerx3jkw4XGJrWkwXM/FNle5l1tIbUvNXX5DblsdEe+fKpEfhyuon+JPuyg==","mode":420,"size":515},"license":{"checkedAt":1708590269291,"integrity":"sha512-nIst73auX/5NY2Fmv5Y116vWnNrEv4GaIUX3lpZG05rpXJY2S8EX+fpUS5hRjClCM0VdT2Za9DDHXXB5jdSrEw==","mode":420,"size":1109},"readme.md":{"checkedAt":1708590269292,"integrity":"sha512-2bcUo/L7n+DfqDPU1++6ECZqCsk8RdprLSNH5nfeVDKco7q+paruuQuKon/GnEwyct002r8kq/GK9OuDVgFAcg==","mode":420,"size":1704}}}