{"files":{"package.json":{"checkedAt":1708590284670,"integrity":"sha512-RZcxIGAkmPct0Qnjz3H1aSuYX4UmK2TuCwU8+qgsAv6BpLVdOH2pjzO9pJhElYT3VxM1vxhdSew0VRmG9Duo5Q==","mode":420,"size":1256},"index.js":{"checkedAt":1708590284671,"integrity":"sha512-UbA6+0K486KFYN7Xiqp9QjngXyGcdPgjj74F4+6Z+Tb9zEiVg96fxOhWkl6a3Y0xHgX4Xc+ylKhnok7Lc650kg==","mode":420,"size":1108},"LICENSE":{"checkedAt":1708590284671,"integrity":"sha512-+pEv+IGPh4ALcVfC5nVW1LAqoz7SFkziiLBnxnk9iSfSQNb9ui4Ji9wcpTtYcT4jHcbWESNABY3oGarsA04NKQ==","mode":420,"size":1094},"README.md":{"checkedAt":1708590284672,"integrity":"sha512-B4RSqASV5jOPMy5bj/qvrh0U85nhuoHmRzJOAw9XjpeFO/WRVEkZkF46+fOMAL5NgPEB5gZnn4/IySg6+6Scng==","mode":420,"size":3760}}}