{"files":{"LICENSE":{"checkedAt":1708590280702,"integrity":"sha512-HQaIQk9pwOcyKutyDk4o2a87WnotwYuLGYFW43emGm4FvIJFKPyg+OYaw5sTegKAKf+C5SKa1ACjzCLivbaHrQ==","mode":511,"size":1141},"README.md":{"checkedAt":1708590280702,"integrity":"sha512-IZcENqswADaMb+PjQgVGpBBGJauUT9Ds6ta+PzA3uvzqQ5kOJattcnsmh2h4m5zZZi8yLey2a9r3njS3nelL6w==","mode":511,"size":2170},"index.d.ts":{"checkedAt":1708590280703,"integrity":"sha512-OgmjqisJ36vcVsuY37rf/krvVA93fO/DM4H9KfiYWN8wWeV4Dipa8RG4orA/wFBYy5o9imCaQUL0rfYSgWsFuQ==","mode":511,"size":205833},"package.json":{"checkedAt":1708590280704,"integrity":"sha512-axYCa5K58vbXLd6RVvrQO3Y8gaT4EwjK859AejcF/kFT5FaaekEyTX1H9YwITchLj9t5cxuVtmgJQRsI5fK3qQ==","mode":511,"size":5839}}}