{"files":{"package.json":{"checkedAt":1708590285799,"integrity":"sha512-ZZc1jRWN/cpbfihED77pxwhBBlOCQMiLLw+bmd1cUPQxtqeF7FAPiCykMk5Dhrrq5VChFjqtccJKDIzWyy1/ww==","mode":420,"size":494},"LICENSE":{"checkedAt":1708590285800,"integrity":"sha512-fuDaQFTuw3/2KW2JBV8ZKO+d4ucXqFuQ7tjaCAnCIaLsM0A23sKP+6HdU8slQKPtIHB7FWyFSoh41zl69P9XNw==","mode":420,"size":1079},"index.js":{"checkedAt":1708590285801,"integrity":"sha512-/Lz+w8CLrv++IAit/QaRGEgzTfTj7swG36RJnPbHq9yErHV89uz3r5e9C/j7sNRoaGobrclbMohoauOJj50Igw==","mode":420,"size":308},".jshintrc":{"checkedAt":1708590285802,"integrity":"sha512-NBowHynyfKtWQVFjGLGY/XapcLOgWaODxoS4pBDB50j0eIu23h48DrBH5zSk+vYGuN/YBXamUgAXIiDyN82+Mw==","mode":420,"size":726},"readme.md":{"checkedAt":1708590285803,"integrity":"sha512-dHwGOQb6csQIQKPE62aOnuQoVcshOnFOXT2jNls91h6nKMAXD06nC4ZvKrmCx3iRIzL+s3Qnwefh7jgwxRva3Q==","mode":420,"size":812},"test/index.js":{"checkedAt":1708590285804,"integrity":"sha512-FXYoBWqDQXCZoaNwgNyRbC0fUBLv98yd7mzWRUdBWYznAtNC5zHZEmm/sGB9kkK63Vdl/jVhFK5F8qKlMjcAUQ==","mode":420,"size":948}}}