{"files":{"package.json":{"checkedAt":1708590286736,"integrity":"sha512-hJ1zDdM4Yg8zp1sNWHF2yh7scSS10VYvMAdGuByuVl610WhY2wxziH+bm2R4lX1uA8Jnz4I407Yw2AXqf2t4aA==","mode":420,"size":1784},"README.md":{"checkedAt":1708590286737,"integrity":"sha512-4f0FpDRqO3skpeP6DoMe4076Hf4bhqqQfYRLt99lhf7RSo65NiinguBBj45cZ0bta+fwfShobLYvJnYaBPZlVg==","mode":420,"size":5085},"LICENSE":{"checkedAt":1708590286738,"integrity":"sha512-tvfTdJiWJDiFPpsR/I9WZSs0oBmhGFXq7UhlakT0rx9viP394eXYZoTSYAH9KLC6LQkxkGWAeqY2WHVWHwxwPQ==","mode":420,"size":1087},"index.js":{"checkedAt":1708590286738,"integrity":"sha512-yjuKDEi3loFLITg3c3zH39/YSquRT00N/hBZRKln7jo6yWJU+FljfP/MtVcYa6fozO7OkZAeXFhmjFxa1dYBjg==","mode":420,"size":505}}}