{"files":{"LICENSE":{"checkedAt":1708590266044,"integrity":"sha512-IlBI/ecFfFWsTftdr4pcQokKJYBEOZOhZW24ByAxG4NQEkIWRlQUbXHQKPO7qKsnFilv16bewfxJ8bNxqNYT5Q==","mode":420,"size":1168},"index.js":{"checkedAt":1708590266045,"integrity":"sha512-KY5T3A7DjmFnIgbYY+WaLuaxF4tFk1CqxivGVHqUXcPZE9BNd01jIjYl2K1y+GweiN6cplNA2nxhAaR67bnKDQ==","mode":420,"size":6521},"package.json":{"checkedAt":1708590266046,"integrity":"sha512-cPtpuwBj+8eAN5VZTxdlCNkLPF4CsVZHavb67lDOHQ8qwJTW1JdKnWez7v+7sDZVaDqJyI8Q0Tziw9DIhqQJ0g==","mode":420,"size":1250},"HISTORY.md":{"checkedAt":1708590266047,"integrity":"sha512-yVCpzfvDGKle3An7joQw90Q8UW5H5v4W9e6pbxYx+CdL8QQNQis2TNjcQDcIAreVbsd0E2On+M3H2t2Ai1zsGQ==","mode":420,"size":3418},"README.md":{"checkedAt":1708590266048,"integrity":"sha512-crcqMRXxUKMjKfiZFBwYw+K9L41fHWny8pHya3TiOdbcq5US80enjr8Y14EoNoSioDcpYwpP6nKBdmvZZhHGVw==","mode":420,"size":5959}}}