{"files":{"package.json":{"checkedAt":1708590263765,"integrity":"sha512-MF3z8VkoDLbviqkT6EILX+letpuYt+Sg2XUhM2SWU8XebY9A6SMimyJY1aT5pQd4G80M831kdb1J+I4O71qQ/Q==","mode":420,"size":2230},"License":{"checkedAt":1708590263766,"integrity":"sha512-ZwZnQAboeW6eFxNLi/xa0UoNS0hFYPA1H9UUK+nr8Tgc3zi0XfaWnQRhi8+4axH6BzVJbmv0iLC4G+jhEaYlJQ==","mode":420,"size":1118},"README.md":{"checkedAt":1708590263767,"integrity":"sha512-0gXVKyoCwb6INHxJjDB0pUJOaGqV9Q8FI3+di7/tvxj3vG9uMgObUmqYFLATRD5chagAwlQMLVYay9dBIXeecw==","mode":420,"size":7138},"README.md.bak":{"checkedAt":1708590263768,"integrity":"sha512-i+gHvR9iQby61lyVQGZroD3q9b0KJA4WC01taQ+pJeBkzg/87z/YSW7cCdU5qgoxkN85UL8KiZwb3L/xRWBmoA==","mode":420,"size":7138},"yarn.lock":{"checkedAt":1708590263769,"integrity":"sha512-2ElbLa7iXHSOkjdDlqztA9pX4t2LejA+Wlzu+uXhLizK+9iFAs7uRNos0kmF2SAy3OB+yAc019EnFbTWGZoTNQ==","mode":420,"size":89079},"lib/browser.js":{"checkedAt":1708590263770,"integrity":"sha512-h/D+sKL+scebV+4EUlcwkiWy3KBk0JfJ8rbpCkNGvWJib6PMM+U3A2ZBNIzIGb1e05lB3LwG3DkPo4lGqrP1tw==","mode":420,"size":101},"lib/form_data.js":{"checkedAt":1708590263771,"integrity":"sha512-FGpZ2e8HfpoGTHtGvRWXc6uyphOptbL7sL6xWHzl0eiqkGBi3jafWwC1U1e99/iINcCsAZcvD/x9HmPSbaXD+g==","mode":420,"size":12249},"lib/populate.js":{"checkedAt":1708590263772,"integrity":"sha512-hlIi85bUYOk4q+lcSisgvOZtwY1WnAV0JW0pAj4iaIcgy6BVEMe8/TR3Tcluxtanszg6Apt5TguF8h/ddlkiWw==","mode":420,"size":177}}}