{"files":{"LICENSE":{"checkedAt":1708590280927,"integrity":"sha512-kVogy26LnTGnun0BASVvnaOFYdPiVBGKWERh6gsOeA6yYODpB8zAIHryCPahjQ+lL6/tsvtT4hNqgL2BoPXpmg==","mode":420,"size":606},"lib/appenders/adapters.js":{"checkedAt":1708590280928,"integrity":"sha512-8bAYoPUKDV9PEsOgZ0APa0v62TygHxT0DP5zSSu6DS7cgp9ds+fMxLpVHqZAXWTLfvDm34fxi2o0IlDc3J1n7w==","mode":420,"size":1239},"lib/categories.js":{"checkedAt":1708590280929,"integrity":"sha512-cQNeAb3k4Ecw0cWRwW+MdDkgCf3APwg+m3nPYIeEYeamaJCj8ubmLb9tWLYo9MJw3OjKQQ6EQr+u+RJ1EFR1hg==","mode":420,"size":7116},"lib/appenders/categoryFilter.js":{"checkedAt":1708590280930,"integrity":"sha512-BRHcJpbg4dCg16yz471on4sIpMlkMN0q7POdAHoHVjDfMVt4CGS8IJpbYUKCcr2mGqA8yixQ+4TEpNKTvWb7hQ==","mode":420,"size":598},"lib/clustering.js":{"checkedAt":1708590280931,"integrity":"sha512-6R8Ceo56BP1GMLyGu3QlXUgZ6ny5PpPTfjSkGQu4HgXFxA2nKcqqEM0QH0VqfIadMNb15rnQzJGjufCwXvY9aw==","mode":420,"size":3161},"lib/clusteringBrowser.js":{"checkedAt":1708590280932,"integrity":"sha512-o5+pZO0ju2uXzj8d5X9QnbZf0gNzAfVPmLFW2RnC9nt1iO32kJP/Z18UG5ZcrZS0d9p0FM5KFOmCOS+FuTqMEg==","mode":420,"size":481},"lib/configuration.js":{"checkedAt":1708590280932,"integrity":"sha512-o+qOEnjMdlZZ0gygyz2gF7+2RzbkL1afFBlf1ZaIeCI9OJ7YgSe9I6kPQuHsngel5urxz2RBROdFcCMD9ksEzA==","mode":420,"size":1748},"lib/connect-logger.js":{"checkedAt":1708590280933,"integrity":"sha512-X021MHSioJme3X5Cx0LHvfzwQ7C++YhFqEE705g1tibRN0YeRxkNYrA2QufmNos5J9F1Qfv9KaljV6PtunRFxQ==","mode":493,"size":9292},"lib/appenders/console.js":{"checkedAt":1708590280935,"integrity":"sha512-l/kjlIjsi4GUCsPhSGkoamNqIQurt0+VuVpmXjWEE8Ud+qSp2e+bEd5qmDbQebPht3umPyH8NyOwVDFjuwqH2Q==","mode":420,"size":494},"lib/appenders/dateFile.js":{"checkedAt":1708590280936,"integrity":"sha512-rhBCU/aMlOtukAyR3Ip6kdAPR5v+FPBRTXeX4xKugqk4PaPTkMjzVYuETnmXWhkhNYTleEZUvhbCcD1mq1YKtQ==","mode":420,"size":2149},"lib/appenders/file.js":{"checkedAt":1708590280937,"integrity":"sha512-RrlqPg8o6OLgKFlBNk9bt+hoIyXkrnYYiQPmexNxCzBVoj69oQpbezNrnm9DMfpdKuJaWLHYsveZAPTKWo1ZEg==","mode":420,"size":4139},"lib/appenders/fileSync.js":{"checkedAt":1708590280938,"integrity":"sha512-rBzmmPtRXAnkXkxyGr6HRyk5uRa2snHcAxwc7IDqB1N3dAqeH+c5WbtRq8wPUwVH5fE/Jy/Ul6flSKHyrRIxiA==","mode":493,"size":6569},"lib/appenders/ignoreBrowser.js":{"checkedAt":1708590280939,"integrity":"sha512-z4PhNX7vuL3xVChQ1m2AB9Yg5AULVxXcg/SpIdNs6c5H0NE8XYXysP+DGNKHfuwvY7kxvUdBeoGlODJ6+SfaPg==","mode":420,"size":0},"lib/appenders/index.js":{"checkedAt":1708590280939,"integrity":"sha512-Fr4bu/DrRAZvlZg1F88VZ3Cw8fHY7+nx35W2Pe5GbEhTkvZnMNdNr8qFHn93jISQ+FrHz4k/PAlModmEoSrveQ==","mode":420,"size":5730},"lib/layouts.js":{"checkedAt":1708590280940,"integrity":"sha512-wQuvd/d/jyfFxiq2cApozoNmyCQ07f11ul7WkoC8rn8gbyfmYc8DhJjASVp5/HO/vrc1gJJv/3T4k9Qip6gacA==","mode":420,"size":13667},"lib/levels.js":{"checkedAt":1708590280941,"integrity":"sha512-rKnuJ7/y+e1F7SrRYvxakJICOb95qRBJVsaNt9SzWhV1QHOSWF2JEkVhdsuCQW6qDHhC/OfPLrTMFcy/hBYLCg==","mode":420,"size":4249},"lib/log4js.js":{"checkedAt":1708590280942,"integrity":"sha512-Kle/2iBPU6XFkN4n+4qt+r8AYTZhImoqA9F1pgrEEQTRVS/kmkIXKopn+biVa+zkj1fMFDSMNAkJfREYNHQppA==","mode":420,"size":4946},"lib/logger.js":{"checkedAt":1708590280943,"integrity":"sha512-VHqmNyDLJEZ0fe1NV8Psz8swi6JYw1VBJIt0aGTt/30j8vQn3JWEMwvI7BbPUPeCx+kk/NskwAEgS8HkSYv/8A==","mode":420,"size":6744},"lib/LoggingEvent.js":{"checkedAt":1708590280944,"integrity":"sha512-OWhSi6GUzhm3pduVcni5fMc3hvINePmUKQRriiHXZgBQ9iQ88MTYBZ2NCGa7CxjM61UvbaXxEyKIm6K55Cozug==","mode":420,"size":4451},"lib/appenders/logLevelFilter.js":{"checkedAt":1708590280945,"integrity":"sha512-vXNh5vFJbgNXQ3vQoAO+UjFqqyoUb6A+5yXAn7vcJBGd8kLePRUUFw1MUui/dvkKehB5D85hK7xnvFqt0Lt63A==","mode":420,"size":640},"lib/appenders/multiFile.js":{"checkedAt":1708590280946,"integrity":"sha512-jeTfxnBUxpchCkxQFmeqKXmvjq3XDusCsfDSmXqUFd1gTRi6IR+S8pkx5EM3rPOjuLTW9g8BzEd24EFne+jzNA==","mode":420,"size":2747},"lib/appenders/multiprocess.js":{"checkedAt":1708590280946,"integrity":"sha512-Uxx14/206/EhvpR3/YM+Sr3efbtUYrJpa2PQXYCoLvkU3q5BQiQQ70quCeGV/jBSnu0vAvTckcc6nOcDdSA74g==","mode":420,"size":5354},"lib/appenders/noLogFilter.js":{"checkedAt":1708590280948,"integrity":"sha512-yIIoWjZdD9YHJLbSrM8eLmU2ng7RAA3Yyz7lrPPB57DYrGK3EMB89TITGuXxiou6CRi/GlQ630ETD6I+wvzdLQ==","mode":420,"size":1327},"lib/appenders/recording.js":{"checkedAt":1708590280949,"integrity":"sha512-+6F7QOsYAwvVnzOSZEtLet0sUx12RAW1SAgsNLwiy+XDZlbu19BbJUS4tvk30H3F5iyrTJHw4RvkcfwM7o+/qQ==","mode":420,"size":509},"lib/appenders/stderr.js":{"checkedAt":1708590280950,"integrity":"sha512-u/che4geuC1+USk9XP/Ovu1usXR205KIJUaloRwgCYiqTMya8RZbb2uucBPOuPWvPXxQk8kLKUNLUw9CG0avmQ==","mode":420,"size":423},"lib/appenders/stdout.js":{"checkedAt":1708590280950,"integrity":"sha512-Gn3naYvrfm4uEtOPnCq4xjQks6ChCm/ExPy41qhHTHx0jt1hJDjAB5V15XLitDqk9kdIjH4NwDguOORHh21NXA==","mode":420,"size":416},"lib/appenders/tcp-server.js":{"checkedAt":1708590280951,"integrity":"sha512-LDW/01QwmoclLVG5Tb8KVpLYEeQRLNpLDD7g+V9V0lrnO9CKTj6JgRxLvLzR1kaxurw0QjkKhBAP8c/7aH9pqw==","mode":420,"size":1286},"lib/appenders/tcp.js":{"checkedAt":1708590280952,"integrity":"sha512-Qb+GCepu2IKiHdcJfG7XdA3/8qOtdTxBAifB7m0tKLc5v97qDtzXUiRxBwAo+hV4fzUz/mQUK00qey71FhOIbQ==","mode":420,"size":2216},"package.json":{"checkedAt":1708590280953,"integrity":"sha512-czVdlMbvI3+ibBN12Pet88z/p+GA2fWVty3bee+bmQgT1cJAd1eGRk3+TVZtWWBia1A60qt8gOH4TnkWfF06RA==","mode":420,"size":2829},"CHANGELOG.md":{"checkedAt":1708590280954,"integrity":"sha512-W7V5uUXc0Z2qtEgN64ospf5ZhsNNz1IRJQFzjOn8CeRXSquR0/uQghpzJNWtdCa8zSJU89OIQwNeUj7O1WuM7Q==","mode":420,"size":45132},"README.md":{"checkedAt":1708590280955,"integrity":"sha512-2y7HvLRzAJJ9sDKThqUWVYKUAA891GIhq/8RkX8rMb8FVgRkCx8I/9Nc+JBWK1PMAf8so2pNZnt+AtTtYqg4/Q==","mode":420,"size":5540},"SECURITY.md":{"checkedAt":1708590280956,"integrity":"sha512-f8jlKHgqxXoamwsN9U3TCkJi06ONVHBIcVyoLrei8SmiE4DfeR4VhJPJe7Gm6LnBqk7dJD12sM5f2GrnpD5Adw==","mode":420,"size":530},"types/log4js.d.ts":{"checkedAt":1708590280957,"integrity":"sha512-dgXyvGMCMUt4YNZI5R1R8tNoEHZn2nJsU0LqGQ63+VFTj/2CetKDAb5XKpPJbf9wtabIvThwFXQY9DtDRtT40Q==","mode":420,"size":13400}}}