{"files":{"LICENSE":{"checkedAt":1708590268466,"integrity":"sha512-XMak2Jpdyxqd52W8dLdmy4u4BxinqJrtvcP3uYH9wv+rc4Lus/HKFa+Ira0yMsecQwlK0Vsh3b6HJDwWQ64GQQ==","mode":438,"size":1172},"index.js":{"checkedAt":1708590268467,"integrity":"sha512-aI6zDw0o8WVBWhiIKDtHPEA9I7oJqtHE/vlIDXAJozUmSMTCt6oqrab6CEI84YHpgVeqx4JaKQ90Q06oRI8fWw==","mode":438,"size":2610},"codes.json":{"checkedAt":1708590268467,"integrity":"sha512-s2xuaVImLfWFVXsIoBKSrtOsR0Y0yUnahFfPmdcLIQYEx14RrsW++FCyDweD5sEo1fRRP0+SxxeRdSxgEcSi0g==","mode":438,"size":1789},"package.json":{"checkedAt":1708590268468,"integrity":"sha512-i69KB3WG78Vxs7MsZN/eiioK607OqR4Bb/luQAUcDeTmwJzbjAcRonMadxINms6sC/IHfQ4U4ohT/vkNUSq2IA==","mode":438,"size":1440},"HISTORY.md":{"checkedAt":1708590268469,"integrity":"sha512-evOAvtlhUSD2nvWxt37Dsv0oe6JL0u509kyl9xWDXG9pMWVXDadVKf+rgnUNcRXfm4ThDX/ZWQY6l0tt2Rk9DQ==","mode":438,"size":1546},"README.md":{"checkedAt":1708590268469,"integrity":"sha512-6htWAGbWYEc84F2qlLpm84Mp2B1EPyOh2Y+2NmrA8Rs1H6CPhIsasqZ468NDItL/zJGORKyGF1XiQ3te41cNbw==","mode":438,"size":3559}}}