{"files":{"package.json":{"checkedAt":1708590273989,"integrity":"sha512-euyv1wm14AURwczIz6y83isQ4cDVqhZKPDgtLYKv6cZAsLYG3DyEwa7FsjtDSZr9c//HhBgQxQKPPUhKBpTUCg==","mode":420,"size":952},"README.md":{"checkedAt":1708590273990,"integrity":"sha512-oK7pW8akWIocPX7hXlGOzMzVDoKMMcbsXT99mcLuV4/X408SziOKHtPZqOFV94aQCKv/NEPLAe67UTnrL0gNAQ==","mode":420,"size":1441},"LICENSE":{"checkedAt":1708590273991,"integrity":"sha512-fTMeZSrnS8H8ycHMTHGcnkQCpH27fH17AtOZmJju6WW7yrw3rbkc4CpJ44sNf4uJiHSaRBbi2En56XwxDuFoyg==","mode":420,"size":1086},"index.js":{"checkedAt":1708590273992,"integrity":"sha512-ad/e1/Nvxjj7nJISTurYTggwZ7Nplyn9dEykUR37iO7Z8CXGiDGEanKkUkVYxo+ROHIyKOBvBo0C8QqyHU26SQ==","mode":420,"size":562}}}