{"files":{"package.json":{"checkedAt":1708590291399,"integrity":"sha512-i7j43nGrbBaPP1+mm4Qf2KY6pnFORdiUeuWjNYSgu3DDJrb+dEv+seGbk38FsN/UUo2QZYWxadvBOTZXJE1JIg==","mode":420,"size":1340},"index.js":{"checkedAt":1708590291400,"integrity":"sha512-qRueEn+TFLZh2de+UiCuNbY3rSJ7F0MsTZ7ojTtAc1r9Uv6RybbOIFeqOQizkNsDX5Q41clvXKMrfcuEdpo1ZQ==","mode":420,"size":6788},"lib/errname.js":{"checkedAt":1708590291401,"integrity":"sha512-ZUGqR3vMrlGjGkeQFzhZSlPFYcuWBp2g9Nz6zxsVqy6LKFDNGT582xvnYUvqLSWPg6Jk6U6Cwh+GOJVndq43mA==","mode":420,"size":976},"lib/stdio.js":{"checkedAt":1708590291401,"integrity":"sha512-UcyejR/8QlUqqW3G6sE9c1md72VnR/KNgFefLg/9rIsBygWBQB243heAvGDD0fe6KkVYGBHc/GWMPnoriS+yUQ==","mode":420,"size":891},"license":{"checkedAt":1708590291402,"integrity":"sha512-nIst73auX/5NY2Fmv5Y116vWnNrEv4GaIUX3lpZG05rpXJY2S8EX+fpUS5hRjClCM0VdT2Za9DDHXXB5jdSrEw==","mode":420,"size":1109},"readme.md":{"checkedAt":1708590291402,"integrity":"sha512-M6SoKv9R8WODqSgqphkCsYXdfLzkFoiFIPyzpe122Ic6GOHsb5UbE1Ip6R/a50l/bAObVaQQuFYzMdu2Z3YHuA==","mode":420,"size":7241}}}