{"files":{"package.json":{"checkedAt":1708590265850,"integrity":"sha512-5Uu7hJNopTxiC2XQ5KhHhp3qj7t2fzVZMV2eAxwR8j30rJ10a3iDyvP2k8dI4bnJD4eJUZiR7ReTmTQc1J3K4g==","mode":438,"size":434},"LICENSE":{"checkedAt":1708590265851,"integrity":"sha512-3R6QsLnIUfPM1fyU9pcjx4d/iS3NCcNXjOcQa4zaR2iFSpSGI+y50lYVMTP+JE9M9hpBO+sFFr77iI080iPXew==","mode":438,"size":1157},"index.js":{"checkedAt":1708590265852,"integrity":"sha512-++tUUnTlXw36zoQHpWOHgIPo0u3BYyCjGALntMHb9tN/ILdyx0NssYEK21JO+GszeLa3ajXglntsrlg0DFjUrQ==","mode":438,"size":1362},"Readme.md":{"checkedAt":1708590265853,"integrity":"sha512-oJnDBbkSECP+wXhGDSLRmq2N33+yCj8IRhrK80bqoNQHO8BSw464/ZygFVLwnRtY86Chknj2l/5fUFRz4pZMzQ==","mode":438,"size":707}}}