{"files":{"package.json":{"checkedAt":1708590290796,"integrity":"sha512-iId96zskiCJXnOUvsdF1pBIA39AhnRwL7KXg+wIHdvF9zfuiIZLs8E+QDqOi2u7Nv6jFNcAoIk/Lws//fh3lag==","mode":420,"size":869},"index.js":{"checkedAt":1708590290796,"integrity":"sha512-40CopqvWhlQ122Pi0GqBvmcx2nv8ChrkxhgBFRRBLWuiwUpYxSmxG/e6kVtg0Ng4NHyR3yqt1bXS2VIB8tXL8A==","mode":420,"size":2404},"license":{"checkedAt":1708590290797,"integrity":"sha512-nIst73auX/5NY2Fmv5Y116vWnNrEv4GaIUX3lpZG05rpXJY2S8EX+fpUS5hRjClCM0VdT2Za9DDHXXB5jdSrEw==","mode":420,"size":1109},"readme.md":{"checkedAt":1708590290798,"integrity":"sha512-uGBpqd6DLqD7F8dJeShZqzyr25BRXtAn4KW9Ocf+sJ+BYdR6T5VPtxDrxGYsqi1EswItqdzbNXhHU5RBFIUNhA==","mode":420,"size":1475}}}