{"files":{"LICENSE":{"checkedAt":1708590263244,"integrity":"sha512-q81fBS1PKl5DbaX2NixO2/t8TBL6eGgBgQiAg1Z6BSoaTloJV/Fz8/jcctDt5urG9vCbaZKzdJ2BjhVxkNcYHA==","mode":420,"size":1080},"aws4.js":{"checkedAt":1708590263245,"integrity":"sha512-b/gc0gBnRbGhEGbaYmf3BCL37pgJLLmnY7hfUEJezxo8g9fZaiywzGVP4KPV+qIy1WcVg3rd5LMZc5XL+MiWtQ==","mode":420,"size":12572},"lru.js":{"checkedAt":1708590263246,"integrity":"sha512-YJpgg3cJxv4QjUkxoXRoXQjCvJFf3NR28tvBWB2vGgqOeNVXE8x9Em8MSsX8h7HRPv9vi2tDv619KowWiImpAw==","mode":420,"size":1914},"package.json":{"checkedAt":1708590263247,"integrity":"sha512-gnaFytZ0LqslzU/2T5iYssVf8qSgP/RHDEXe81GAoq3RnkBYuBohEtZUYyHkQnXZuOgNEx6mf5mmBaJMKAexVQ==","mode":420,"size":462},"README.md":{"checkedAt":1708590263248,"integrity":"sha512-lzeGzQWm1OKHhlGvcs3xljepGqp8WLgsSwHPUTQrqLkOxkbH7q0Ob8PMP1rs/lKA/fkwes4DFHStV/H59MBUhQ==","mode":420,"size":7336},".travis.yml":{"checkedAt":1708590263249,"integrity":"sha512-OXC7DjbhmiE4lKxHSF+CpHkJv4M6g2PWdIeOHzlIuKEECBwSrHSVYSy5Duh8y6K2Ps/E+FItNyO8LheCKYvNHA==","mode":420,"size":91},".github/FUNDING.yml":{"checkedAt":1708590263250,"integrity":"sha512-6DaO6YQ43zIhujx/RyGVkmv4psV8GmHXk0bYiuETkYHEtklM3yfzzd254pasBY+jdS7XWZtKOfkWKQe9x6nysA==","mode":420,"size":61}}}