{"files":{"package.json":{"checkedAt":1708590286484,"integrity":"sha512-UwEqkgl7DBwfLWeTzUqVoNYiYkF/QEdP46xumwLESl/hLwEshONoz4Qj+2rAppm5QU2eAzzHrjUftvYkC0jTmg==","mode":420,"size":2373},"changelog.md":{"checkedAt":1708590286485,"integrity":"sha512-P1WEMCcmaMCF9M2gwEwz007yrXfdc58fVghryWV/tcnLQmDHy3mNxVr2ADkRHJXWJdYQdGReDa3QnSRPoMgD6Q==","mode":420,"size":589},"index.js":{"checkedAt":1708590286486,"integrity":"sha512-doaCib3Wa4NtcKHgWPO8at7EO5zdJGctKupm1RyE+GIaXjdJ+2b6SGaP7kpRyVUNN1zeAW7ap4fJSG29fkmXIQ==","mode":420,"size":8172},"LICENSE":{"checkedAt":1708590286487,"integrity":"sha512-IWoaw2rNySm6PLN4i/XDKs07noaIUnbECrAxwPBdCPY15HJEJu48w05F9usVXOf74Q5yGArE20iy3RdJVeLivQ==","mode":420,"size":1088},"README.md":{"checkedAt":1708590286487,"integrity":"sha512-K/ykqlvuLBI8kTYJLuTMBV91jQiDj+Qmi2vgiDgBDkzdvqfehFh3ojc7oujXZhLFtrqvz6dNdzzE/mnVVDU31A==","mode":420,"size":12586},"lib/.DS_Store":{"checkedAt":1708590286488,"integrity":"sha512-WJQSFKgzQzHlIRSquFH8PY1dpd0UmD+TPahzXCSw3crBNOjxNpJVMZnE2aFKSzGItih4owudaW7doSBGZrYINw==","mode":420,"size":6148},"lib/compilers.js":{"checkedAt":1708590286488,"integrity":"sha512-JYxFYrRb6kviGkCqjqp+R/1EFNnqJ3kx1stwA2KscY7LcyPMK2BdxBYOtTUpnTrGUiD26LUarNRSHtkhgTodxQ==","mode":420,"size":4001},"lib/extglob.js":{"checkedAt":1708590286489,"integrity":"sha512-1N7tS2wyH4bb3K+YrtbxbFdpomvNCjmo+9NvabUQmbqS44eyqdRZADZpwR1rBoqKVOlhyFWBOumNoLY1JYyWGw==","mode":420,"size":1735},"lib/parsers.js":{"checkedAt":1708590286490,"integrity":"sha512-onJ1zBN7z2krSjwpsBaZ6oBkFgxqOslNfigCF3bTvB7bHF57cxjTHxO7tuCmU5OdkRowUfrPYsObS2lMSYktuQ==","mode":420,"size":3172},"lib/utils.js":{"checkedAt":1708590286490,"integrity":"sha512-trsk6MjV6XLvzIzB3UGQ1XyaKkhiT97CtjWo1+BN6aSi4q0O6/7GTW7SPTTIBMT5NQrONqtbh93EMlJ8RcvkOA==","mode":420,"size":1274}}}