{"files":{".eslintrc":{"checkedAt":1708590267272,"integrity":"sha512-4+yheARSL/pPQeg25245ejEKIOgmGjgRW2fotkREQVMDnQQZj7Rw9FvimX0senKxW9R3GgLHQbPLwHLqbvQy6Q==","mode":420,"size":43},".nycrc":{"checkedAt":1708590267272,"integrity":"sha512-42sgwWzusJB1Dzhl78jX/Zg65Oi0HDDMOGXS/Uklv1kCYn4fHtRsD/JFPwdu+d40vome9XdUspzRWEQAcTGEeQ==","mode":420,"size":216},"LICENSE":{"checkedAt":1708590267273,"integrity":"sha512-BnoJcv9kJwR3xmFye4OSyYx52JuiWUfoAzjouUfO/Eke87mI1a6IrEi6iKFxxywe6SikoxxCkbElKtYu/MZq5g==","mode":420,"size":1067},"test/shams/core-js.js":{"checkedAt":1708590267274,"integrity":"sha512-oFiA+9rrdxXyMRWidqQI8xiWud6z4Xxst0I/xc31jjz2g+aPIaidFhapnvOl9x7HWx48b7hBV3FUbps9Y3OM/Q==","mode":420,"size":935},"test/shams/get-own-property-symbols.js":{"checkedAt":1708590267274,"integrity":"sha512-ro0JBB+vGqXKpa/P5RWJ/rflErX3WfRlHqAVbd0aJbeLfdu+a9dfI1NA5ijtoNyZbuG7o0N6/wy4xzsl5o8O+Q==","mode":420,"size":828},"index.js":{"checkedAt":1708590267275,"integrity":"sha512-cqERo/JVTudvI0KNgF6U+4lLluna4qh1dAAfTQEjP9Uu4YlKGUicagNRJh6dNu1I8CRyTBHEzF0udQnHfoee6A==","mode":420,"size":196},"test/index.js":{"checkedAt":1708590267276,"integrity":"sha512-hlDzK749trspv8RhSqIeZtekOxUIYjsuNuU7WjF9SsLMKXNxJxmKncODSYcgY86opAIpM9bWNZpm2hDfY28pEA==","mode":420,"size":679},"shams.js":{"checkedAt":1708590267277,"integrity":"sha512-v50ui84euo91MdGcyUksOpGjpshB7iKpNF4McAyT5kOnAMFOURoKoxQjePGwTR5dNSiuUZ+yT7SHxnCjAVwzKg==","mode":420,"size":189},"test/tests.js":{"checkedAt":1708590267278,"integrity":"sha512-EBUJu1TxfbXc+90TE8MikBH8LxXgXzQtvIzAiCPyy39RvYYtOCCPDXTh7BrdLZRFA4bzJ5SbqXIrNXZvWiRHxQ==","mode":420,"size":532},"package.json":{"checkedAt":1708590267279,"integrity":"sha512-fOT82Rp+tDhIPjFIqguTVvYQ5I6pEoJEIYf8c/Do8rlcfp19mbkPnNMyg8VJMkysBRtHKhHQl4a4NjZxdFnLGA==","mode":420,"size":2838},"tsconfig.json":{"checkedAt":1708590267280,"integrity":"sha512-fhkjfkbPLnfq20TKZOoXOkjIPPuE+hzfq9Hcppm/qudNdJs5twWkreSvBf0M/I1lY+fB0LhtqxHQG2A40N1UHA==","mode":420,"size":3611},"CHANGELOG.md":{"checkedAt":1708590267280,"integrity":"sha512-DGHfosnkw5aFLHZjQ2CRHhHSTkjoe/2gEmvAlKcOIAzqY1boAwOZt170hsEWuYTaSiiMaQyi7LfU3ah3ounvQw==","mode":420,"size":3543},"README.md":{"checkedAt":1708590267281,"integrity":"sha512-Qpb8Y/z240UT73xmTslcaxzwhj5EV5OhXmRQ9VlRVN2kdlIgFtD3FO9Mx/Dc2EZr+O6JJlrpAgvlGZETxRuz3Q==","mode":420,"size":2190},"index.d.ts":{"checkedAt":1708590267282,"integrity":"sha512-khh26N2c2l9malCQDaRgu1QI4NjYG8nmBp4pNXhEGdW6zYffDcSjW7boa5BzsgXtJYWZBsuGfMoBkMapGVQuhQ==","mode":420,"size":70},"shams.d.ts":{"checkedAt":1708590267283,"integrity":"sha512-vxOtOYxe3uZw36jQXUdGgRy3BKoTs9/AYtUW77bHmiiMvTtG7Gy11hXnWMkba6n3IDSVp6ptbQOe2X8lVSLG/Q==","mode":420,"size":80},".github/FUNDING.yml":{"checkedAt":1708590267284,"integrity":"sha512-oOqrSeS0Cv6GP65vmllhqPcM3eOepd30glCPYcPrUmONolfrENlGhHW9FquGuk212rzg7sIWnsPsSBG2lFH8oA==","mode":420,"size":586}}}