{"files":{".editorconfig":{"checkedAt":1708590267979,"integrity":"sha512-T/4GZRAixFtpM5jiFne1+ZO5WYsiwNqy16+ISq7ZB6a8IEU1Ri5AY/Z/SWlGa2OEm04lAH9pKOOnBGBWRovXYA==","mode":420,"size":569},".eslintrc":{"checkedAt":1708590267979,"integrity":"sha512-/c796HqhRy0CfKwgrdhSYMTwn+1cV2ryZs4I2fQ3pfyf1J3VMSLTmeTH4hvI8L7spmNcP7QB2BaD1m1JXtonPQ==","mode":420,"size":1026},".nycrc":{"checkedAt":1708590267980,"integrity":"sha512-wRWNfuCzyGaL0jcL+DSbPh36vDFUiqoLFkk8Ul/P1AeSVOwHv7tNb+Hst4AWeaP8kxhCinlTs8JhyHM3BT2Ztg==","mode":420,"size":216},"test/empty-keys-cases.js":{"checkedAt":1708590267980,"integrity":"sha512-hWISFp/CvZ7w/lkrY4YKCm4xG/fLJgaqk0slpzOtOJrF7vvbPhzpn+mwEIhlueArAMdGvIYSzLgcJCZOGHnJlw==","mode":420,"size":3379},"lib/formats.js":{"checkedAt":1708590267981,"integrity":"sha512-OcHHLclFNqz/Rjviob99wosOMew3erp28OyGiR7kypS0168aqmU+UA2eH45GU48691Rpw6pC7TnrIdGnCAwMFw==","mode":420,"size":476},"lib/index.js":{"checkedAt":1708590267981,"integrity":"sha512-UDZdA1gOXbn9B/0Hccy3AuWxgXPnIAyj6MeSytulcfbt1bbMEkWClidxQ8PGPNOtres8jcoUCmoYxSWxB8rmag==","mode":420,"size":211},"lib/parse.js":{"checkedAt":1708590267982,"integrity":"sha512-e3XQ/R2DN7PecM4edsP4wDkIWwJrIZ/V5FLqvCkBIb8K+2HhRuInNLvIT2Tz9HzECeueCGr9jf/+j1N5bQV9pw==","mode":420,"size":9398},"test/parse.js":{"checkedAt":1708590267983,"integrity":"sha512-xhL5CYo9Lmc0zlWjMJEamP5c2fu/fdDLZeghFM21pi0iQbaVembepnJOiBG+r5GPOm5LnH2u+RF0MhnIm3Fy7A==","mode":420,"size":37644},"dist/qs.js":{"checkedAt":1708590267984,"integrity":"sha512-xjPY2pO1GsrSGApvDELRMdGhJt/kTYnBbfR7VPLh/xgyJdN1gCZkz8Ru93f/rFN6Es48vhLU2RiZPylvRrieXg==","mode":420,"size":69923},"lib/stringify.js":{"checkedAt":1708590267985,"integrity":"sha512-Hz1RyNc36C/AimvYqAdpNKy4afU65rFvyNR55WtEymu4ahwVMtxtYrnEjpiioGvtoctS2M+oddOxO2HPhhLHxg==","mode":420,"size":9950},"test/stringify.js":{"checkedAt":1708590267986,"integrity":"sha512-3sSAvCTJ+KN3e7rviFIMMkjjEeCgS8oEJgCPxMh4vi4EbqkOEDFLdd4FQm2IKpyx60DuYBHQGCbv3IMRgi/7eA==","mode":420,"size":39847},"lib/utils.js":{"checkedAt":1708590267987,"integrity":"sha512-iibtlTA3gZUxNykFTLiwY7SWthdpqWrlAzk0mtRgGcgYbF9kJvwuyBhNIu+nzPVG0RJKm2Rn1X7ZkBni6d1L1g==","mode":420,"size":6823},"test/utils.js":{"checkedAt":1708590267988,"integrity":"sha512-R8dXW1KSce4RjrJ1D06jyQRd3a/oF3Ut3NYY9F/I4rJihRf1w+wh2PYRf6QkhzAgWx7uxV+1h8lIqcT2rkvxog==","mode":420,"size":5112},"package.json":{"checkedAt":1708590267989,"integrity":"sha512-ouBPLAzh8hnRq4uKlHV4LvGb7tKN1t93iCYf+ZKp+hge4j+F68Zat8DRbZ5D474VUnBzy+Iwcz0CQIRvGYo7OQ==","mode":420,"size":2440},"CHANGELOG.md":{"checkedAt":1708590267991,"integrity":"sha512-dZy2Tu9FOS6YUwaMD9L0PioTHTdu5jmctA35FPNALLQJRz/CwW96Rh+ZWbcrzk51JDNdTwoZzDIG1tR/4CRe0A==","mode":420,"size":30230},"LICENSE.md":{"checkedAt":1708590267992,"integrity":"sha512-ws1xNdJWTK1MR8J+u0YjLEp7hwBhsTSWvUQ5BLWe8A32LtaBkY0LnbVEXVTKrrMC6R+yTdUIR9dcbwpINA+Djw==","mode":420,"size":1600},"README.md":{"checkedAt":1708590267993,"integrity":"sha512-QIH6uXE9d2lGeYuiXc6XVXHBG7vr2YiBRsOsswfeCWZ3i/cnaK32NoajySpr+zb9BTB3P9bUoEm/Ms06q4NhVw==","mode":420,"size":21740},".github/FUNDING.yml":{"checkedAt":1708590267994,"integrity":"sha512-tXO9jRSSF4NXCoZ08c2b/IQDCBYFNnlHpjqDabIG2ApCM2azI4Jd3DbgeTi9Pl9xDEUxpFIG0zH2MasyvLbuWQ==","mode":420,"size":548}}}