{"files":{"package.json":{"checkedAt":1708590283853,"integrity":"sha512-i9pjDHxlSmUa1F/avqhPmUgC9qCIAF5baM6Y1YznW1eiENBjS/Od8qlIY0Uwcf/ZaTHYzvW14tkmxTfqLK8PQQ==","mode":420,"size":1398},"index.js":{"checkedAt":1708590283854,"integrity":"sha512-jyNZjGuRjUnMCf38nB1ngM21gK39unx01TY95yFnqith1CVbycVnzW4KwES98g08K3AwUBXxig7aZLRgRJaLUw==","mode":420,"size":700},"LICENSE":{"checkedAt":1708590283854,"integrity":"sha512-LFPXLgwkk2bige/rx7SY66Jkd44jJMxMWCpwPknCZF+OJ8NGxI7SWqC6kmV8vWQBSd+gfmN4wpDXFed3Qj+9Vw==","mode":420,"size":1087},"README.md":{"checkedAt":1708590283855,"integrity":"sha512-uP9R9y1l4/wYyt/Dm2h4yR06dI2vrQG+bhQzLH+KZkdTcZURMZPY2T1VDPctHDxV29/fMoYEt4YBP5bFE+XWeQ==","mode":420,"size":3650}}}