{"files":{"package.json":{"checkedAt":1708590263873,"integrity":"sha512-fmML1IXN2rb4+gSufUnQvUecLF7syxKJygYEANuy4Kjjo5se7/rFCVHfsRSgJU9yYi46GUoJnztep5KzWKNNGg==","mode":420,"size":1822},".npmignore":{"checkedAt":1708590263874,"integrity":"sha512-THbfCQNISdshAy+PxsmW/lHhS+UvqHYK9UQP4mUtf+9fVf6QuMhyIbAuULcpruP0ovI71Bm9ikoKmUJeAFOp4A==","mode":420,"size":38},"README.md":{"checkedAt":1708590263875,"integrity":"sha512-pYIyQm0RDe9CoBPdVjYvf4lW/efN9MIXyOgQTdhIqo5l88UuVcnKF45E5fPytI2/PmSunO1jNf/r+qjTgw4Rww==","mode":420,"size":13166},"LICENSE":{"checkedAt":1708590263876,"integrity":"sha512-bbYQgQ8bIqIe8he0tqznjdWk9Ce+Pmk0pXcLZNAZwGmUWepDO3EX6VWqw/7qAr1wP7ookqeWHieywN6Fn2jX1w==","mode":420,"size":1210},"nacl-fast.js":{"checkedAt":1708590263877,"integrity":"sha512-rOn1rRDsU1EzZGe0tJUCS2PDtJUREMHvuRNj4Enbig/HhztFYUC5Q8lOVlJ9+3lEE6iA3kODnmdBF6cR86kY5g==","mode":420,"size":62257},"nacl-fast.min.js":{"checkedAt":1708590263878,"integrity":"sha512-dtbB+udCRPJ2NqCWeT0J+5E+9951S775n57yMRDuUp9rhqGzpfN/RSXwMHSbf2sw1CvjJoY0GcvCFwXOXf2vYw==","mode":420,"size":32621},"nacl.js":{"checkedAt":1708590263880,"integrity":"sha512-uURODz6wCma30wyZKSb7WCQQvCmfS9I2Fl2DaMDqqDep73P7M43t/tnMzX6mcvmzH7Y3E1zt7hUXaCceGH5ofg==","mode":420,"size":32948},"nacl.min.js":{"checkedAt":1708590263881,"integrity":"sha512-mi0BbO6cxfaEPz3urmgLTmIxSNTu64XKSGw/R24enittE6CuQTCSRBby9TaGj0Dw8jXaVfr7MtIF4O2/2WXA1w==","mode":420,"size":19089},"PULL_REQUEST_TEMPLATE.md":{"checkedAt":1708590263882,"integrity":"sha512-Ng4FyNQHuoAal8cAXf0vhoPLxKilQOZAdPcFqhKQVhzcxR64cmxnv2Y0ARzE7Bbq2uVEKWneG7pC2erkZgB4gw==","mode":420,"size":1040},"nacl.d.ts":{"checkedAt":1708590263883,"integrity":"sha512-Iuz0+3eFZp9nfWHAQ/tLjgghT9Z5FGxpAjHwHZGBS2lvbyJvg4YNstjCFAsi8brnB3iaDwHRNOzw6nN4DNj1Fw==","mode":420,"size":3076},"AUTHORS.md":{"checkedAt":1708590263884,"integrity":"sha512-u9hydbQdUpMzrXcZdIoJJkztw5Pg8N/ALAPcGbY30c5A8eQ3xEtosBP4JYLUw1qryOqUVcTY+AbTP2hMXc2qPg==","mode":420,"size":875},"CHANGELOG.md":{"checkedAt":1708590263885,"integrity":"sha512-wBCsZT4a6RWwe534TcuQgYX0qHPiqaYstDSeY9DRV/qq/ZyWlwxhmRcWVredpL4V8agHhmTUQF2YoOdeUJbGOw==","mode":420,"size":5904}}}