{"files":{"package.json":{"checkedAt":1708590282166,"integrity":"sha512-wwIc6DhBXCUz2oa+M1ovG4pNp0+5JpE9MpsG5+mMrk5JfZ9tq2rIU/YGdKFWYJKBudgEjDiKECvEC7i6tF1u9Q==","mode":420,"size":1224},"README.md":{"checkedAt":1708590282167,"integrity":"sha512-iA4AWE6Y8BA7HAZqWDfhAXAwA6uup4apdV3HkYNE6uCSWDaLKkvV4XQ2HN0mKXzMLr2gPBbcrnz8v+B1raXMXg==","mode":448,"size":4021},"LICENSE":{"checkedAt":1708590282167,"integrity":"sha512-lq7/KIS38aMUNN18NX4BP1tRi9ozEmtIXAwCCZTt5964lyrKnjs3PwB73ws2p7415zW1Y4DxV6wKHIE+Ggn+cg==","mode":448,"size":1087},"index.js":{"checkedAt":1708590282168,"integrity":"sha512-Aqf3mTDTrWQP7IpADtwdns6IHSRoDlgdjJigX/I9v7jBSvlKqyz8SNiEghwWwELEf+cl6WF8yNG+5b3RtE/txQ==","mode":420,"size":829}}}