{"files":{"package.json":{"checkedAt":1708590283278,"integrity":"sha512-Fgj98hFgl44qYmGc/GTnGZOT4SSUZHAsfCZTBj+IMjA+3hLK4YSoeLZ2mo2C3cnBmBysLVOmdoHtboq2GtATcA==","mode":420,"size":940},"README.md":{"checkedAt":1708590283278,"integrity":"sha512-dw068oNU4VJ2aXG9ExOYdw7diT/8ulJreieGucDLPH7mTOisgxAYBx+3mqoSlQROJGA6l4xcNes2IMBCtSGXAA==","mode":420,"size":2379},"LICENSE":{"checkedAt":1708590283279,"integrity":"sha512-2eVpaWWblebySBv3/YmNPMgLvykCK0Eyd2ktxgsreGgVSiqG+nwQUClBHqVSZQArIIjd53QJfovW+qFqQnVEBQ==","mode":420,"size":1088},"index.js":{"checkedAt":1708590283280,"integrity":"sha512-w9F43zi406wHdy4FK/LEOh1B2LMRw+BB/5qsLMP/5enYtQRmd3hSt4J9wT4Im2y9+oZTvIViZqNoW+I7fSOKkg==","mode":420,"size":663}}}