{"files":{"package.json":{"checkedAt":1708590290369,"integrity":"sha512-eCaQqDYtLmVX6/7QSFSUix/9TFB/IZ73NHXWlvij+WgACH/bJmp092qQDRWxRsXuRzTuYfg4IWAFfYZULzpSvA==","mode":420,"size":563},"index.js":{"checkedAt":1708590290370,"integrity":"sha512-xTr6DvI5Rgtao/kScnPemg2uSr4xwvzFUh7D3nQb0CLZo+dZeToDLMGdQ/0oznt1fTTspcmrs48XRd3ek8tIbQ==","mode":420,"size":147},"readme.md":{"checkedAt":1708590290370,"integrity":"sha512-2BQRyUgjVCF3BXEJCPPNQ8E7QcPO89taZA6pPwXMJYF9UvJn6ypsKiKbChYJq9JbLu0u3kfvhOR51zDY2ag9Lg==","mode":420,"size":477}}}