{"files":{"CHANGELOG.md":{"checkedAt":1708590274282,"integrity":"sha512-ZaJXddxfy+dkxABhyrliCu7ML1iwd8nW76QM6lP03sDlfzE0a4k2kKbfRbxRuJa372lqyenlMxh9BHNtUfKSlg==","mode":420,"size":38238},"LICENSE":{"checkedAt":1708590274283,"integrity":"sha512-dxH1Fxv7c6oP/NAcrkWM1ueFva9L3LeLYDWSYGQ46kfoUk1ID9hi07pA6i9tqr0DVgpuxlDnmCjZCnG0xpoS0Q==","mode":420,"size":1086},"README.md":{"checkedAt":1708590274284,"integrity":"sha512-6VOSkH+hf/DHMsWO6WEW+/4bx8ggaCXYoHEQG51Kk1f5kQkvUE03kWtGjdqg/Ock3Ap/p5g4vKOwrgA+tIKVrg==","mode":420,"size":412},"bin/babel-parser.js":{"checkedAt":1708590274285,"integrity":"sha512-tL8p2Q+Wqsm7kTXvhm6n8kQ4ATUUf9U53/y681YyYPrNKv/PS5Y6OFEpjFZEG/9iq5sySid7nrRpDuu/1VWojg==","mode":493,"size":328},"index.cjs":{"checkedAt":1708590274286,"integrity":"sha512-iYgQs72+2wnweTgzVLJHLaUie3Vm3gqrLwabwZwYGOHWWDvsr0PJDhuUHL83JiszOYKfemyRouR8I7lFq52KIw==","mode":420,"size":111},"lib/index.js":{"checkedAt":1708590274288,"integrity":"sha512-PleZL4O9YxLF88KEo/dyfiHCGxeW9wD2QhqTLI0v578AcoH9DavHituZXcHN8IjmROYsotHPcbg3YytTlgj2Dg==","mode":420,"size":484455},"lib/index.js.map":{"checkedAt":1708590274292,"integrity":"sha512-ZDrMaVWysQfoommX56//9LlVBZSOJF7V+XruUyjfUX3WOlrJ75n21aDrU8b2fbQPjapHDwOFYYgvQPmZe/K9fw==","mode":420,"size":1348924},"package.json":{"checkedAt":1708590274292,"integrity":"sha512-RdtYZYf+l8Vucemm7s5uDRkflMQLh590P/1zyKoTUKu7ldASpb/Jxr7D+H+/oNI4YmQZ9edQWdrBxgN9qoyDLg==","mode":420,"size":1198},"typings/babel-parser.d.ts":{"checkedAt":1708590274294,"integrity":"sha512-WpPAYqDg9uJxcLSOZ2a2eU3dkiINs8cMkhIMkbxArXKvB9AM7QfRcTTvPXANx4prf49h/0jpO6nGBrqcwhC2rg==","mode":420,"size":7547}}}