{"files":{"package.json":{"checkedAt":1708590287390,"integrity":"sha512-V2cg01ZRCjVZ0fwNAz03TkH+A0BpsgBVZEQsnfWqCMdhVciJ7nGshTM3kPZp/pdKjGoT/NEn3DxDUCpj0/W8cA==","mode":420,"size":1412},"index.js":{"checkedAt":1708590287391,"integrity":"sha512-4CORni4xw3m3GVvNk2KW8lsXzeuoZl5BLXp94fGTIvxTVlibOw5l7hjow73JM7PLDkQmwOjZ5xP2ewRfNORQrA==","mode":420,"size":824},"LICENSE":{"checkedAt":1708590287391,"integrity":"sha512-kFcgZWk+6JZB3qUk4pRdcFlVfa51PMgDX3jMGcbwcFvVHkALvkHXpH7qXKubnDQ9Bo0c71R2aLSsGVWr2PTEjg==","mode":420,"size":1088},"README.md":{"checkedAt":1708590287392,"integrity":"sha512-xKTB8hKALmTAVW7qYA1Z/zvEQ/7CC7gG4zohVQ7nAZW/INEtnfNuqR/Xt+eUTIntyQiL1AqVd+rho5SjNEmdEQ==","mode":420,"size":4639}}}