{"files":{"package.json":{"checkedAt":1708590264556,"integrity":"sha512-AZddZbxJHQs5Q115OmK826a17fT7iG3g5IqKOT4m/fMb37T5HdfhC6aaHmLtCR1eoE+fi/V9eEw0kaXFyEcpiA==","mode":420,"size":705},"index.js":{"checkedAt":1708590264558,"integrity":"sha512-JSZEFpqTmFJ5J7aaLxnGV4vWLc0YC5SYTZkZOfU79Od8pofoQNtC99ujs3EkpePz7ag1NedUkbvmykQKcUmRPw==","mode":420,"size":3023},"license.md":{"checkedAt":1708590264560,"integrity":"sha512-K+we+03Fn6Q2w4obRbPb1Uo2hGC8u7PZeRtlJ1tdw8caTFS+RY9MdHYdzLiJfvqrRt9aQHcj2lxI89sC1VXVuQ==","mode":420,"size":1077},"readme.md":{"checkedAt":1708590264561,"integrity":"sha512-rR6XpmZ3khaEc1PEFEjQ+eWyBIIQmf9IKnTxTzCNZPW1L/np4lBGDbjtUvGvHspsa3pFGXYhTDpl7sU5McCOxg==","mode":420,"size":2037}}}