{"files":{"package.json":{"checkedAt":1708590284917,"integrity":"sha512-CzAe6SUCr8MwsPK/yUQvXypZ65ZYR+8KdJvk+GStcjxSMP1taJr4KM3I3pMn/mIPA+4evS+v+CztY770Yaqf4g==","mode":420,"size":1477},"README.md":{"checkedAt":1708590284918,"integrity":"sha512-1mKqNLBRrdrarhTovJw2PKBh0t5aepJFXQNTYxxrnm+Bbtm76gKPEdZZx2A3q/WHEpve+n8MEJj0Bj2RuREO3w==","mode":420,"size":3564},"LICENSE":{"checkedAt":1708590284919,"integrity":"sha512-CnFEd+zu5cIdcJwcKPQ82LYbZN4zpDGBC4DxyXXSoxyA6Nq6K9d6CCYXQdosU9Fq96xELj21N/ZtmeEGcqlDPw==","mode":420,"size":1088},"index.js":{"checkedAt":1708590284919,"integrity":"sha512-0IoQfQ4p5upRNA2r9msUqNOwAALwyD7gj/fO+M/xe9Hm0SB2x0NhjKWzzBEthqJ5LwMAltm5GfhOL4tOy9iDHQ==","mode":420,"size":527}}}