{"files":{"LICENSE":{"checkedAt":1708590263163,"integrity":"sha512-2Qg6Jzsp/k37D4lnXY6/5xgcAVpzuji/pHSedmeDXI5A8R9NgH27YkijNdZoMDF00BYkMq4nSoHWomxfY3IBhQ==","mode":420,"size":1172},"index.js":{"checkedAt":1708590263164,"integrity":"sha512-gopGcxBIPMG9hSxVXJZR5jygUhm29DjH/u1TyZilj+fwDjoBHPjFxnYOXrgfB1WJmDjnJIcHtBbafPMagY5Ysw==","mode":420,"size":189},"db.json":{"checkedAt":1708590263165,"integrity":"sha512-TGKaGkUjMaVWjLG+aqAO7TGuiOqPR1HFU6Il3Us6DDLv8wq229pEAS+vsJRuJa0RqR5pcUJHcdJpILJoRAk63g==","mode":420,"size":185882},"package.json":{"checkedAt":1708590263166,"integrity":"sha512-k0TD3yqLXTq/Txp76KejuIVEXRNVspTGn4VRhbwVVvF5q04thle1zMVYSUo4LbN99X36u4NXRgTCL43l9yM4CA==","mode":420,"size":1624},"HISTORY.md":{"checkedAt":1708590263167,"integrity":"sha512-XNl2BVLTAMVF3F3hgXCjoP2/t5nHDUh0CKu3iE2gmiV1ppPD/+LJcWsov0ZIimjxooQ35jDQS8wRZuboSZIydA==","mode":420,"size":12581},"README.md":{"checkedAt":1708590263167,"integrity":"sha512-e8trRj174gZozLP1qTxgubWkimJkq04nCUqMJfLuNimVgpMmIiylk+fBaeHhnWugqqSnilXGwjBG2TkagKepJw==","mode":420,"size":4091}}}