{"files":{"package.json":{"checkedAt":1708590284390,"integrity":"sha512-42ELbaUJC0WfXvmRcFzyR1y56H5hAmEuxOBdwJltiOifswhLFI4iX8NUTe9evT2B1C7rx8edGnV9b1iA7aCQtQ==","mode":420,"size":873},"README.md":{"checkedAt":1708590284391,"integrity":"sha512-Xn5tiFwF6F8dR3Fz7Jo6oVzZqDNfz6i9O1/mda1e1hGj/335LsEU/8XhP6pS+WDNRqjn75pniDKR1Ecs7ZOceA==","mode":420,"size":1920},"LICENSE":{"checkedAt":1708590284391,"integrity":"sha512-Pzk/oiavUErNJ+2Q1b5g1EPArVYQxVzQx4/walYwLVN7/eHoQhq7gKsPEb/xzHqN2Va5TjDYJGMyt4274Wkr6g==","mode":420,"size":1083},"index.js":{"checkedAt":1708590284392,"integrity":"sha512-0t8Q7yjGH4nK1ISyZlU0tccWF1OG1GaK/tvKdimwVovuxC+udstt+QM/m05Kk5swN00ZmbBCIrU09P/BkFO2KA==","mode":420,"size":586}}}