{"files":{"Jenkinsfile":{"checkedAt":1708590264097,"integrity":"sha512-Q6ZP4iJ2ozprqcyBTNORFD0YA19cbZ5ToDLkB3DqvtuBRt5VPq3bFI58VLDAklguU4PzmhptlF0QutG6PstSRg==","mode":420,"size":2408},"LICENSE":{"checkedAt":1708590264098,"integrity":"sha512-8MaOQR07d1mzD6dOo3Zj9OpJaP2469QBbJ7Lxbz32VaUHQwfgeZqu3NnbUA3kkDYKLCmrDbDree6EbYrXtFMYg==","mode":420,"size":1067},"bin/sshpk-conv":{"checkedAt":1708590264099,"integrity":"sha512-zKhjew1Bk+SXx21+LwPORtSgQeKutACzJolG71jo1GSg0JRuLpbbiGujN59YRsCTVIcO2i3ym2PypxHmU1T7qg==","mode":493,"size":5771},"bin/sshpk-sign":{"checkedAt":1708590264100,"integrity":"sha512-+rrEe2KRbN0J56FbCAiBwwcT3CEGgV8qENNAoyTQGzAmLQyLKXv4rd7daDlWOeYks1hnJgzDJl8HnMr8hxfouw==","mode":493,"size":4011},"bin/sshpk-verify":{"checkedAt":1708590264102,"integrity":"sha512-uf0CmmqCl+gy5DD3I5Vponlq6j/dW5OIMBjxjpbQOn26XdX7jv67n3YxQE7VK/BIcApPW6kGMu69mRhH/E1EXQ==","mode":493,"size":3553},"man/man1/sshpk-conv.1":{"checkedAt":1708590264103,"integrity":"sha512-2EMQ2Nadwj4MsUyeOiGj3tb0uDIzV3jhEr9HGEZOYypJ9m2qxpP5cYVJpApgbJsLQ2UJust75FXvUGfBzQlZ7g==","mode":420,"size":3989},"man/man1/sshpk-sign.1":{"checkedAt":1708590264104,"integrity":"sha512-lTRvDwD4zustw0Xj6ZtnmvE4l1OrNg4oUYvVwXK6f+8aUNke5dL4sd1j8wSErTzFIEBICPr9rvqSAeBx3Lx0iw==","mode":420,"size":2480},"man/man1/sshpk-verify.1":{"checkedAt":1708590264105,"integrity":"sha512-LiS/mZJLkcpJJ1c8gA9oV7C2ScCyS9v1615wVKbU7OL6r2Navq/wGjDK1e8UtUIArqXwynlQEflKVpoqDXqQpQ==","mode":420,"size":2210},"lib/algs.js":{"checkedAt":1708590264106,"integrity":"sha512-KJIwXCs47oOkZZ3mpyEumhQW6GIOkj7dwNbHXsg91ijviyW6tEa2tEczbW12Hk7qehoReOB5VEM8Do1TOUvuAg==","mode":420,"size":4866},"lib/formats/auto.js":{"checkedAt":1708590264107,"integrity":"sha512-RKwYA6QXxoLD4NR5/kc2/Xt3s9r+bvEST6HBhHd3mpe4cqksmSV0wkEZxb05Aw2icdIIiwycJj9HgSDeeqvP/w==","mode":420,"size":3434},"lib/certificate.js":{"checkedAt":1708590264108,"integrity":"sha512-tT/OVhyeCwivIMfVclr/+hQDtyjQNQscXdRI3fxzOBPTJ3XztqJe/eyn/WUVq4AgxMx1t1sPgUlaC+RTA3iaHw==","mode":420,"size":11600},"lib/dhe.js":{"checkedAt":1708590264109,"integrity":"sha512-hTQK/iUA1Nteu5pifMyZXO5Bc7yDHrk4HdZ3VqxAZERDLDhQpC0uWgtUA/fSyqkhpMhWtkPBNyTkn7313ZOQ+g==","mode":420,"size":10600},"lib/formats/dnssec.js":{"checkedAt":1708590264110,"integrity":"sha512-FcEz5hcf+rTyGIYXx0NcOSc2DzNU9vMOF95fAtJLYGk/VrfcskzT91270n37xHep9F/Hy4icQVU6xzwpXKpBog==","mode":420,"size":9193},"lib/ed-compat.js":{"checkedAt":1708590264111,"integrity":"sha512-eVGF2ggSXkIkp+avnJepqSWFiRqQL/wfgqVyQz8gg1gDYcGE6/KcRSwccRbDNeqWc1C1m7aKTJ9COQTpVCRqKA==","mode":420,"size":2335},"lib/errors.js":{"checkedAt":1708590264112,"integrity":"sha512-aKKtaEOb+ePuQr1StItDpU8FSIFWniMjL3qSXs81UlkIr+/WwLiEiwqaYQUJ2GCRVhaC+kJgBh7Fj/jW0BrC4g==","mode":420,"size":2770},"lib/fingerprint.js":{"checkedAt":1708590264113,"integrity":"sha512-penXO41GwXXTdQ4SPg5RPyigepk2aYY/Jq5OahsVQ4VU/9e7vqhIFHXXTlVUWbI88BPJewD1WWnGVClCIj2Ofw==","mode":420,"size":5530},"lib/identity.js":{"checkedAt":1708590264115,"integrity":"sha512-SIohrwEA1mfM5V9kA3RcYg49YL9ZwJBiMzV5K/x6KQiEGX2aNwHZ/LW5JeP+6NAD1epKSo1bUtRDFdsgFfIZgw==","mode":420,"size":10036},"lib/index.js":{"checkedAt":1708590264116,"integrity":"sha512-V8pYB27vFk20AP9tZJHht1DsmLjEtK/L3zgZbTXApkBzf0pW9L3DxXUD7BTD3zdLoCjgYSEFKMzfSW1NKRmzRQ==","mode":420,"size":1278},"lib/key.js":{"checkedAt":1708590264117,"integrity":"sha512-JAtZeBvP1D1AQSnlSB0J3XttLniOh8XZHAkbzqa+hjjCK9bP5DAlR3JpSROKTd4R56A+WRQipDMulxT91N6I5Q==","mode":420,"size":8117},"lib/formats/openssh-cert.js":{"checkedAt":1708590264118,"integrity":"sha512-RI0wYKield+oo62FGhoxkGYWoFOEAchkCrnwUMm9kJ5+GGqi1StCRoeOb3vkfQkshUFn8Z+y2uYnpwafkn1QBg==","mode":420,"size":8752},"lib/formats/pem.js":{"checkedAt":1708590264120,"integrity":"sha512-DikwUJPT4gQMY5VpiSAsDQVSxzySP5VmnZkrZ2PyH+r2Tx6LcA9EqZQrhN0VLE2oF9rqB3Cwl45sqJH2+2Ggzw==","mode":420,"size":7463},"lib/formats/pkcs1.js":{"checkedAt":1708590264121,"integrity":"sha512-o0yeGpJyD9TJn6N969TrKwccHTxYsMlvJ3p61oaz1jgNC7AscNcnqeC/Wz1QxWzbGEzmAhpt2uR/WvNvkpu3vQ==","mode":420,"size":9022},"lib/formats/pkcs8.js":{"checkedAt":1708590264122,"integrity":"sha512-yQgzuqePxoBE/YvnGUs+Y9Bot79Id5J7Y/LmQQxQ0OED0RggDH5k6O05YTtCaPYHU8zaAsJwBJvPNN50H2C1lw==","mode":420,"size":14844},"lib/private-key.js":{"checkedAt":1708590264123,"integrity":"sha512-8KqM7ckCqqFG5Prb9QVoNhTu9Xistk8weqm7wIiCUsbXhX1+I4h2wuQEkk3GpnmrITusRARaq4lAOlBQ3yuVRA==","mode":420,"size":6766},"lib/formats/putty.js":{"checkedAt":1708590264124,"integrity":"sha512-EqGgA+VUAivION3DZkTXlfu7oNkF7sXkeiVh3pIB04bde9khwD4AOJrrZxanOpA090gxTmtiUBdo94cb1lH+JA==","mode":420,"size":4970},"lib/formats/rfc4253.js":{"checkedAt":1708590264125,"integrity":"sha512-frKGQY7/Omj9tfL6OMjBNTFKcCvH+q4qvesCuwmBIHfN4vYHlgbsSxZeklvlfa8psXv/xcduWW/TXtbqboaV2Q==","mode":420,"size":4240},"lib/signature.js":{"checkedAt":1708590264126,"integrity":"sha512-0X1wolDiMnBzn1uCdjBcP0cM/ntNUlTuXcvG3SY4ii/0VxWuLMMeDL6Sr0BMvx94+hNJvSI6svQWW1F+2c5law==","mode":420,"size":7989},"lib/ssh-buffer.js":{"checkedAt":1708590264127,"integrity":"sha512-7QsqXcHE5NaFgwQwM55gJZFbamBeadqrO5HNUS20caw3q/ryEA08JqeGVU6dMNnEAynZu2W6TmsesCzD1hdKbA==","mode":420,"size":3877},"lib/formats/ssh-private.js":{"checkedAt":1708590264129,"integrity":"sha512-m7kxbA4qnllndzVWPjPvs11sbbxOYdhgc1tr7exT0QIcUH3LqCYHAUiivLIYqF2GDDP06Bu3rsLnFIlKIzzJFw==","mode":420,"size":6934},"lib/formats/ssh.js":{"checkedAt":1708590264130,"integrity":"sha512-3lCdqqCM67dlF2eYczY+XRfAaBlinyoQ9qG6O4upwqvyV+sK+uV+vR09vr/Chxop/OOhkrovf/ArqiT7gyd6qw==","mode":420,"size":3199},"lib/utils.js":{"checkedAt":1708590264131,"integrity":"sha512-VojxhrL/s4kASvbClxOHYJEcDjC3gvv9V0dinypea8Zd9GLZxrLKZCwvL7+zQxlrPtPqOoP1s2teGKYeSPfHsQ==","mode":420,"size":9831},"lib/formats/x509-pem.js":{"checkedAt":1708590264132,"integrity":"sha512-YCO1z/8DQ8beePSyrOc6D5ua5ZLuFQdMeY4eKnYbhLrLE96tTma+jmQhhIOUYvRk3rs3u7NHReJP/xLS/necKg==","mode":420,"size":2049},"lib/formats/x509.js":{"checkedAt":1708590264133,"integrity":"sha512-tGKanX+3ynEXaZosdnjy/kZHYX/sWQcDVjRwFpKb3zXd0Mt4IhiD4kNx2DMoestJfKrWANpv3YIIf2cKK1WwMw==","mode":420,"size":19556},"package.json":{"checkedAt":1708590264134,"integrity":"sha512-CmcMGT6flMVZZYrNvzcdqvjAtPkLnxyYRri9NCeZffeMoXtm4/JIKRuMEpr46BMfnt9+WB54Kfm/09eJ9dMPNg==","mode":420,"size":1274},"README.md":{"checkedAt":1708590264135,"integrity":"sha512-QVKxQoB7y0mLmcfxVdY4qzRLT0vKFL9QGoVhtijPljGQ4n6CkS0TOXjNy5vRWrYyI+RlbsQXT2vDbKGHsZZTQQ==","mode":420,"size":24643},".travis.yml":{"checkedAt":1708590264136,"integrity":"sha512-h9uE1DO3OS/dMQmFsyeju5BJSBIkSi1bi7TbfMwce4zPOWxKEkzIfx/64J/IFl+BqrK9rlIFht3dbnH/iSmy6A==","mode":420,"size":189}}}