{"files":{"LICENSE":{"checkedAt":1708590265731,"integrity":"sha512-68AcCVVx98ifh9QWToKw7H5EERPuqyXW/CQrko6WSXx+XdUDTtEsd2tmC5V1JtpflnWtMt4+QyhhIVy4s3ZJzg==","mode":420,"size":1173},"index.js":{"checkedAt":1708590265733,"integrity":"sha512-1oYipQse+ow7pS+/jxoDbP+v5gjcB4gBP5tzR8cHfzFnyyUE1UgVdQIl2tYBw3akhTV5BvPAy2STu6xn1KyVeQ==","mode":420,"size":4258},"package.json":{"checkedAt":1708590265734,"integrity":"sha512-GgklOlPkBnq7Z+UdPvxkg9ophFgbsVg4BdpjpgK1Jem1BVt47t1C6CO9qPy82Sppsdifct5ePYZ1JEdsBVUuog==","mode":420,"size":1128},"README.md":{"checkedAt":1708590265746,"integrity":"sha512-v2OPL2ESyCMcCKJnhLD4YHlJS037sU1ZuoewpyB1/xNk/MeWRj5gVdEg5vrsMKR95PNR+3afFUjVwhPstFso7Q==","mode":420,"size":2459}}}