{"files":{"package.json":{"checkedAt":1708590274420,"integrity":"sha512-hnl3pSUYrj9asEc38GQeAJTiy6NQXUzKqzWr9VcWq8aZvrdbqkd0A+58w9uy2B2jXjc9xP5FLi++ZC15gBVnnw==","mode":420,"size":823},".npmignore":{"checkedAt":1708590274421,"integrity":"sha512-8gXUxNFSegbDRRKK8O0TyFj2iKjvDkXxy8PFAYFz/yp45UNFWb7BwGxgxMypgQ4eKMH1w0+fxyXQKPwkEctyxQ==","mode":420,"size":17},"README.md":{"checkedAt":1708590274422,"integrity":"sha512-PooX8oex8ry9Fit3Gw28PYSp4I4A/FTIWaQumLm8CPenxdLMv51kRDsxGTsqnjqd8BlSdfjhDsUGLu2P/EW3jw==","mode":420,"size":6439},"LICENSE":{"checkedAt":1708590274423,"integrity":"sha512-Iw8JAK+mOFrpoaF7orZJ2t5tDS58Zd9ThlMrZp11RciGruk8qM24Upv+NEXXzmFKuAbcr+wnC4I/lwdR5XETPA==","mode":420,"size":1059},"index.js":{"checkedAt":1708590274424,"integrity":"sha512-pCcUOn1pkRve6yyaEqaQRwDAeMLjZO9jmWFxdCMWGD+wjYDTf4f2qE/WlABdiMc8khPva9VBXpzb98CE6DKCTg==","mode":420,"size":8993}}}