{"files":{"license":{"checkedAt":1708590284924,"integrity":"sha512-kyQDNB4Z3ABhZX/18rJ7eE5M00juB2Y6/my9ZqaINXfbdZRFC8ZA5Sw/9IwW+aC+B/T5cmUB9ZGaxa4ks+c5tw==","mode":420,"size":1139},"index.js":{"checkedAt":1708590284925,"integrity":"sha512-I//55BWRcQmfyvcZ48yppOgFNq7oplP2ZJ3ooE4z/9Oa5EWTNmF+XtNdHQ9jN4CXlHrDidEr80KGKqZAgXosFQ==","mode":420,"size":2261},"package.json":{"checkedAt":1708590284926,"integrity":"sha512-DiwPzhFSkA6sReB2P8+YmNsvkz4Jvoih1NHEL6ima36Sk+jtmHA34H6cy/pHJJC3KFi1Sgf0Ik/Y2r+a7KsX5w==","mode":420,"size":698},"readme.md":{"checkedAt":1708590284926,"integrity":"sha512-B5uoQAzGd7ilqvL4Gfw0IyLOQ8gMu0YvXoZm81Wu/n6o9Z8/aWbG1ldaydC5Maxipwst3aaZy0DX7Wp2rFzSew==","mode":420,"size":1995}}}