{"files":{"LICENSE":{"checkedAt":1708590267804,"integrity":"sha512-IlBI/ecFfFWsTftdr4pcQokKJYBEOZOhZW24ByAxG4NQEkIWRlQUbXHQKPO7qKsnFilv16bewfxJ8bNxqNYT5Q==","mode":420,"size":1168},"index.js":{"checkedAt":1708590267804,"integrity":"sha512-2bsjmcZZrz+eCHY7aRGb/57umF7m3HGFuvhdWUBfyvdlqAj7mYVTKQQZss9HlFQ6b9RRe/M4rNqD8xPaYkIxUA==","mode":420,"size":6391},"package.json":{"checkedAt":1708590267805,"integrity":"sha512-uLUjzv5o/C9OVatlbwJFV9qSU2CvnlrfkUOuVffpPnrT/pXngJ/Q90BrUApSXHdzKe/OIZz80OiLczdtCYwIqw==","mode":420,"size":1314},"HISTORY.md":{"checkedAt":1708590267806,"integrity":"sha512-h3ST8f8phCmJInd9M6Ftp3rdkwZO549hklIF7ErdXN+somKXyBWMmnBOcKoB1Gi9ngAdXgB1+hjRpgw1J+7UsA==","mode":420,"size":3973},"README.md":{"checkedAt":1708590267806,"integrity":"sha512-J0k92IjwCfUubpJtTZuA8WL1DBFTTXcfCWbZych1/Fc4VArfJNvAo+gcf8JIvMiPEIFcvXMI6FNgxrEnPOXsNA==","mode":420,"size":5962}}}