{"files":{"package.json":{"checkedAt":1708590294078,"integrity":"sha512-LHnGhe7P7kLyMTnP/pgF5Nt09ll5uVCfnGiSAPf1dfxPc3MOMCPsneYDCyq+sENw09r/8Q/fM6EApzDjFeSy9Q==","mode":420,"size":1712},"index.js":{"checkedAt":1708590294078,"integrity":"sha512-z8STKQNTpoKrDTwkVnH20OOw6Q5xdZ6jA4cA4DXTl4jGJDlNXIra5tiL5DaDg0Vq2Q10fnTXb+CmV4OQmyPA4Q==","mode":420,"size":3985},"LICENSE":{"checkedAt":1708590294080,"integrity":"sha512-2eVpaWWblebySBv3/YmNPMgLvykCK0Eyd2ktxgsreGgVSiqG+nwQUClBHqVSZQArIIjd53QJfovW+qFqQnVEBQ==","mode":420,"size":1088},"README.md":{"checkedAt":1708590294080,"integrity":"sha512-JsJCFPFW5YgD9+aTJpmSfmbtxrQFqu5yv8iNjBaGi/4qUNL+5c7jyeTNUwBDFbOnOjz1GeMMwVcDEMY+480JCw==","mode":420,"size":8938},"lib/compiler.js":{"checkedAt":1708590294081,"integrity":"sha512-TH3aPpFkG8vCwRBwhhgLGszbLP7VlMCH76DzIhSXJPt4njHWdLSW3CWW0k0rZhZqQVSAT4VZbAQnJwfxgZYewg==","mode":420,"size":3591},"lib/parser.js":{"checkedAt":1708590294082,"integrity":"sha512-wB34MnIkF6YS0SJo9Lb8anbcpN6GHVU9gCJmHB40PXsDD8TdpC+Gdf/VoPXPXclV6y32DZuEj6RyPa81ov4N9A==","mode":420,"size":11102},"lib/position.js":{"checkedAt":1708590294082,"integrity":"sha512-+A88fv9XYw3/aW3ABSI+tevn0KCCkQ9Adoz2QQa9nPuIOgm7+i6cL3hr7/BUMOquHipWJ/fAOVYuTa5cgH415g==","mode":420,"size":320},"lib/source-maps.js":{"checkedAt":1708590294083,"integrity":"sha512-FrTQ0eZjV9IXHerI8D6YXnrqYWb4hhUv6JiF+/rvCxTwae9c7TtAo54LMYFnnAlcG/d5lLFHjIp3BQneUcXFZA==","mode":420,"size":3604},"lib/utils.js":{"checkedAt":1708590294084,"integrity":"sha512-Kx6hEJVK9TpuL6OH7IvUu7uCO9kALgFEcB7Tok5aeecuLo28OO9/g5n/iAJiqIwEy+qpSIUUuRRfS/HJN9I7vg==","mode":420,"size":888}}}