{"files":{"LICENSE":{"checkedAt":1708590292075,"integrity":"sha512-QOMBdEM0CODi7UbSQ3OxLe9H9UXZGDt7zijU3djIu1KAdcfyDhGPN2YdufG7o1iZnYGhRCXrPgpKIIZd/LUxgg==","mode":420,"size":1094},"index.js":{"checkedAt":1708590292075,"integrity":"sha512-ecBz0/DepsFgYCm5pHbNzjDrv7e2ypWTWi4/LMl+cPPwDb6LcGe+6nja4SD0lB5gp6omWSz/GOXN9W8zUScJLQ==","mode":420,"size":10594},"package.json":{"checkedAt":1708590292076,"integrity":"sha512-3+catrz0DzKiYnOpTxFDnL4wZrwyFgYe5uqXN9V7HKvwOg5FsvxQxNAJeifgkZfH/StgCQqRh2Zx0scJ8xoppA==","mode":420,"size":1200},"HISTORY.md":{"checkedAt":1708590292077,"integrity":"sha512-rz7VQ/+YlM474BnejoiCW/cfFnxXFPHan2Wp5cAubLY0Yzc8IW9JKGfwyFdLdtwDOyRk6+HA+ftKddcQalt8QQ==","mode":420,"size":1020},"README.md":{"checkedAt":1708590292078,"integrity":"sha512-RFQXnT3e60k5PfFo2xhn0ZBUxEtg4dpf9VVdJqjwupzF89Xa3OduvPARCSTEQKEOAZaf9wEHajii/4Zz22Ml2Q==","mode":420,"size":5205}}}