{"files":{"package.json":{"checkedAt":1708590267400,"integrity":"sha512-CjKxG4At784NLLVA0WiRqEmcarlcpckXLk5wccSJj9woXF8ofj+DZwZEK1rJG45I0bv6N03q5ZIz95R4o3fTWA==","mode":420,"size":378},".npmignore":{"checkedAt":1708590267401,"integrity":"sha512-q+7dJts5ibhELFIGGe9u+3CICq9IkmWElXGxbnjgvTRCa7c+/YXikc8LUMd+h+bjQUwo/ubd1OEIP1ZKWBGtlw==","mode":420,"size":29},"index.js":{"checkedAt":1708590267402,"integrity":"sha512-9aHqCzRhsLraQTB+CXNrxJOzryqDT1++kp8T5u3RFOMpuLgFcE9u7XeA5/S9/QY7lx4VieW9g20SUzggyiXeVQ==","mode":420,"size":247},"History.md":{"checkedAt":1708590267403,"integrity":"sha512-HODrpqZ0wSq4Yku3H49waljFBvqPP9Fy3PD09RULaI5kJbxByD9l4dD9KGYnDrcB0V45Hwn4crS6NfRciXTfyA==","mode":420,"size":60},"Makefile":{"checkedAt":1708590267403,"integrity":"sha512-KwA38vfefUQ+LsxSo3BJmxXCGmdJpDnptMlIAMc6VdYkwU3QXiRhI5zH3bRdPiseG40ksbcbyBeZ5SRKJXGMQg==","mode":420,"size":89},"Readme.md":{"checkedAt":1708590267404,"integrity":"sha512-5SLS3h3nFD1nR/7JOpp78lQBHymw9bVpNrkTdiwvirHwP7rLWsKVIlQrvSnnyS4TNLS4MdE+UbOLBjtUv8RQ1Q==","mode":420,"size":1520}}}