{"files":{"LICENSE":{"checkedAt":1708590275914,"integrity":"sha512-sdx6Wb/15kFQa2MCaz8/0HBqj6vEfWp8uQRPYPF+ab8n+qOh1BsOtT3JBVtWCCzcDA5BnrgK7dL27+cCD192LQ==","mode":420,"size":1105},"lib/enoent.js":{"checkedAt":1708590275915,"integrity":"sha512-8Y7bZtL2oy4AOiiB1eIe96uyX/DAnycKpfJb/S+eZSW+rdXy5ZmMzWvcy+rgzTv1vha6U0SCGDQQVSNEqGeKCw==","mode":420,"size":1480},"lib/util/escape.js":{"checkedAt":1708590275916,"integrity":"sha512-FzlWsM9dogBMhOEolrpyYqgW58XSnWMBSzlW9eYOZhw5fnHYz55kBI4UTQLT8SlKn1hogXm/d/OVf2slsuvUGA==","mode":420,"size":1172},"index.js":{"checkedAt":1708590275917,"integrity":"sha512-3t1JwevJilhaGp18WKxElPuWYs+HtJtp/ymjL2r1iRI6fwEsnBXoniM02VG7Twlorp7A816DJIawemVcyLhvyg==","mode":420,"size":1192},"lib/parse.js":{"checkedAt":1708590275918,"integrity":"sha512-YC+tSB6G2YG43fn/1JFJa/mXBdCcLIUJeC678EKPQBPPOp3gy2cHPwgSGyhEYS90zQR+/wd+lEDaCpEMsa7o9g==","mode":420,"size":3065},"lib/util/readShebang.js":{"checkedAt":1708590275919,"integrity":"sha512-RYd3aNSqwCM772XDLLuMsNNxUaI0KPcXREssK3GznxsGJSLW/4o9xEMuP2PfZqVa5ylX7FUlyJzhAnh3X4Yryw==","mode":420,"size":549},"lib/util/resolveCommand.js":{"checkedAt":1708590275921,"integrity":"sha512-T72oZ1h7imJm+BH1N6SjeK3BfdS//DwPLGTCnhzlKg0VDeT9aJVrIF5hSZy5akyhisQvSVNplIgEzMx8qxPCBw==","mode":420,"size":1557},"package.json":{"checkedAt":1708590275922,"integrity":"sha512-+fDColcyfwSrHQaDkGiGZ1VlNWbkAeIzS8/AOwL92LpQKppUVWyDXjHagfItFgkaCg1G605VCynhtRzB9OjfIA==","mode":420,"size":1655},"CHANGELOG.md":{"checkedAt":1708590275923,"integrity":"sha512-0XqOK077dhHgte1pqVjgUzxmzyGdXZYGCBdBAHUDxDkvXzoroNOp+Mr0xOyRMSKWP+rMcINqIwv04OtTZt99iA==","mode":420,"size":4704},"README.md":{"checkedAt":1708590275924,"integrity":"sha512-xHV+p4rnXAPIemcDlq+eUtqyoqhRgEBDEGYXD6n1iD1JXClD9CT1qMz4XLaNlr6DYNd4r7NrMmfW+bc9TXDQ4w==","mode":420,"size":4728}}}