{"files":{"LICENSE":{"checkedAt":1708590274262,"integrity":"sha512-sninKVyQok6a4SaJJ9Z+lCMZXY783aUHhjapGiZ7Ou+aeRutwGvRbKFYhPglcrd5GauRHGx7ikBhTB9PvARr2g==","mode":420,"size":1058},"index.js":{"checkedAt":1708590274263,"integrity":"sha512-wkSqA+HD0G9I+ugkSV43y5wgCAWP+8KBHBvVQ0i9eFy6WVEkP+EfME50Iv9j77LiMo9pmpqX62uTrEl6hgengg==","mode":420,"size":31128},"lib/inline-tags.js":{"checkedAt":1708590274263,"integrity":"sha512-mYf6ZcAtIR6B9IUy8NdXAWUxEwGFEZ1grGMj9qwF9Tuj6NguzUkASphEmRNQgfDXEJ1NIab/f8JhtHHTMNruKQ==","mode":420,"size":214},"package.json":{"checkedAt":1708590274264,"integrity":"sha512-8mAGDumMYQ1JAiJicIc7u1YXt8s4JiO0oxr6KfzBGp0MFoPo30Sj3sj9XxKRQV+lhF8Gazs8dwrzijk19z1bsA==","mode":420,"size":515},"HISTORY.md":{"checkedAt":1708590274265,"integrity":"sha512-lhJs2DWUYdBLxAwCy5wstu6ZnzFW1FgEDKD/BIT5ebc2W9SEQ1E0YybP2rwyfj3rev4CGAsZWoNsdXoQvPXrAA==","mode":420,"size":360},"README.md":{"checkedAt":1708590274265,"integrity":"sha512-U5IRxMdOhUmDQ2656gsk/WitdfpqHYOjR9MriP1CeoOe47ZpEVImMWFk9mKikq4lUw3xixuUaucdM04BfRRFhw==","mode":420,"size":2538}}}