{"files":{"package.json":{"checkedAt":1708590270179,"integrity":"sha512-5Ry7RTkDwyv/sT+7IXHQNhgHsYcbHD2GbgF7eanbrQXLpTUyQzvKTIKJoyC8JlAcPDVKMWlMEsO0kPE1l15YHA==","mode":420,"size":448},".npmignore":{"checkedAt":1708590270180,"integrity":"sha512-CWQcDmFi8ghVKziQxlkqHP5ih4vLlWEuJevycLJXyHBdgDKGlW0fteSPw2edlbd6Qk5MiDJL1Lm+pIARJNxuMg==","mode":420,"size":30},"index.js":{"checkedAt":1708590270181,"integrity":"sha512-UuXJsY5m4v5WzogGhbtetUXkE+bjBwXNgP8aKTK/Io31ebBLuqtZu9QDgcqw8YoK5x6xOThjz58sMO+9uDcGwg==","mode":420,"size":253},"History.md":{"checkedAt":1708590270182,"integrity":"sha512-XqQkeODtdAD5Cdb5KOCB5QfSuDefENCfiQNOubJD62BJY2wls2mrl8R/h0PlKbk1NMhodFVETX50sOsqkoCLtg==","mode":420,"size":193},"Makefile":{"checkedAt":1708590270183,"integrity":"sha512-P0GOYZ8NAqCCOumnmucZKuEppqoVRLE37fa5H7iKtU2OCM+KjTVxOeQCRU/2gMEitfrEjjTj+s5+d0x7aUKt6Q==","mode":420,"size":232},"Readme.md":{"checkedAt":1708590270183,"integrity":"sha512-I2lBlgMVhEI58eT884RIU4X2g9kdbki1KnZTnRO1UVLiKMHgTeW6DwcuTN4rwJQ0S/vEHDaf5duKoYmvMTqAPg==","mode":420,"size":329},"component.json":{"checkedAt":1708590270184,"integrity":"sha512-w+ftmLKTpFmR6ZrI9sh3dhtKm5cWvkgtweW4ggW2uNTaalRW1z3/TxJKX6Jg7EFfKqE6saX+aql7lSLVh8LSqA==","mode":420,"size":250},"test/index.js":{"checkedAt":1708590270185,"integrity":"sha512-Y1F+u09nM5B/4HKSBt8rcI8OUS2IDUq538D3fdDhsmHAO2m6wA8l5wnSIFoRwi2jjq3wpfyjD19HCnMd9P9Dsw==","mode":420,"size":785}}}