{"files":{"package.json":{"checkedAt":1708590288933,"integrity":"sha512-/tP3hAYLlaWxP7VBOUeButo/cKj3Sw7f0+zH0FAytRgiS18CgExrwVSGGH3fbapv/PYp50cuYzErT4jK4ykvZg==","mode":420,"size":651},"index.js":{"checkedAt":1708590288934,"integrity":"sha512-rwuOWcpzemnvQWc+F+KjcenhGF+QEyMkOK7Joh3rYea/42AlBd5NvTImZdpM2oPEEBSGcGVaTnDtAuTecB/mAw==","mode":420,"size":800},"license":{"checkedAt":1708590288935,"integrity":"sha512-rnnnpCCaRRrva3j3sLiBcOeiIzUSasNFUiv06v4IGNpYZarhUHxdwCJO+FRUjHId+ahDcYIvNtUMvNl/qUbu6Q==","mode":420,"size":1119},"readme.md":{"checkedAt":1708590288936,"integrity":"sha512-7dckh0L/hkiJLtR4SoTJOrNMbW5uVYYstsFoQTyNAQvc4fEQf8tVuvfN6DPfSGByECKs0gwCKyiu5wNrZGYGbw==","mode":420,"size":664}}}