{"files":{"package.json":{"checkedAt":1708590263793,"integrity":"sha512-Go3gh3IjRtkpb6feusHVg8+c1dKF+L1zsOgbG7tUKkI6y5jDahgPMBpRWzVQbMJhyGwRmbnReEEg+TXHUj1Xdw==","mode":420,"size":703},"README.md":{"checkedAt":1708590263794,"integrity":"sha512-kNWlPduah77Icoz9c5Yh8WxpvnTZDupoKfvCed4kojQzl88t8TlCn1pq2qpE+JWW2CYgMjjN58Ttb5HU1lSSlQ==","mode":420,"size":18164},"LICENSE.txt":{"checkedAt":1708590263795,"integrity":"sha512-D0Lx+6sBH6oXZgCnLjnsESPzCngvgCs+1FgCApYBEkVwBAxhNjgSDWu7JCIBKDCJLVK96AN1lzPOKXn8em/L3A==","mode":420,"size":1156},"etc/dashdash.bash_completion.in":{"checkedAt":1708590263795,"integrity":"sha512-hh4ulYZArkVAGmVSd3VEmG8wHQxmeggHSrjqixvKDch6YYYu4iFLtujoHCCdJmORZTR3M6ozvZIk8/fPIWyqTQ==","mode":420,"size":14407},"lib/dashdash.js":{"checkedAt":1708590263796,"integrity":"sha512-oHMne4CQHMgval46ZqBInVPbIBBRzB5yF4JMPPmsMkAFomtWzkSNDIUvXfwZqaNefZCAYMN3Rp6AUN32IYs6tA==","mode":420,"size":35297},"CHANGES.md":{"checkedAt":1708590263797,"integrity":"sha512-mIERxnW40HjndtZskLsNj0W0w+XUdRczgM8j0oDcYDtSak6MrzQgMz3J4FxDUO7+D6oWoaGKlVpcc6augGS+ww==","mode":420,"size":10912}}}