{"files":{"LICENSE":{"checkedAt":1708590282080,"integrity":"sha512-yrAKeOY97Hb6Ek/EnRwoli1nT6GN2l/fKBkHi9ky8b8MyavXQbePYoabSAlHMJn4W6imIryW9O6SzxG1ZDRllw==","mode":420,"size":787},"dist/commonjs/index.js":{"checkedAt":1708590282081,"integrity":"sha512-++xQNFAkcb5DGd6yPa12Oa2HMqPWMGmyTU2hw/giVDjSx1JCdaoqzI7/E3XdAyaE449G/IaMZpbgkzPouXgvnA==","mode":420,"size":33736},"dist/esm/index.js":{"checkedAt":1708590282082,"integrity":"sha512-vK3hnWPU5az2TH0czdePIIBZCDWBDcbU+SmAc53YrnrxTVxCpQ9p8v5DvWdEpMTZ8JecPWE3hy+l3lGPheIkbQ==","mode":420,"size":33213},"dist/commonjs/package.json":{"checkedAt":1708590282083,"integrity":"sha512-ZcZkWKviEBAyzdG1DKbmQ+DDaNCd+mzHAGsz7YFeEGuyD5r/EYGBgH59+fXU2Nl5Zwmx7Jp+BFRCMWNv34/fQg==","mode":420,"size":19},"dist/esm/package.json":{"checkedAt":1708590282083,"integrity":"sha512-Cj8csVIsbnWVGGqaVO0HP/pZCybH0xsId/Gckl+EcDfp+XIGa/7WJgmxkOsrwh/3sxUU4Iw95keA/vWYLLsh8g==","mode":420,"size":17},"package.json":{"checkedAt":1708590282083,"integrity":"sha512-7qkuZrw70LHkRyrnzF4H19dVkM2zl8vPfhwjK0QZ6IE4zSzHapnGxbus5UPe+pYg5xzRki2pOE6Q5cBpJhai5A==","mode":420,"size":1944},"dist/commonjs/index.d.ts.map":{"checkedAt":1708590282084,"integrity":"sha512-yD0J5NAEYKo/qkkBUFWPKejEjHr2rwbf7NJWTnox3eFh8CT6GLvBt5Bmpng+EVB5a+RNT7L6tw9YbdRPJ+NTPQ==","mode":420,"size":8721},"dist/esm/index.d.ts.map":{"checkedAt":1708590282084,"integrity":"sha512-yD0J5NAEYKo/qkkBUFWPKejEjHr2rwbf7NJWTnox3eFh8CT6GLvBt5Bmpng+EVB5a+RNT7L6tw9YbdRPJ+NTPQ==","mode":420,"size":8721},"dist/commonjs/index.js.map":{"checkedAt":1708590282085,"integrity":"sha512-23eFQvR4pG4wwP9fEIYki1YdP70sIXgKxDPteQekPGcobTNlaRaE3sZlUhIB/KvMOQP6tCqCqascLcfd5pcUGA==","mode":420,"size":65664},"dist/esm/index.js.map":{"checkedAt":1708590282086,"integrity":"sha512-VJgo/jgdeW/68XVsM8tmBaPpAdwsA2a6RFwFIDAun2vLXXqo4FIRzHUHR92gEFHUzros31f3t3rMhL+WqEC1CA==","mode":420,"size":65671},"README.md":{"checkedAt":1708590282087,"integrity":"sha512-+Ko4zzdN1p3/gDAkRYsvzOw1IHfQ4RvrcBASPOrEOpxEAgyw1sJr9XErNQBJJLP9x2sDQ9ZIs7DjjA8ouy9xJQ==","mode":420,"size":27159},"dist/commonjs/index.d.ts":{"checkedAt":1708590282088,"integrity":"sha512-iI5a35wLV+RtB8KBdy93/TbY68/D+zn2hFtbQEs4bJCv6J6qeEMGdLobCkpvTmG3uMBkGIdHbVHIFVugyeoTgw==","mode":420,"size":19454},"dist/esm/index.d.ts":{"checkedAt":1708590282089,"integrity":"sha512-zA3O8DB0be4Kw54779TGM+WV2UXfZi624pZO/JoZQlHLUK+2xp+lG1esN/+MTqCC/tFIeJigQfnFCjAqrT487A==","mode":420,"size":19554}}}