{"files":{"LICENSE":{"checkedAt":1708590270844,"integrity":"sha512-P6dI5Z+zrwxSk1MIRPqpYG2ScYNkidLIATQXd50QzBgBh/XmcEd/nsd9NB4O9k6rfc+4dsY5DwJ7xvhpoS0PRg==","mode":420,"size":765},"range.bnf":{"checkedAt":1708590266506,"integrity":"sha512-QFWaLEiQU1s/JlrBiOQMDjjkPPmcgrV2EXQZ398F8wdbGszuVgmkqJC/yPJ5zEDXGKsgFteRUnpGI4Ed4TLnGw==","mode":420,"size":619},"functions/clean.js":{"checkedAt":1708590270844,"integrity":"sha512-PBePlhUl8Kqb8pXJiN9pbsfuP8WWPPsMb25xBpWYJw55Usm6qupCpO6g45oEldzTPpndR+RATK4hdIyEcDKg1g==","mode":420,"size":191},"functions/cmp.js":{"checkedAt":1708590270845,"integrity":"sha512-hzn7gpOKLkx+OJs1L55GwTzEt6IXMMj3aonWWTh++X22YHu/hhzB1xPGAMj8/H7W7y7z6djeopvzPH7Gz3yQkg==","mode":420,"size":947},"functions/coerce.js":{"checkedAt":1708590270845,"integrity":"sha512-KWABhNsyAPw11ZvFiKmbE1GVCu8su60eojpPGEE7Xa4gofsUhmPrjaBtwGpBGRBAedVfrQddPmKP1nG3jSDwTQ==","mode":420,"size":1990},"classes/comparator.js":{"checkedAt":1708590270846,"integrity":"sha512-HPb6+gxTGLDHLkfNbVa4ozunKiv3chcE1mO+tMBXb6W/YfO8Sg1U3UzYbmXupLWmIAvyhMwE84NbnEPcr5zH8Q==","mode":420,"size":3617},"functions/compare-build.js":{"checkedAt":1708590270847,"integrity":"sha512-OaW7U0VC4OEou8axUg+C80wbdsb/bSNxmVGNRvaojsXpLJQqByJvWfxMtl5TWcTOFFLg7VhhoyznJzBfXkU9fQ==","mode":420,"size":267},"functions/compare-loose.js":{"checkedAt":1708590270847,"integrity":"sha512-N4I/4oOgLVJ4Jkzy2saBE4nHlaIHT/lSjjRnbk4uF3mIVzpRsZ/0YvBhwyA+9kH4UyPakSWs8jMEqHHLOLTz0g==","mode":420,"size":118},"functions/compare.js":{"checkedAt":1708590270848,"integrity":"sha512-vcQl2T2aGKdbIRuOL89MwwvcE5CleCT8CARxyPiTdvW6rIaW105qgOcgqhaKLyshvERPH+6M2p8bVZJMtKLYhg==","mode":420,"size":156},"internal/constants.js":{"checkedAt":1708590270849,"integrity":"sha512-hg6OSGSvgRgO/vVSHSR/pCmSpNjyv7OKjgMkzyWOeAU3iNz6IzGn5erC1YfDJPd0gR0cJHCRaQI45jH36Vjevw==","mode":420,"size":859},"internal/debug.js":{"checkedAt":1708590270850,"integrity":"sha512-aBNcpnH1qISWmf/L5hie8OLXt9SosYEZp5DCM0u76nMt6LR3fM8YQ/Zq1tKyBD5hxdabt2NH6ScIu1I0sXNzjQ==","mode":420,"size":226},"functions/diff.js":{"checkedAt":1708590270851,"integrity":"sha512-6pBTQz5Cp+3GoyWG4zWgy6Q0P579TG8dh4M7sHathVfiyWq1C06DaK07QgWxIX0OViKkGUKqHiAPo/hI8gl7Cw==","mode":420,"size":1612},"functions/eq.js":{"checkedAt":1708590270851,"integrity":"sha512-GDblaBy8fDCWYWMPWu62JaDB9ali5IWf1ShVaddDm4zQOYQB9Z+89LVHYhj8Id/AL8ygTSULpmSZ1ewyRygSlg==","mode":420,"size":112},"functions/gt.js":{"checkedAt":1708590270852,"integrity":"sha512-c+GKyVB5/ZNuz6LY/SXu2XDpMq6j1OU0f4dqKPKG4WJ7QR+g1qKZsea6c97n6APXXkl8isrX6wrh5heTeo8XhA==","mode":420,"size":110},"functions/gte.js":{"checkedAt":1708590270853,"integrity":"sha512-iFE78CMOEjuAukanct/TJLWAI3yFVqXMacFYCCIiHeQuRzK4TTN7+DnQKVoaoC7JbdBNJycBP5hXdZw+yYSgTA==","mode":420,"size":113},"ranges/gtr.js":{"checkedAt":1708590270854,"integrity":"sha512-Ua8X/UW9Iwv84bwTdeyescC8PdpbS3pCXAJRwbJ16BVExKv4AkbINyUk30CghlV2IROKEHqXSanXfIKIT5r75A==","mode":420,"size":217},"internal/identifiers.js":{"checkedAt":1708590270855,"integrity":"sha512-AWzdZl/opxkdkTtL2SOL1txUNUQ09TkAxUPeqBUTXmfQ5xYBDo+qMVzAkRlXx4ijkWO79irMUby7z0hUbW1quw==","mode":420,"size":410},"functions/inc.js":{"checkedAt":1708590270856,"integrity":"sha512-/+bgBS3IDfD7bVZau4Sua/k7rIPTs+Xe/dbzdx3kUGdEDy2dyS+G+XBbPx5ZI3utbyTaPXt38OS7IDAYc23rkA==","mode":420,"size":464},"classes/index.js":{"checkedAt":1708590270857,"integrity":"sha512-NfGyoi3SgW1FSOW57H4nPgxQeR+QaQ9TPGkqEw3uCot4xaXUh7G3HW/BqdoTX0jgoH+kUv+CFjogGRzglOhf6A==","mode":420,"size":129},"index.js":{"checkedAt":1708590270857,"integrity":"sha512-mP2DV6FgNVR0kPrqJSCQUAViXj3t9J49C9nlmSTIp00Ld9WNvEK/T9x3KUmgyMNiW2CyEK6CS5yhIcAQn3s75g==","mode":420,"size":2616},"ranges/intersects.js":{"checkedAt":1708590270858,"integrity":"sha512-S2wa2dds4GDo6uMy+SBAP0lbtP/YInu64U56YKO6E7P9bQN8GvQtBPF3Nt+BNzNpUWt/88V9lOGigm1EHWDumg==","mode":420,"size":210},"functions/lt.js":{"checkedAt":1708590270859,"integrity":"sha512-YYXOTTAMGhhsRZ444fR3LKQjkvo0lvh4r3yuTPbMGP6UpMZ9F3Z/S2aHAgaFrfd7aI6MqFqkYrnCia1HINNW+w==","mode":420,"size":110},"functions/lte.js":{"checkedAt":1708590270860,"integrity":"sha512-MkvpQxAEckIVSBl0d/z5SvwGWiuvYCR6R8lEhhQQK2zPNyATVAtpbSSjHskqZr3dbklZFnL3gk5LsbDmVIR5nw==","mode":420,"size":113},"ranges/ltr.js":{"checkedAt":1708590270861,"integrity":"sha512-U3gsOijrwMaNNlq1rCUoXay3ehH50vNjwJzvKWYpK/hcx3eeu28xwv4QWLgqEUZT/PHr66rfM6ZFeqolNk4euQ==","mode":420,"size":213},"functions/major.js":{"checkedAt":1708590270862,"integrity":"sha512-otB3gJtBJMjTnJawKjzVocVgyURPilqAz9CF6vstZfRQgNaDrBN6yUMxKgN5pLmNGcCW0PEumh5hxzbf5e5i6A==","mode":420,"size":122},"ranges/max-satisfying.js":{"checkedAt":1708590270863,"integrity":"sha512-OaTS4UxgT38MMK1Jdu6fCNs5svPgv6rZZrDo/gI6rbhwj6fpzgqtVYcbNOuWYdrLWuWTnKVJWVHCAhGNITax/A==","mode":420,"size":579},"ranges/min-satisfying.js":{"checkedAt":1708590270864,"integrity":"sha512-MzA1a4RgWsPldaJN2U/ULnaHMDZY451c+nIWx/NwjKlYFwb4qcmK+aTlIqkZ28YKPXPEXh38H2l7ne3pS9a1bA==","mode":420,"size":577},"ranges/min-version.js":{"checkedAt":1708590270865,"integrity":"sha512-HZ2Vf8Ptf2jBtmAgQ5h8233gtgWJAo+4ZZiG39Xa5Wvy/d7Tm8bcUdffmk+4+q/SHhYwBEshg886MuG8wbvfCA==","mode":420,"size":1500},"functions/minor.js":{"checkedAt":1708590270865,"integrity":"sha512-Ko1fBkZm9wDRycfQ4W9aCUcrKQmhu73O80Rog80ATKNhTYOScFIhd3BeGsz+K96T95tV0xjp0fnKPy0vOhObAg==","mode":420,"size":122},"functions/neq.js":{"checkedAt":1708590270866,"integrity":"sha512-s6jdRh3OZZ8fJ4lB8Py3YhaLmOSD29/fv1wPuQoCRFr6ZndkUyk7GPoLOI8bXY2UqB9XwNIe7guVEPnHcZUVYQ==","mode":420,"size":114},"ranges/outside.js":{"checkedAt":1708590270867,"integrity":"sha512-0sbm1JTuo4skjfVSDCfO1vNmjlroJXUSpPrQdQB7wiQZpiBG0X8e2yPCoEP0a4zSkk/rruzcw+TrCxwI7sBWQA==","mode":420,"size":2190},"internal/parse-options.js":{"checkedAt":1708590270868,"integrity":"sha512-c0erNCRw2pe1ht7HE6VvCWGtjW2+h+tSRnXUjBnLtt+vljXccpHqzVwuPTo4EIc22VkF/sDA4fdxgXKXiwoWOA==","mode":420,"size":324},"functions/parse.js":{"checkedAt":1708590270869,"integrity":"sha512-U7QrNrmQAHri+GNhfV4/1tHITRWTCMvuIIeOkg7tEc8IjmVtsGo1r5bu5bAVFaqILSt1mXkAXUmulP588EGZ7Q==","mode":420,"size":317},"functions/patch.js":{"checkedAt":1708590270870,"integrity":"sha512-zpRm/CbVVmtzGxKtHodh3f7G1vc7t0fR0vq024k8oDp4vj5iyA5/BV/sJYYRO9G6LL8kijc/scY7tmXjoAr3gw==","mode":420,"size":122},"preload.js":{"checkedAt":1708590270871,"integrity":"sha512-3SoaB8myyER/H7G8N3oDZVfQENbQITgBpwgVgxA6bA3zFONAIqMtyP2LiRbq9zechL7hzzypzk9Idm9Qx0caqw==","mode":420,"size":69},"functions/prerelease.js":{"checkedAt":1708590270872,"integrity":"sha512-M4xz4t4AtNecPTup24gByhC8dh2UdlL4Pj/PAP/bgXCz+oD98Sev6XQtorU7WPLqmsiAoNfE9KjNINMvCEqp2A==","mode":420,"size":220},"classes/range.js":{"checkedAt":1708590270873,"integrity":"sha512-iHL989qmpRQ+D5ZWJATpN0Fwu6dHDyjF0gacoE6/8qXBTYHjhE9+Wy41LLyU5L9JqZfgHnFlFivEiT3VwjNaWg==","mode":420,"size":14514},"functions/rcompare.js":{"checkedAt":1708590270874,"integrity":"sha512-rlAxULqy4pPy9mAIyXSFxeKlHyk4mJtKB1OCzSVu9LpU/l1Wrl4tjbVGsP1eFag6tFFC1mXXL3x26saNxTJmGw==","mode":420,"size":118},"internal/re.js":{"checkedAt":1708590270875,"integrity":"sha512-ctrADcKYuRuO96DshzdWU+9DvhgmMD5JGe/EDcStsIyThyZHgcEQXUw2At1uE7H1kQ1MUmvC1GXyL7PLhi0DIw==","mode":420,"size":7937},"functions/rsort.js":{"checkedAt":1708590270875,"integrity":"sha512-UBQm5t05oyS3W4UDFH36sO7drbQARlgCXuWzPsyo/Ptsj6+QbrVGiAXAolPSOfa6UhkWeq7VkcLV8VBoLdg9Sw==","mode":420,"size":149},"functions/satisfies.js":{"checkedAt":1708590270876,"integrity":"sha512-pfmVGMQKcvuSEHG6tWDSxoV2pbmqipwD6XsduUWzKom5b5t7+KoIJcpw12Av/OscrZts69YST2dro1k/iZi0Tg==","mode":420,"size":233},"bin/semver.js":{"checkedAt":1708590270877,"integrity":"sha512-Snyf53od8ieurMMgnqZ601gS5LNs7XEpOgfP2Hmrf9xPCUQ+KvvPBaLMYUYfHhyCB4KFyF1EOnk4qllWQnn29w==","mode":493,"size":4823},"classes/semver.js":{"checkedAt":1708590270878,"integrity":"sha512-zWOPHfxIG1KviAAA2nn1+2StMfD4uci2Cv5+hYsxuRcHNTAb448s9Pos3zydlXpExddjLPlj9xrqZa5liWTgZQ==","mode":420,"size":8756},"ranges/simplify.js":{"checkedAt":1708590270879,"integrity":"sha512-oFYb+aHaKFlRK6HNnyB4DO5Eh1HOfLaUc8H9MQEZPlJoQjFAOafwiXmx6AklrjW6msiqD3q3o1SP47YEkdCZKA==","mode":420,"size":1341},"functions/sort.js":{"checkedAt":1708590270880,"integrity":"sha512-dffBRAZ2q+SXVxuG7YQ6YM/gNGTRmGhktoXNpbMTJsiAkKhFiD43ysPVj4YjEvlLqBB79VjJfDZyJwzcHPtyrQ==","mode":420,"size":147},"ranges/subset.js":{"checkedAt":1708590270881,"integrity":"sha512-0B49Asb42oMmV90di6jY9eG4Ip1fsQfY0cOrcxHNsZH9/57OklklmHQcyaxmhIzR8AA5njeP61k62HvuDiQLWg==","mode":420,"size":7510},"ranges/to-comparators.js":{"checkedAt":1708590270881,"integrity":"sha512-iLb5+7SFBJdngHcU5ogdddiLBhmOYCQIAi+AF6FrCkPHXmJ06MByiUTwnNqOQ+eChO6nTZ0AfNO/QOpu3PmvJg==","mode":420,"size":268},"functions/valid.js":{"checkedAt":1708590270882,"integrity":"sha512-Vpmb8USoILuPibT0g69wsqZ62rXBI1ZQis69ijxJfUVRi9v/WVQ4nj/UzYIq9TzmTEf1rHkZJk1NkBUtw1T5TQ==","mode":420,"size":162},"ranges/valid.js":{"checkedAt":1708590270883,"integrity":"sha512-roa4OTP3qfMBb5Y1dqV/xlvqnswwmwesum6NQbmPUYuqglfdLNqPFgmmwRXqYK0A4a/0/p7M/849UFZFs/vMYw==","mode":420,"size":312},"package.json":{"checkedAt":1708590270884,"integrity":"sha512-uJX2y+9YSLvTQxM6/bY4wIDIm2oNTbAsq5GBNlSXe6S6pRSsl+ggc3xeVU6UPsiZiJ5iTOt6RNP71uBZqLzr1w==","mode":420,"size":1628},"README.md":{"checkedAt":1708590270885,"integrity":"sha512-NhjGQTlypiZ5Dz75IuV+I/I4YTGnXPsGy9S6/Nbs2heQK48G9BUigfMb+1S9voMQj7W2+VUlix5F/xn+dlV+ew==","mode":420,"size":23906}}}