{"files":{"lib/bson/binary.js":{"checkedAt":1708590279070,"integrity":"sha512-4lH5jMVVo6RsIZwcKBBuMc2m/xGWxdH4IVehMv/AF7/SkIkYgaZp71G7CJ0q1tdjxN4D/eSCqxyLVQF8Eph6Tw==","mode":420,"size":11023},"browser_build/bson.js":{"checkedAt":1708590279072,"integrity":"sha512-K82EmrW/0RLV5mITgeYpmE1XO7enwk6d41hicTvBI57KzlgF7G/TLUszCAl6MJoBX7caSIzOdxVnXjnJpNFNLQ==","mode":420,"size":555942},"lib/bson/bson.js":{"checkedAt":1708590279072,"integrity":"sha512-WCljfZ2FxZo3kH4kc9c2h0C9yw3Ict4wC7y71WBfm8EsKwjS6VK/JD7QAbDfRhjDqS76LotG7E1J4e5dv92PHA==","mode":420,"size":12479},"lib/bson/parser/calculate_size.js":{"checkedAt":1708590279073,"integrity":"sha512-q0DuE48BgOyw0dTu/fxCZlGam2VOLSW9/jEujd5dIsksHDOdjvOS/DZL9wt4+c6o46D70yxUuSP23i/y3CdUSQ==","mode":420,"size":8719},"lib/bson/code.js":{"checkedAt":1708590279074,"integrity":"sha512-f+aOjBPizFrTdj2NzX2yywhHsFa7I8QZ/lJq4fxmR4gAj5uoDZZ+IQcpj/LH5ev8HUJY9J55YNrVXwqEBMugvA==","mode":420,"size":542},"lib/bson/db_ref.js":{"checkedAt":1708590279075,"integrity":"sha512-/MqADvzlwPfV5//8BeZVwVILbs3FVt/AmDsZEKZ+EAG87ro/K++1dq1qBqh9GWc7PCOFwOFAxpHecKRSSU8Opw==","mode":420,"size":719},"lib/bson/decimal128.js":{"checkedAt":1708590279076,"integrity":"sha512-nyGr6L7UFqehobyLvkGL3DH48xOssjHngngvZriz3FLluiIr+F3QyxhOxfJpWJBpE1dSk8m7yR01Ubo2cwm1jA==","mode":420,"size":22271},"lib/bson/parser/deserializer.js":{"checkedAt":1708590279077,"integrity":"sha512-3rgR2YeVFXJEhg4I1JF2DSg0RFc2w0Co0QX9dkg+HETqg7BweFic1FGzP1m49wPLhR/ligbV/SEPXse3WZOtCg==","mode":420,"size":24761},"lib/bson/double.js":{"checkedAt":1708590279078,"integrity":"sha512-SEO3nzOpjpT6u1jiBT+bI8beKjNjpuiLic1v1yytKQvnI840SY7odUCF4cTQFcBKsUaKH0K9ZwOyhov0HADrPg==","mode":420,"size":611},"lib/bson/float_parser.js":{"checkedAt":1708590279079,"integrity":"sha512-mmxVGbJADle3UhxihVdc8ihUE71cW3ttPGY+3y9RN7RoiMeqd/N1zmOy5D8WlCuv0/2IHaO/i/rvuQkLMO0pTw==","mode":420,"size":3868},"index.js":{"checkedAt":1708590279080,"integrity":"sha512-AsezkBsS1sI+H3lvVbpFH/3tUuRCuthxhEIzsiR1g3jOaL/yt2wavSHAMYqsN0H95f8YH+lGWTM/cQIrbaDutw==","mode":420,"size":1457},"lib/bson/int_32.js":{"checkedAt":1708590279081,"integrity":"sha512-jQHtWi+9UqcNfm27nnis5vIDKpcxx9vN+vxqB0N7XRplCwwIKVFfB+wzNep0BYO+Y5KwJN3uC8bdMx3+mhJZtg==","mode":420,"size":604},"lib/bson/long.js":{"checkedAt":1708590279081,"integrity":"sha512-AwcWEFeMgmK0MIJvqgptp5TRiYOPSyCB7zpqgxa5qrCliaXngPl05S8AJPHso2v/1cYRtFDIrnWmElIwHM1lAg==","mode":420,"size":23205},"lib/bson/map.js":{"checkedAt":1708590279083,"integrity":"sha512-P4mOQYKJKBXdLaOc9z935pf7nNKp1RG9ySnOW2ZlbIeXNez6AWVAP6ZeOKNyI5O3sbD9VQsP5IrOhvclItkIqg==","mode":420,"size":3161},"lib/bson/max_key.js":{"checkedAt":1708590279083,"integrity":"sha512-A9snOvLi16BpngzTVExPnNyVRnIGAct44nCTPBzWqawhwYdp2K04qJkpklVuCxNA70nsSFajDrRGJih7oOsl5g==","mode":420,"size":274},"lib/bson/min_key.js":{"checkedAt":1708590279085,"integrity":"sha512-fEW7bk4GvCwAqlKQZovHBk03CldPdLQX3GSoKaHeNB3yY2fVd4a3tQ20r+tuBo9q6eYYXXhJOxlibVb3mQZxOg==","mode":420,"size":274},"lib/bson/objectid.js":{"checkedAt":1708590279086,"integrity":"sha512-RW3qFKrwUPsC39IpWAXX3FPXYPk99vk6GIHGi7kuvEg1ZKZoHGLpzlnr0hWjJkelWBT9rhr6EntZYXhqgy+nNw==","mode":420,"size":10780},"lib/bson/regexp.js":{"checkedAt":1708590279087,"integrity":"sha512-FB6iNzivlgN0aK7k+RErn+wJdPWMxmxJNVNG44BOoRI30FxCtT0UD5on/6cXD7bnCb/yFslSA6HUmeWHDE2Z3g==","mode":420,"size":823},"lib/bson/parser/serializer.js":{"checkedAt":1708590279088,"integrity":"sha512-Tyvkss64vRt6FNmAgTCiC/CaIObb8sjlkCeuRS8m7k73b+Yhp3my+SoHBoaEbCX5q/3aD4vF3eH3x6iqJCccqA==","mode":420,"size":37005},"lib/bson/symbol.js":{"checkedAt":1708590279089,"integrity":"sha512-62KHi7s8UDo9+Bme1Q7JnTukc5KYt9GAhLAuVrs0Sh8cl6JOes13QjXxRctEv8oCt4ohASpdpbLjvAdnCTxOqQ==","mode":420,"size":910},"lib/bson/timestamp.js":{"checkedAt":1708590279090,"integrity":"sha512-IFtwasVAgZ7TwkEdi0D4w0NZ2Hn6h/r2ke2ASauqcv3qfpdwxcfxE3Fa2EugwUK4vVnnUw9eyexjYPtWUFou/g==","mode":420,"size":24126},"lib/bson/parser/utils.js":{"checkedAt":1708590279091,"integrity":"sha512-Izds5/j2QtoZZnpOSPrt1FwJA+ibEvZe3FTHCmK5enoVevhLW8XGPsig6H7TtuuLsp+lHJk5rd7sMRJDFC2/Sg==","mode":420,"size":708},"bower.json":{"checkedAt":1708590279092,"integrity":"sha512-upH6fhxxzIjS5F7bWo+56pLYmLP/97ThnIyI71tfPrCwlBlq2RmaktE85955ujGQokcOEY1L1MSIKqV+9hX0jw==","mode":420,"size":482},"browser_build/package.json":{"checkedAt":1708590279092,"integrity":"sha512-Ty5rFAbQJtcuEmkQQ8UaB9WxsoLESyxkDBqfP8vjw511LZ0PlMqOFHfGn9OTWW+I6jwzxf69f518ASWKBi2MEQ==","mode":420,"size":357},"package.json":{"checkedAt":1708590279093,"integrity":"sha512-SLKvGfTrkOJvshmhhSt6zSkr54ouREdbmRsb0bkEx4wgpbyw3TVp2wU2J7R6VoEpX8sclxf8b3NJzhS79JfHfg==","mode":420,"size":1522},"HISTORY.md":{"checkedAt":1708590279094,"integrity":"sha512-SgqVXfF0RtDWvJ6BUFzSsUVXtiWIXDtZBRFn7W1oCf15cBSMWzmEBFe1eTrE850ZUJKPLjBxED4Q7TVInSQCaw==","mode":420,"size":8786},"LICENSE.md":{"checkedAt":1708590279095,"integrity":"sha512-3Gto0TuM+VlkS5NfEZKwLHGqelz2U71DtEgPqJ7sjU0/FqInjsjDtAqx/bIzsxc6eP2DWQ1vc54Mno/1bCglVw==","mode":420,"size":11357},"README.md":{"checkedAt":1708590279096,"integrity":"sha512-JFvF9dpeQXROWzemnK45FbHLWMgRimMbKCjcYhQDfY1lzo3hepdltYRlqiiDO1Zu8R2GPZ9Zz+PYgqRZavkAhw==","mode":420,"size":7829}}}