{"files":{"package.json":{"checkedAt":1708590281273,"integrity":"sha512-HnU6CNBuuzFG7PbwB6pEKAeIv/3gBOzAKq7FCki1vSivrOAmvMWEbu4QsVRdPGCZJF40NfowXQMUJKxU1kLLFQ==","mode":438,"size":458},"crypt.js":{"checkedAt":1708590281274,"integrity":"sha512-9FeFTaasBGmK7XCIussKaCADvYrsxVYNjoMObBbcryKo5TlePPJPBEqSwUcNk/hOcygScng26Ac1JDANFJ+quA==","mode":438,"size":2968},"LICENSE.mkd":{"checkedAt":1708590281274,"integrity":"sha512-EZk8SoqnlaPSP4lzdgbzFGeYwKMiCYav8q3OwQBb8RaWvR0f/lcx6YSXXgOQfi6bHaeVO0cA5X7vtt1TWHS1WA==","mode":438,"size":1547},"README.mkd":{"checkedAt":1708590281275,"integrity":"sha512-o5KgZt7Qvzn3q1/esGOQswW5L9y8hx2i0E3m2Y8cHhmPH9Pye4dQjhydBV0JWeWWr9yvp58rTDy9T/Z1Lmuz2Q==","mode":438,"size":56}}}