{"files":{"AUTHORS":{"checkedAt":1708590267435,"integrity":"sha512-0MKP/d1jBZc39jnsuc9dM3YeVqYmh9CPvTuI5rERPy3XGNQ9Lkq2ed+F6Izb8pwK9Ai8PHovgKKKLuftcZKXsA==","mode":420,"size":169},"bin/uuid":{"checkedAt":1708590267436,"integrity":"sha512-93L0BDVdPThOlt3qgZ+Lf3/q3cFmX0ZKyXeK3guFlT04y7f8ir+xxqoGQYFi97TbInmQ6IyXGbyevs2GjPBTxg==","mode":493,"size":1579},"lib/bytesToUuid.js":{"checkedAt":1708590267437,"integrity":"sha512-cW3mtAr8qkcXHMzSeH59BCEhJ/APlajbihwBPUdOcvCYN9kvJOz6rKOs1nxJD8iLOkF78RedjGtKFkg2TJ4Hyg==","mode":420,"size":775},"index.js":{"checkedAt":1708590267438,"integrity":"sha512-LGroukt90gqCSm6qrnYJLy5vZOlYp5UrBFhl7GH7vt/qZI6Sk0IsUeGs2D4qpwGKun5ZANHgbazWQ7TBkIl42g==","mode":420,"size":120},"lib/md5-browser.js":{"checkedAt":1708590267438,"integrity":"sha512-My5SLiJGGPANjN6rOHFFADG3i0Uum+aHaIXx1cTS0ULB6uUk+lsC+dJ4lMMoV75LCCqmZiv35hBf8b/4lveSYA==","mode":420,"size":6824},"lib/md5.js":{"checkedAt":1708590267439,"integrity":"sha512-AJx9wcOgFI8WHx620gFBt7++0c17zwZkqBXIFfO/EHjyUTFdLhHyVO8K7RH6mZHOrIbnojRNx46clWetSYId6w==","mode":420,"size":576},"lib/rng-browser.js":{"checkedAt":1708590267440,"integrity":"sha512-uO7fiUsLJlQlxdlbnZVOoHp7w09VyQVKyW0IjLaxOnTK8mFT3Dbjr245yYi78rXJS1HpW056dYW7xF0zvwAJiQ==","mode":420,"size":1312},"lib/rng.js":{"checkedAt":1708590267441,"integrity":"sha512-RBwbDtiIE80mHIA6TTOJvUKvUcoHr8fc/AHLl7BB5hmrilpJtZtxsevxuoG+W81JO58vugOayNdeIW/zCuxK5w==","mode":420,"size":246},"lib/sha1-browser.js":{"checkedAt":1708590267442,"integrity":"sha512-Vfa9C2DNuDOSpKff6gcV6OdM5rejkbYJMuPx/lXvq+hFkD7FZ4hzx6II8TOpT282BNAI0M3MCVLtxryb3Jq8Wg==","mode":420,"size":2338},"lib/sha1.js":{"checkedAt":1708590267443,"integrity":"sha512-vGxvcG9hXP3DQcQUUpdV8rea8cuACE2XF6mieFHMo8gKEjkcNz8vW/TyhkdjzWON/0PbhfCz+nkklY15YjNlLw==","mode":420,"size":579},"v1.js":{"checkedAt":1708590267444,"integrity":"sha512-LqTTWd8AxDThmZYrOnsTSTu2nIo9ZEizR2xgduEo5AObDAQ6hTQTFJKjk3uOtVksiWgrAqd3LP76e8zbWktdqw==","mode":420,"size":3331},"v3.js":{"checkedAt":1708590267445,"integrity":"sha512-M2qw4EzOa9Faxv3JP4fG9k+E3dfE9jmGilvEQijpDVv0cvFWyMeAqBiLAnTweFUubKIEHbI6dfWHgjszhXdgdA==","mode":420,"size":106},"lib/v35.js":{"checkedAt":1708590267446,"integrity":"sha512-v0EkZ7RMy3owXvRPZrHuKIZ9vl1675lfPcNhMZssMV4E+F5oXNBNnrTAnfabCHpXgSuSCA1jiJVJ5V3xuPqvCA==","mode":420,"size":1622},"v4.js":{"checkedAt":1708590267447,"integrity":"sha512-cI4gaCTxwnj7LTSh3QFBW7UAfyDFdkANrEFkeDGR8YHhl6Pea64fNL8T9XoEV8ISUFgDYQOImbqVMIt+WMok7Q==","mode":420,"size":680},"v5.js":{"checkedAt":1708590267448,"integrity":"sha512-9N8yuu+KZ7OZPJZQLffYftC4h+lR2mpo69os2FP5a6MFaO6if2zIBVnLNZVIkOOrrfzKRD1W8T/C8G9/0XpWmA==","mode":420,"size":109},"package.json":{"checkedAt":1708590267449,"integrity":"sha512-IJ6Im3Icy2Ibp7ozsMw00roZtGOZFxU/F0URsWAdirNLJZn5L4MxDVaFrWrj6UUbBZ/9p3UrEDCBD615Gqd9VA==","mode":420,"size":1111},"CHANGELOG.md":{"checkedAt":1708590267450,"integrity":"sha512-jsmWKy73n/huihQPEME1FQtzhaEhg1XGv5bWjQdXJCHtxHWomGYZ4YPNtC0h+E4vuy+FQKyy2/X3jMV6JqCeAQ==","mode":420,"size":3768},"LICENSE.md":{"checkedAt":1708590267451,"integrity":"sha512-qrFwHomaXcqq1Wu8SJmDd62nNZiBxQEVVVTND6yIHFyEdB6PENlplsWqwFq+T1hkhftfsPxYaKDY2k57vPo6eQ==","mode":420,"size":1109},"README.md":{"checkedAt":1708590267452,"integrity":"sha512-PmDJaaETdZZemg20KBW/DcTj/nXkcCM9CWCCvwgzHjl6HZzOsgaWntcjHk8eXZv4qKbT45vLaTHSMSX8prccqQ==","mode":420,"size":7915}}}