{"files":{"license":{"checkedAt":1708590275307,"integrity":"sha512-0fM2/ycrxrltyaBKfQ748Ck23VlPUUBgNAR47ldf4B1V/HoXTfWBSk+vcshGKwEpmOynu4mOP5o+hyBfuRNa8g==","mode":420,"size":1117},"index.js":{"checkedAt":1708590275308,"integrity":"sha512-JYh4AJ4bvKfj+Ros7YxTHdRrqxncJqOeDIwAzqkv7aVmPi1lLzoh7th1k9L4h/Fvu3pqrAvz6RooQ+EC9ZIwWQ==","mode":420,"size":1064},"package.json":{"checkedAt":1708590275308,"integrity":"sha512-N76ToAj5ZM/dTJJAHoqbgVzlG2tcjHEeD7yrwRkjXR81KibJ0DxCA++C5pbChgZ2JHTf1e/JYOa23xr9R0ZXKQ==","mode":420,"size":1044},"readme.md":{"checkedAt":1708590275309,"integrity":"sha512-7FjjwrJBkYWuq1w8b6gQ38ViUBfxr/pUvf18lZyrKghmlQGCjV6KSnDl0Cal8833CJ6Qnba8yc7vMKcvIzSpLQ==","mode":420,"size":1733},"index.d.ts":{"checkedAt":1708590275310,"integrity":"sha512-M+JD1eYLBlBcSkiqp+qkcGyutVUB6fJxT+g5I4x6KE20nyAVKo6iLG30XkwRaCM1/WjOjE+5jqjm5ZBaAdg9Ag==","mode":420,"size":823}}}