{"files":{"LICENSE":{"checkedAt":1708590285067,"integrity":"sha512-+xk8EB/nyVHyNshd4hFsTDEnKB3hctneveyH/UMKHzeMN/6cdWBkQDGHWxeU70YO59dd/giLgangPBvNkI+MDw==","mode":420,"size":1142},"lib/decode-uri-component.js":{"checkedAt":1708590285067,"integrity":"sha512-uYYLWv+vz6KmzNDNjkYZ0JtLRyxUyEvj7U5KA0Ja0nxJvAepxUvAn5Obr/M7SSTS5vKhZr5Qd5Il+dy14RJ+5w==","mode":420,"size":274},"lib/resolve-url.js":{"checkedAt":1708590285068,"integrity":"sha512-ARQTGUSoi7ANxN5AlVUWP2VmYUUGHQPexa3c0LaVcE0h0aMg0Te/9DgcmVsZs2Y5PwmaHAUNEAJaRbJbjUvStg==","mode":420,"size":219},"lib/source-map-resolve-node.js":{"checkedAt":1708590285069,"integrity":"sha512-/YtjmeBFBKOREmx39Uu8sbfA+dpY7gG39u+rq5o24GeS9YaJEP7MfsFAtVGgeLhxMzb8O0cNCtlFqEOCdlX5YA==","mode":420,"size":8896},"source-map-resolve.js":{"checkedAt":1708590285070,"integrity":"sha512-B58u3X9Bv+ohnQCq9JruzUieHfI4VMySidgZIrhyIAZIDXQnGM1FGEnbRNd6/7CVDa3gtLY396L++/nlcswYUw==","mode":420,"size":9747},"package.json":{"checkedAt":1708590285070,"integrity":"sha512-31ydw4EnFWxing8X9GPDpGLy2yjmJhprTkCKvKkQjvSEVZnguVGcgxMCFsIBh5Z16DOeTJx+A00elgoRPCGygw==","mode":420,"size":1101},"changelog.md":{"checkedAt":1708590285071,"integrity":"sha512-1qkbCXn3X/kG5J0rPNGvzBWa6FoJz+QJYQu+OlFdwcnMEExRjAOiSSrok7p95j8Fq7Znhg3nr84bOP9lPItwnQ==","mode":420,"size":3969},"readme.md":{"checkedAt":1708590285072,"integrity":"sha512-GpZp33fX+u8yKSUD2piTrd3hqxQQa439tHkGfohRjwHe5Uei7jDEOwutZMX1awGm4NBcUmO5LCI01kONrhWwHw==","mode":420,"size":8911}}}