{"files":{"package.json":{"checkedAt":1708590283484,"integrity":"sha512-a2SPKbKGf+cHtuhgbxQhgi3mhhfGletZLsg48CfuGDz5zkaey47Ob0TpZwpvCd1pmOgnWbKfwWfyANdyAhvRLQ==","mode":420,"size":1850},"README.md":{"checkedAt":1708590283485,"integrity":"sha512-m0oHErWfLFWB3YtlekUOxPPFQZoIBz7wvtEkfX5adUImEvgSJNTrsvPv56s1jAxEXfT2PDoInDUG8dWOdsI2Qw==","mode":420,"size":3599},"LICENSE":{"checkedAt":1708590281936,"integrity":"sha512-UOO2nHn9DAmjyzpwwV0Scu/0jezBkqGLoKZNVJCn7ZV+l7ApYhoDOI/OlCh2TR6tqwtrEPB/7ahRiuplEJnMXQ==","mode":420,"size":1088},"index.js":{"checkedAt":1708590283486,"integrity":"sha512-ZYWDSwrGay6eoH4JxHPkltprRSwa74x/Yiqgo/mtPqEdsfwg+BsITDXRmxehtmfdQgjZsCi+CXEK0gCV3QapHg==","mode":420,"size":856},"index.d.ts":{"checkedAt":1708590283486,"integrity":"sha512-AzMtX4gE8cS3byCOY3Ni8hZ9v4+/TGlzQeUVeJq8IoKpoYryMOJX8ZZJ1ZMoZyAt2xRYoGX+Tuf3jpGClYmy7g==","mode":420,"size":110}}}