{"files":{"license":{"checkedAt":1708590291011,"integrity":"sha512-8izdotXaGaS45Qau9GxAu577In4j35f5SO8SZSm3klV6diHSszMtJYXOSaXEe8ZwiutexiRFU2g8zOnyUQI8Kw==","mode":420,"size":1544},"index.js":{"checkedAt":1708590291012,"integrity":"sha512-YPRNKIDc0ANa6F6gxOZxdwHCVc/43D6pcS4tGLBUaq0vLKTn76EiYcz0CENpo81ZQXKvpJvX5rYyO5PTYTZ1HQ==","mode":420,"size":1667},"package.json":{"checkedAt":1708590291012,"integrity":"sha512-cOeid4AwWataHWSAIkihd9QHWdptZ1bVydxqQlCGgCN3qlua2JlngRiHX8QszeKES/kgEm+kHSUv4H9vrTCHMg==","mode":420,"size":410},"readme.md":{"checkedAt":1708590291013,"integrity":"sha512-7poF2CCOCC3GP0OZLcIgiLgAys/hR7icFmPWjxuskuOvWxKPQaNrxu14r9VZuM/hwrssWaYcvxvn/nvXKDcBZQ==","mode":420,"size":2068}}}