{"files":{"package.json":{"checkedAt":1708590290487,"integrity":"sha512-QXNXcU5QXhl60bF6k1A4wTF5PzsGr9VquI3VJFaX2uHhdyWbQXS84NY3m5ekzQOU6b6La8yduhXMb04dCwAMrw==","mode":420,"size":661},"index.js":{"checkedAt":1708590290487,"integrity":"sha512-u4jDqhqD4jHU4QQ9O5W2GRfpfYrWBrA/HzqLWKma+8N/544p7C6D+8PATwT6ahJnkPy5Kd3pdU2ywzywLI1ehQ==","mode":420,"size":720},"license":{"checkedAt":1708590271497,"integrity":"sha512-rnnnpCCaRRrva3j3sLiBcOeiIzUSasNFUiv06v4IGNpYZarhUHxdwCJO+FRUjHId+ahDcYIvNtUMvNl/qUbu6Q==","mode":420,"size":1119},"readme.md":{"checkedAt":1708590290488,"integrity":"sha512-0+gMJpdPKMy+8kADfVtIV72cIcE5+fJI+o0FgOYPjDwy5ob5mLGFMyADBMM4tI77ypZK3hwDuOzdmkIDbDmAaw==","mode":420,"size":1582}}}