{"files":{"package.json":{"checkedAt":1708590287159,"integrity":"sha512-kNWSedw3KEtqElZtZH1TV1DfxHEAhELrMH3SYYg2mhSuBAnCRSvchH5mbo+A3p+SDPczm15l1dUdmABw4ON8hw==","mode":420,"size":1292},"LICENSE":{"checkedAt":1708590287160,"integrity":"sha512-g1Hq4HVlPANJslRd4godTpuY2Wzg2oCfZIfcX8gKbwuSVHUOJle5g5MXcsYoX5swxhlra28w1dU9W2UJZYuvbw==","mode":420,"size":1114},"readdirp.js":{"checkedAt":1708590287160,"integrity":"sha512-q4ZaEhFIejNQrQ7MrKN9SQj47AyoTB/2W+IH5g7rI2/GcL0e1eqA1/6CuiLG+thOfyl3MKeHUB97F5T5u++CmQ==","mode":420,"size":8459},"README.md":{"checkedAt":1708590287161,"integrity":"sha512-req15Ja/YZAEV7TEA8pLwBdHKoViNxRqpQKVWpzpAoSgP0jMqyq1qG/W+Kzx5KAUqBwOPXM5y6PcO/SqqBSPjg==","mode":420,"size":7928},"stream-api.js":{"checkedAt":1708590287162,"integrity":"sha512-zkR0OIA2LKIsNxYTsKrGDjYY42VjM759Pg7Fj02TMmcrEariq8epxFbXAz1b5DvonkPi+VHKfCenrVMBQvTNbA==","mode":420,"size":2424}}}