{"files":{"LICENSE":{"checkedAt":1708590267147,"integrity":"sha512-UMHacIyP0mdeqn3RwddNQmJM+tRnkJ36atiCfecziXFoderaQYtNoFYpZyiyjcCVnPdjkihNzO1GiFfR8hhqmQ==","mode":420,"size":1099},"index.js":{"checkedAt":1708590267148,"integrity":"sha512-kHhaPK+A1EPiNMdCbLj779YQXNaWB2Oa73oi0XZPtMoWAOWjOOWTZJGbBy0jnWNIFcxbzqOaHtwtdttjEKgbxQ==","mode":420,"size":844},"package.json":{"checkedAt":1708590267148,"integrity":"sha512-dxEUT0hsBar5lr59eED6KZHk839TR3o2e/HFr0hA0FK42662ziBbA1m9LK1rrHpQMQX3wSaIRqJYOC5ApbBNPA==","mode":420,"size":780},"README.md":{"checkedAt":1708590267149,"integrity":"sha512-HcVcV7sDjP8Z3atBbMibBNj47jIWqe7zCrDYwb543A3YNdFhS+VwgxWgFa/Ze6kjt/FP0Nhg89qHlFtZfg0Y/Q==","mode":420,"size":1622}}}