{"files":{"package.json":{"checkedAt":1708590290937,"integrity":"sha512-X8IktW6a+eIE6b8QfWcVYlIjsZpTNr78ltrtrh1J32Cb8q2FWho5oPqkW/HIoYU5gfly2FxuqxqhIpT7mG/ktQ==","mode":420,"size":542},"index.js":{"checkedAt":1708590290937,"integrity":"sha512-1NyaCZ7O06qXA0pKXlzWzvYihvvIz/kSXB/EcFmdxIS877if+0sv7vjvX+K13tsNGM066yVob8AyS2POTdX4+Q==","mode":420,"size":915},"license":{"checkedAt":1708590290938,"integrity":"sha512-4CmlIdfwqQ9pA/wZ0W+8CVHeAJwd2E1baQ6eQDaJnzHgqv0PwnnrKGluvwTct9wAlnKP+pW2Rh1MGLq5cH1NdA==","mode":420,"size":1128},"readme.md":{"checkedAt":1708590290939,"integrity":"sha512-pWsb0phQ3QTdE4aQq6j7bal/hdbyUAzER/3F+Yo19mzp6Wyc09YX7HG60q8Wanoy+A/3VQUmq0qf/yd5ipbT9w==","mode":420,"size":1133}}}