{"files":{"package.json":{"checkedAt":1708590284903,"integrity":"sha512-apHXrvDL/o1GbBRo0PnirkWwNPRFrZ4AWom3CibVOVvQIsqg3xzoz9FfKjBKyT8zA4niX/oX/9g6mROGLq10yw==","mode":420,"size":1547},"README.md":{"checkedAt":1708590284903,"integrity":"sha512-lQoCGa1KVwXsK22VQjcAQWT4XE/hOCTb9GZOoI0S6cvHywN6MtMh1U5p2Zp6zTJjkm7Y4OA9O+Ldh7w4PTXnCQ==","mode":420,"size":11962},"LICENSE":{"checkedAt":1708590284904,"integrity":"sha512-WK3bhIHPdiOH4KruvUG99g+o8WQN91zFyk7KpedAbxEqwt1p/hCLdUCIYy8pKHE3x5bXf6b8QVcshYwHMOnYhA==","mode":420,"size":1082},"index.js":{"checkedAt":1708590284905,"integrity":"sha512-YTQFOBIXYvhNZ4RIMz4CAaXMKdKAGczRsn1xnlg6Zm4g3EIHZUri4+KpXZfsmf7DBawGPPbwHVQJdM9oLtudsA==","mode":420,"size":11214}}}