{"files":{"build/index.cjs":{"checkedAt":1708590277588,"integrity":"sha512-SNENbXsdgoGa3sNFwoE7Ke2v+M8Qx/XNHEPXtnc9L8Cn+W9q0VfOLzdjTKLHYHpB2KDyTNf1aIai325rHL0w4g==","mode":420,"size":10398},"build/index.d.cts":{"checkedAt":1708590277589,"integrity":"sha512-iKn/PRYetc7VZ+/cEOLb3+KZ77dJhzEfmC/9lINFNY+RYZCmzZo+IHHQIKDN0qcs8ZOJXRhnyS8qyMZ2TeFSUQ==","mode":420,"size":1050},"build/lib/index.js":{"checkedAt":1708590277590,"integrity":"sha512-3XUpv+PXO0qdSm+WlpUhgDbYzEdmhyg27IFLRjfEMP18jONxny0RQZZfTLOp8sa+xWt5IS4eaSfYogU4X2tGSw==","mode":420,"size":10100},"package.json":{"checkedAt":1708590277591,"integrity":"sha512-UM5uwebrvLe4BX/7EU4q2oHTQhGK43pvAW/mTY40ZicWJWw7911x66yC/Z2NYFVJlTnyLmvdA8c6OedSllqIKg==","mode":420,"size":2164},"README.md":{"checkedAt":1708590277591,"integrity":"sha512-/PUVBAK0+nuFKXRP8zkyuGYUt7emZdsE4LVUJ7vKmtIU/scIhiNWMg3smiSRnTvScP6TGccwFzHwnULvFG2Tqg==","mode":420,"size":3055},"index.mjs":{"checkedAt":1708590277592,"integrity":"sha512-aP0uUUSDU0pjww7l96x5kXR43mYzJKR/9cnkdTKs4T0bWEuUB0ivkYPZZED4rXAjJKAVXyMxeE2RTHeUKzcBEg==","mode":420,"size":299},"LICENSE.txt":{"checkedAt":1708590277593,"integrity":"sha512-H+enD93zmfVwMWX8pTVdxfuzSeFakI3KMo4cqZeZtI71numd9Uvy4XTYHwuI42yLK7qRWjPVcZCV0FrmkZ5+PA==","mode":420,"size":731}}}