{"files":{"package.json":{"checkedAt":1708590264233,"integrity":"sha512-HEmHHjjy21g9HFwNu5WXhFhX+7rzILsnE8vF7Ztp1kyzOno4/PFVWA4qs1ysDZ3wKH2q6SR4J05dj2/CfPnJsQ==","mode":420,"size":551},".npmignore":{"checkedAt":1708590264234,"integrity":"sha512-YWM4rhgpUVYO2beEhcRQhVD/4nMj5lA0Zi0Si/0zvFjSg9XqxLEhshCuJC5aG1yaiwyZwlPcxUArbyksUymTVA==","mode":420,"size":12},"LICENSE":{"checkedAt":1708590264236,"integrity":"sha512-oRPA9/nB0afmLfR8QNL2rLLMEITYFf0LwsI2XlJMXCQbh/qucxqJuBxzSpIIqKUco+O9/RVdULd292wCCfkVyg==","mode":420,"size":1087},"bench.js":{"checkedAt":1708590264238,"integrity":"sha512-bxosuJY//2j4pX33TG2YTSsQSWkN7ESriaUdRGWmqABng6dOYcQhaY/QF98K22LCiqfT5inXl08g2aJcXInCuw==","mode":420,"size":556},"jsonparse.js":{"checkedAt":1708590264239,"integrity":"sha512-7qZLQUx85F2wrmra74vRFzTmASYzdO2nAWFlPidW7DARWhrfNsEhriBWy/miWErAgE/UGl9D04ENuTQjMv6oUg==","mode":420,"size":15570},"examples/twitterfeed.js":{"checkedAt":1708590264240,"integrity":"sha512-GFmO4QCuoLW5rufLlLOc+i9fg7uT7pxEHeUF9HkqAu2g+NR+iInQ71DsFXNSpj7uwFdEusDUciJji9Q67fg+dg==","mode":420,"size":1003},"samplejson/basic.json":{"checkedAt":1708590264242,"integrity":"sha512-ldwVypoGzEmw02I4Ybd5tJN4ucYO7Qm33etSzMkFcumrHWviEq15IE9Izf6TeEJcCAEnSvpd75xORKCyOsHrKw==","mode":420,"size":4364},"samplejson/basic2.json":{"checkedAt":1708590264243,"integrity":"sha512-MzE1WmyExIqQ6sslUETk0s0lRry6Z1r+W3JYXyFbHegmmD3zCJwkO2aNX7b5IRXpS/ZPBB1YVT8/z852q/1AkQ==","mode":420,"size":4591},"README.markdown":{"checkedAt":1708590264244,"integrity":"sha512-+UGkkmNqGUzu5LwL8wqijjIwwHHBt3wex8aYWJEMc3dHXDHjy6JX+G36U6V02POl3tgh8FcsojrCxDvlMVEdhA==","mode":420,"size":1198},"test/big-token.js":{"checkedAt":1708590264245,"integrity":"sha512-BA0/bOxQCO/W+QWLcVvZmSzpul6gQNwC60sZ0pu/lFySUxOG4sSOoT1/hDTbCa6Xl7so4CdP4ysNwz19sZgi4A==","mode":420,"size":708},"test/boundary.js":{"checkedAt":1708590264246,"integrity":"sha512-0hjTC2h/U07VgcQ2cit13ywvoMFxW/5jqEw6olukDjBx37bFSTxyfK8Wjun/dcL+tuql64QglOi/ENJhjU6u4w==","mode":420,"size":2777},"test/offset.js":{"checkedAt":1708590264247,"integrity":"sha512-88b2MvvF56C1jozAf4g2qV0MTZhHP59QHxFz4IkBN1lj5q01rSr9g5pToDlFot47hc8QAwtQCRLM4JpTbegIig==","mode":420,"size":1715},"test/primitives.js":{"checkedAt":1708590264249,"integrity":"sha512-m66d09kJ5aKUP/SCQchl9XU49LkWtMZgq1VFzmIMysp6TdBZnHQKwGcAJcGEFk6eapuVY4fuhl0UThzhmf3dXA==","mode":420,"size":1240},"test/surrogate.js":{"checkedAt":1708590264250,"integrity":"sha512-3iXtfxuRCUqJX8JFSycySN0CzMpzDio+c5Wz83bRaTPtLvOmaZ2CxQZROCuSCNIRsLuA8LyWINPdqkwNk2NE+g==","mode":420,"size":451},"test/unvalid.js":{"checkedAt":1708590264251,"integrity":"sha512-+IAxmAlgkXX+Lz/rTLNmWAg/StI58wBzagEYD4luKD40nFX4wTblXAUYjYXDL+Hwigbv4EuQ1kGXprxzUhvVhg==","mode":420,"size":251},"test/utf8.js":{"checkedAt":1708590264252,"integrity":"sha512-2L9DXJzg1/BRsEoOlFax8TcqrX2a37A+puPkVdqYjss3aOkVEUZ29lUcAdESF2M6UkkZfY/wGU208I2vB8HbRA==","mode":420,"size":705}}}