{"files":{"package.json":{"checkedAt":1708590285808,"integrity":"sha512-dLGYQMtFb0s3p9cO8HpFotZRGqFi+SWnHmnyvTQq7swQw1E+7EspVOKI3uXew3EUqoaeaLSPGedfoJh8LGXozQ==","mode":420,"size":1100},"README.md":{"checkedAt":1708590285809,"integrity":"sha512-Nc7WW2aTFCj5HTcJ2UZI1DFpXbqPx/cu4JMJig4Q7ppq0EnWN7wHDxzFfS2GH+q5hQm20mmtNctkMOphXHsa5g==","mode":420,"size":4378},"LICENSE":{"checkedAt":1708590285809,"integrity":"sha512-WZd1MN1iNKWR6Z0xtZj7LtJ6m0OcIz/NVJQzJpP5op5MiS2zSsvivEBTgNeXiKtih1NkCe3yjsX248ZCTu1Csg==","mode":420,"size":1087},"index.js":{"checkedAt":1708590285810,"integrity":"sha512-IMViI3PA29Ay+WYGFVnH7bzPEcL+5ZxTQK7gP9uEeDxbKqbNOgFP7OMAuGuvqss0KQfDMRRGCvNZfHKFbuRj3g==","mode":420,"size":405}}}