{"files":{"package.json":{"checkedAt":1708590261807,"integrity":"sha512-/pSzR8ShCNINYioNxjA9lYSDDHciEkjcke0X4Fl1klc1o/LscaIaf5btlDVGufjAm2NPkpjRoDaMCaCwGPBuGw==","mode":420,"size":1008},".eslintrc.yml":{"checkedAt":1708590261808,"integrity":"sha512-pdSopcQ8EM8QuKdndkjm5EcKbbMg18eV18zHRX88+GbftQelWV4m+r7vhqLj51m1z9v3IrYX6xLMMzbmmKM82A==","mode":420,"size":630},".travis.yml":{"checkedAt":1708590261808,"integrity":"sha512-7bCIyre3ClQ9irgHu0UoPXgnvLXj1rDmQBLS/evTil6gJ493jqElShBipMNcOvEkj57wLkcGJlFDH+NMvUJxZQ==","mode":420,"size":108},"index.js":{"checkedAt":1708590261809,"integrity":"sha512-lborl7TOctg+6K0jjHISehxzNhUi40ty0RScV9MtMJaoNlZyHoTLdR9LIywSr+ubv555ry461aBXpUA7kjJ2PQ==","mode":420,"size":2373},"LICENSE":{"checkedAt":1708590261810,"integrity":"sha512-svXYFD9E7Zz2wGLKoKg1acr0tR4HHDCgjS+s1B4V3VERunapCEhPpdY4ocpq+lPQIZ2OxZveGnp4rnWYENc53Q==","mode":420,"size":1074},"README.md":{"checkedAt":1708590261811,"integrity":"sha512-4MOLO201dg5N3DITFR8ZHRdB3LLdpWXsJ6qgDs2K39u4w0+oBU02YZAJCeFWpiyiHNpmqizdL+8isUqy4E9mwA==","mode":420,"size":2694},"spec/.eslintrc.yml":{"checkedAt":1708590261812,"integrity":"sha512-KC8lq1Pd0oOfh+3MDQjrcKRn+xChsYCQIX76ROC8jWvRSnsEkzhQ+YhjGBKUFRPPgZ0JgDwXG9wCjNKsQ2tVjA==","mode":420,"size":91},"spec/fixtures/schema.js":{"checkedAt":1708590261813,"integrity":"sha512-FolHerAW10fB9yHUwAEOMB3/PQJlREWnDp6w1+tJa12qgLXO3Dz4mC64hqAvBGKkY0M10/W/Jm8Yexq89diXGQ==","mode":420,"size":5544},"spec/index.spec.js":{"checkedAt":1708590261814,"integrity":"sha512-QdE8ARE08gPy5xQAiusZS1iAVjxusg/eajv5ks5+az2li0oNwoRw6/9nR5XAqb2Wh2eW/kwiYECmrxgjuoAsQA==","mode":420,"size":6042}}}