{"files":{"package.json":{"checkedAt":1708590266206,"integrity":"sha512-1iFpTbSl0mS6iC5N6CKIhF5Ec4pMKH1F0/8SitFIPJVdhjufhQzd1ItI4GBoKljDZ5Ma6ivMesGFO6RUrtzmPA==","mode":420,"size":570},"History.md":{"checkedAt":1708590266207,"integrity":"sha512-OloCgp2N82I4foffmbtQhYubTMXYSjTIL2p1EWp78eK4hUsBk46I9yWb3QQEyU+X8GY13a5/rHr0LY6kLX9u1Q==","mode":420,"size":1226},"index.js":{"checkedAt":1708590266209,"integrity":"sha512-EBHc5wtkkmqfIcQ3TxxuE0A5EravLPjkZwbD0DCJ8tWX/rnp/Ql130sUaxnt4FTvPiuEoHNdjyFM8ryIx5uuvg==","mode":420,"size":1115},"Readme.md":{"checkedAt":1708590266209,"integrity":"sha512-6Jtkrd6JUtvF0yahX84GctSzvUZQITpsikagLMEaPbWkLqbVd76O+gxaA/lDBsYAICjWzKvx2K6/+oXHPc6yRw==","mode":420,"size":1248}}}