{"files":{"package.json":{"checkedAt":1708590271988,"integrity":"sha512-Fcw7ZdmE1FEjIGDDPNGES4QSjBktT+26lc3cwnRYdqcmNR1+no7Gm6eiKTaLKtl6h/5zwZzQZAZC+0BflR0hrw==","mode":420,"size":754},"README.md":{"checkedAt":1708590271988,"integrity":"sha512-cORsT35RKX1L5GxYtHAw40eO6A6hNdT0ppZCPrYqRLw0iEHYVZ9XETrKIuVeqDfJ79Z1bJCcL56jqqvnmbyJYw==","mode":420,"size":951},"LICENSE":{"checkedAt":1708590271989,"integrity":"sha512-YBOLM+xinHgCjApJvkfjMtKUvmVQJeKn706n81nrsc6q29mXajJEOKVgE2W0zg4+W4FBwQrr56saOsnXmKaNTA==","mode":420,"size":1070},"index.js":{"checkedAt":1708590271990,"integrity":"sha512-vRXIQq8b95himQeXf08MJUtNPaVprThTxBpWILQj5HsLo/FqqOpPReW2JQO2tDfY1cR7LVjHV7kMkEYD/TjDMQ==","mode":420,"size":338}}}