{"files":{"package.json":{"checkedAt":1708590289102,"integrity":"sha512-rD9twteewiJQl7CN2lch7ne5PfnVw3kPsse4rq7czbbrvpNjJriM8OIpfEsCxGadK6Gyr9Fyv+66DMpQ2CjXhA==","mode":420,"size":653},"index.js":{"checkedAt":1708590289103,"integrity":"sha512-hjbsg9dQXxIzlScLde/QfhDOivOZdeU69lJNVb7pbE5/uMRvGCAYvs0qlVZVG6jxxJyyZDHTCH5/Z1s3maeJzQ==","mode":420,"size":281},"license":{"checkedAt":1708590289103,"integrity":"sha512-rnnnpCCaRRrva3j3sLiBcOeiIzUSasNFUiv06v4IGNpYZarhUHxdwCJO+FRUjHId+ahDcYIvNtUMvNl/qUbu6Q==","mode":420,"size":1119},"readme.md":{"checkedAt":1708590289104,"integrity":"sha512-3ZQEChuzNIZ29Bgfu8DUUVabkK/Z+D0Ga2YMWuyS9nn2oR8yOZXGMH/ER1XWaqu1r/SMRrNspaanI2oOg6cyKQ==","mode":420,"size":967}}}