{"files":{"lib/fsevents-handler.js":{"checkedAt":1708590283059,"integrity":"sha512-Xqv+FR/hnnqfhwGPcuAX4kiqR+d/2tLuRrGKQVziOrVj6sTbagUx6uP5naYWu/zpMM7RIGtN6O0oKoV2rqYVkg==","mode":420,"size":13627},"index.js":{"checkedAt":1708590283060,"integrity":"sha512-TillfIG2irwLq+gOL5XjaU7AxP+HWrWMZKJqkfIKeDSZ75ZRDqu5f7gc3jwvZE/Av8c2LbLDHr7VCMc6iZGh4Q==","mode":420,"size":23935},"lib/nodefs-handler.js":{"checkedAt":1708590283060,"integrity":"sha512-8EqsCjIC4xpGKnfJVsqDPt2E8sHUc79zYLtqxzX1RvgwXXwyMbKZfhjC7+pxFg1rjosFh+NtNLKCwbMWZ6dv5A==","mode":420,"size":17516},"package.json":{"checkedAt":1708590283061,"integrity":"sha512-3Q/T54iBUyHlWpGo+V/CxgFixKlYYwnttMJvFKeLtqsT9kkJLjlvRBxtaY0nu+0s7XCLP6wFiOTIodSoBQDNUg==","mode":420,"size":1479},"CHANGELOG.md":{"checkedAt":1708590283062,"integrity":"sha512-WBJmXhcfnSev/mGNB3Vi8AuYgbn2f/FfVBirSjEB+uQrfgGu+0YjgOgx7TSqouzq0E3ySpmDEtPw2Uaqh35z5A==","mode":420,"size":11595},"README.md":{"checkedAt":1708590283063,"integrity":"sha512-/czO5sc1b6BISdtYSzbqSmqXWp819mbqARAgsVI9k7Na5jK1v+YRVhQYEeAe1lZH3kg0xzSv86tWEGHY13DZBQ==","mode":420,"size":13261},"types/index.d.ts":{"checkedAt":1708590283064,"integrity":"sha512-eHzL85nrG5SMb/CDSQ7xrQZgOtvuKPoZ0hFB+7kuRLYq7U7iBlhjuP1DMCMY59BjnhGe1hQSLGwuEd8tL3W24g==","mode":420,"size":6415}}}