{"files":{"package.json":{"checkedAt":1708590286299,"integrity":"sha512-Ya60+PRiDayGZxw/t+EjdXYeuRIgi82cirFIQXZce/rI9uiEI0h9BXOzfnQV+zOyHUc0XYK/fY9kxLEotxGlSg==","mode":420,"size":710},"LICENSE":{"checkedAt":1708590286300,"integrity":"sha512-fuDaQFTuw3/2KW2JBV8ZKO+d4ucXqFuQ7tjaCAnCIaLsM0A23sKP+6HdU8slQKPtIHB7FWyFSoh41zl69P9XNw==","mode":420,"size":1079},"resolve-url.js":{"checkedAt":1708590286301,"integrity":"sha512-jFXfZCitT9scqbfcLBubuaUxlTi4nMMnfD/aiMkQ7ZA5RQ3T763lvENvgp/oSSE91g7Cp/u33UGyXTBxYpDOAw==","mode":420,"size":1068},".jshintrc":{"checkedAt":1708590286301,"integrity":"sha512-Bk32zfZcUxU/4oCH+M3O3X964mImzZp5kKrIpUrxz/oYWDBxwiOuV/WzQcdA9UKPerHhJB4uE3IaJ7Q/qTrExA==","mode":420,"size":812},"bower.json":{"checkedAt":1708590286302,"integrity":"sha512-3txniLNgxCaLL2lqKPAb3A7YrtqCMii+FEuuSdImfxJaazMNntPvUZm+ymMGm0cX+GamITmC6Xo2inGPHh9JKg==","mode":420,"size":285},"changelog.md":{"checkedAt":1708590286303,"integrity":"sha512-os5LH2YpIkpuAD1+tz9QgXwyxSqwwFm2UMwNTfwSHPY0YJn1XP1fo2q+RSoezjJNshnl9lm+y584dEKm6fHQSA==","mode":420,"size":390},"component.json":{"checkedAt":1708590286304,"integrity":"sha512-4f0ew2rA0tAUbGssuE1bgYNYgjDj/mEbDBeP06UWWT2i9qntuyDHAGWNEVBLDgkz7akDHo2JH9/7t2+OFmFwnQ==","mode":420,"size":299},"readme.md":{"checkedAt":1708590286305,"integrity":"sha512-qeRrotjfF+jeEo7PHey2OWtKOAE50QNX95Vp2aIARcmbDxwwJ/GrZCyH4r2SAJtlc255FJtDXSpbGBBE1vg37Q==","mode":420,"size":2507},"test/resolve-url.js":{"checkedAt":1708590286306,"integrity":"sha512-ETBUauAbR0I0UWXGDe1waE8+GdgCZIlSGRIxbQnyp0BkBbRZbPVW49ZqHAvkbaUjI1psQBO13ftKqlEJTGZ1pQ==","mode":420,"size":1621}}}