{"files":{"LICENSE":{"checkedAt":1708590281280,"integrity":"sha512-HQaIQk9pwOcyKutyDk4o2a87WnotwYuLGYFW43emGm4FvIJFKPyg+OYaw5sTegKAKf+C5SKa1ACjzCLivbaHrQ==","mode":420,"size":1141},"README.md":{"checkedAt":1708590281281,"integrity":"sha512-g4s0P6EU4PGG4UBrww0KeawZlBD3tBONCb75tz5zIx3p+/8P344qxsX20c5fd7RRd2gbRIYuCdmisc7G8BG68A==","mode":420,"size":2329},"assert.d.ts":{"checkedAt":1708590281282,"integrity":"sha512-XKdAfucjtVHLWbRaABmBPVnT0Hgvymg360vLJyFwkHhpAgEm9Hk4B3U7WAPqUyCTHbT2V6LDKFvPCCE4Vi6t4g==","mode":420,"size":41643},"async_hooks.d.ts":{"checkedAt":1708590281283,"integrity":"sha512-v4lmPaTVjqHnsEzw9D23KpyKZ4jV8orMPZ3ynP6sQSRYmucMWoUTiH0l2uLkv6B7zlIPJ2PDA+tG2UAT99j2zA==","mode":420,"size":22740},"buffer.d.ts":{"checkedAt":1708590281284,"integrity":"sha512-duTmWQBlBZtLAOcoxZ+3Pl/GnoM/cAQ4nf1up3wf53vyYvcGMRHFsqucuAlio4+UD+U+YpuUxkfo/qbEpzNhAg==","mode":420,"size":107288},"child_process.d.ts":{"checkedAt":1708590281285,"integrity":"sha512-OdotrCz6pm8JkTIVQx/xzu8N8ykVdWPdTN3Jf28LNXTd9GLGnhU7HwcQv61rkA3YQG9Ns4aNtLNjXe+oB4dOrQ==","mode":420,"size":69191},"cluster.d.ts":{"checkedAt":1708590281286,"integrity":"sha512-wq6Nnlng6Z/IVxEm/73NwrDL7H7p6GF9bL/f8OARJTDZ5trwLjdEDjKtX+4528EBMuhRxuXV0mM5BXLmI3lNYQ==","mode":420,"size":20851},"console.d.ts":{"checkedAt":1708590281287,"integrity":"sha512-aWnwFJGt4ZrA4stUbtkvwzERNIWLZb7xHhhEkd+ZHUb/YcJKFDEBIT3byQmjuCQVDSFxRvbZhFKPSNZmgWQF+Q==","mode":420,"size":18476},"constants.d.ts":{"checkedAt":1708590281287,"integrity":"sha512-FuHbq175zHT1/jCL2LPfuuV1uO0QvW1+Kl5wHa45hUiqyWo/NMIgOIqXZrTL38xnOiE7f+0kIBEiva2pBQquzQ==","mode":420,"size":623},"crypto.d.ts":{"checkedAt":1708590281289,"integrity":"sha512-WAHVfBlszcPMt97NhyLacnBN33dfFllyqJ1K+WSJGpCTlr+ARkD88KAFvaVuWgIVrY/vCrDCRqKkAtrECeE4ug==","mode":420,"size":190746},"dgram.d.ts":{"checkedAt":1708590281290,"integrity":"sha512-qcLrlXwVtsq1cK9oYJutxrufI7e/w8F8Xbi8gpnbz12h22aznQQFRwgIsWs5QzV4IuU3rvxG4Lq8t27ileR9lA==","mode":420,"size":27756},"diagnostics_channel.d.ts":{"checkedAt":1708590281291,"integrity":"sha512-2SoqyU7t8JgvUpVZCv/xgW2+0BD+uBRR+Laly4QWD6uisJjFa+MHKWMkjwpxIascYkeme9AjF4pCk0UtCuplfQ==","mode":420,"size":23158},"dns.d.ts":{"checkedAt":1708590281292,"integrity":"sha512-NOqvBbAqmK+S3f9hL5sM61FN7zYQhXw4BOLjNWM+78SkuQBCjCF/58tAMCdD1TuKBQMs/xJAhaK6GUSYGNRhaQ==","mode":420,"size":31241},"dom-events.d.ts":{"checkedAt":1708590281293,"integrity":"sha512-NPtjHMm4kKWNuUHwPf1yyaZ+l4lDoBsYfo9Op6G8FHHzgd6s7CNE0CRul6XGc7D5xwe7eUgr7n610FBJ6LtR2w==","mode":420,"size":5741},"domain.d.ts":{"checkedAt":1708590281294,"integrity":"sha512-w5Gw2K2lb4EBiD9S5ScEEoO2h+GbnyHx3Xla0anUQkVl6XRmPdbI7tImKKnjme+81Xn3Gbxm41GfbyyXZTE+Ow==","mode":420,"size":7820},"events.d.ts":{"checkedAt":1708590281295,"integrity":"sha512-26HDjBNeFk8vb0h06fnjXQSmr/WRQkHuTx/kJ2Dm0aYE11s6CId6L+OuDOylfP/wT7EwcnMywR6o7g3g+xgPkQ==","mode":420,"size":40944},"fs.d.ts":{"checkedAt":1708590281296,"integrity":"sha512-VjjnaaI2gDFswVSpiUxsuM3CwEzPTUGllRCzhvOoxylr5VbcBGWnOajwsCPQigSU6EDaMzj0jX3XdPADNEadDA==","mode":420,"size":187145},"globals.d.ts":{"checkedAt":1708590281297,"integrity":"sha512-OKYv0Dpoiqd/CX1cTa0qypnnmNl6/YMDpXHroKQGj2k6G8iWO0/oYXMrITvf9O7XN7cFiHMhJNPxcu+7XGd8Pw==","mode":420,"size":14300},"globals.global.d.ts":{"checkedAt":1708590281298,"integrity":"sha512-sC+7hXjoOgjN64O6lbHbuh34fVx+rCd6s5/Ni7OFSuefQvD/R8/dfgyW/HKSsqw2vxOoN0YaSSVOC5GMeMORMQ==","mode":420,"size":39},"http.d.ts":{"checkedAt":1708590281299,"integrity":"sha512-3iW/92LlmJv9TBuLt3kJDX1Iq1eXjZbzcI+g5CtR7ualpJSgPXe5upDWGKSXTL4EzjXv+y3tQHu8sfxqvqrKJg==","mode":420,"size":84268},"http2.d.ts":{"checkedAt":1708590281301,"integrity":"sha512-aNEEstlFeiYha7hWuTub07Uc0UjBRAdjFTDk8OtgS/onu0s1L0uLMH3lRJVCV156GQil9EFp5qsNrrpAKEjQZg==","mode":420,"size":116844},"https.d.ts":{"checkedAt":1708590281302,"integrity":"sha512-mlticqheCeNBuKUkRuzYT3hbkFjLf81VdpFpFNdXBUmGJ2K3jbKuwojYi8Smhwb5Ri25fh8QTfvNZtqG5PLK9Q==","mode":420,"size":24891},"index.d.ts":{"checkedAt":1708590281303,"integrity":"sha512-CIsWoDRNvFwUa5HS3ZLDanBpOCtFA8AoBS9Cowr+PqzV3AQgqMhHF5f6A/g3eZa0imNYxWuJe9QNd+QJUfqOTA==","mode":420,"size":3740},"inspector.d.ts":{"checkedAt":1708590281304,"integrity":"sha512-icANy1CKzEu+MpwjhWjgYZP2sdSGjpXftzJo4UofCmo0QukWDMtKr7cgcux0gaRvejV369GHgnHjxc7eNw/TKA==","mode":420,"size":125362},"module.d.ts":{"checkedAt":1708590281305,"integrity":"sha512-z0h0dAFVxAAemodFwqxr9lj+je/I+wm5/KPAhcKKb8ItKTPY4ihxThZ0Gsn78rD+/x2D9YaxUCGp7OzAYSzCpQ==","mode":420,"size":13783},"net.d.ts":{"checkedAt":1708590281306,"integrity":"sha512-3OeLUQFfgdVRktCW4PFR646BKZ6FKcbzcm0wBNT6Xe0OFJd5aqWdsSK/4vkRITYuH92VBjHpN1u92Zzr+aeLeA==","mode":420,"size":43290},"os.d.ts":{"checkedAt":1708590281307,"integrity":"sha512-I1/BGLu2PA3HoLW2P56+l+SI4sodvWAG5ETQYsrf+a9I05zcLQ2+AIFos7sGHWptX4YhM9QoeghjZytRldngjQ==","mode":420,"size":18073},"package.json":{"checkedAt":1708590281308,"integrity":"sha512-0N/osdXOpcKkSOOrsGOlz5pSbfk7Hy0eADi73VzNShDYmcE1L1SjFOoKVOllH59LH4nwFgM1sXW9+K44UmoiNA==","mode":420,"size":6783},"path.d.ts":{"checkedAt":1708590281309,"integrity":"sha512-E3r3wO46DZcK4eaUwx+w3b0rf/jqwbjgeWd9dek46fj3LECvOMLnwiiSyBGFNwvDlNvkxYRYKIv7naYC3WRM0w==","mode":420,"size":7751},"perf_hooks.d.ts":{"checkedAt":1708590281310,"integrity":"sha512-L9Vpt4OEUeoamkcdkxH76IPEWtxc80HuKb3CT2PVzetVLiHZfAlwieuOAAIE4wwpyggjR8IvFlTK7H9cr55hZg==","mode":420,"size":24508},"process.d.ts":{"checkedAt":1708590281311,"integrity":"sha512-8tP6INLDcuDDsvsP8u6/+/LWAuLIakwS8bqrLTEFEaqtuyAiMiAE7rDLk44xAQULOO+8FcgXx/g6AU34mvAgbg==","mode":420,"size":76213},"punycode.d.ts":{"checkedAt":1708590281312,"integrity":"sha512-ZwmRFGd/Z+RyG3flASVSp8/XMmt3xjGodp8PY0PBsMbQpnmP+5kqcg70+ojQWu6DqEsUd//xvQ+d4R40/PDbgw==","mode":420,"size":5478},"querystring.d.ts":{"checkedAt":1708590281313,"integrity":"sha512-2/PTDYNPNxQGIeYbUR+OWmNoFWW7jX3+RolpReO+9cHKxWPczwkhululsx01zBEweKERrMFgmbKSuKBbXtlp6A==","mode":420,"size":6647},"readline.d.ts":{"checkedAt":1708590281315,"integrity":"sha512-8/v3waQ4sO3gkSwgeyb9Ux0NdFWe5uuIAq7lnSFI24cVGx7iviE0UXhwFw+Wt+N48UBHZ1QbAGw1WZJgmHJFDA==","mode":420,"size":22983},"repl.d.ts":{"checkedAt":1708590281316,"integrity":"sha512-k9Pd2UuCXM/RXDKuYxG1mWDEIlOHsP05Fu5xMnZVmASw1RB1kPdF8GIChAqdWXti/tKvbcRkk0H4FGesYeGDDQ==","mode":420,"size":19536},"stream.d.ts":{"checkedAt":1708590281317,"integrity":"sha512-U/90fT84i0H2Si/2pF8PCUzEjuEbDk8W3NQe8bdSpVQeoSjbAFJrDsO82b6V/lQBApiQFL7ZRg8GUlplvDz8zw==","mode":420,"size":82656},"string_decoder.d.ts":{"checkedAt":1708590281318,"integrity":"sha512-EIMjsq50dFsb7VHtEHv+16RKSP53Y3cS6EUeFaK+cAt8G9YhLEJ9zjmBWkxccbQ8dKUl1ZpW3swo079tMN5OXQ==","mode":420,"size":2842},"test.d.ts":{"checkedAt":1708590281319,"integrity":"sha512-NkVLZLAjWR5LevLnoeJ8h2PqSRAG8V7tbs5Ps200R2nkXz9LxEJf9TZkmzACFvwLBV0SwkX9isxBlM+fHw98mg==","mode":420,"size":59836},"timers.d.ts":{"checkedAt":1708590281321,"integrity":"sha512-trlCRobqcTiVJqlNwxWTHl8B7/ZZ6szg5hZMwBDEhg/QMIBeQJNhha0+yJYthUK39p65m1ibsj0hTmZBfWvcxw==","mode":420,"size":12279},"tls.d.ts":{"checkedAt":1708590281322,"integrity":"sha512-r84XeFaddI1Y6hJsX/C2GAerKXQNqiMo5W+BGqV4hvpmD2q3JVznn88h8Qq9in3/RQw9iSYNPjuGNS0h1rtz2Q==","mode":420,"size":56857},"trace_events.d.ts":{"checkedAt":1708590281323,"integrity":"sha512-Cp6KUGRDG1DOWKEGPTvvtOTtfo651mvz1w+3VLLyxvXWmLRlz5sRaT9E+9WGUGhH1CTLg44V+bkMoDc0mKMSJQ==","mode":420,"size":7928},"tty.d.ts":{"checkedAt":1708590281324,"integrity":"sha512-B1zfyS1kDYmTxeRwloi1SzgLKYC1I8Ftivd0Xm0jcT+eqcK6/3jiht/DjkbSdcv6LyPaHB3zx9jiMP8tsn+l6Q==","mode":420,"size":10053},"url.d.ts":{"checkedAt":1708590281325,"integrity":"sha512-+qjSKMaDAuN5VdHVmMHqElotvcVn641zVPeEUAIwH9gGYwF52ghcQKBEmFwiE6xiADYP+fW72sUGj0gNLoDm0w==","mode":420,"size":41139},"util.d.ts":{"checkedAt":1708590281326,"integrity":"sha512-bQm9QxvulrBREVD6RS5ytrAZ5VqD3YRvFdzejHkPQ5ttsCuctprznNOaUaIZyy5kzEE6lIzDT4PTlHwaLXNWuA==","mode":420,"size":85386},"v8.d.ts":{"checkedAt":1708590281327,"integrity":"sha512-TQy9JZwxHeA9Nph5a5oqj+SHj6mqriOX+A6s/W1eoob/Xrs82llZrweQ76oVL9rQntJXPtxr/K4X+WZrqaciIw==","mode":420,"size":32211},"vm.d.ts":{"checkedAt":1708590281328,"integrity":"sha512-20+L2t9SiHFXxpihAzqw5T1Vpba+89PtmLGzTkO91LMBtKjWhL0tMwtSqPV4vr3jHCfUn0oNZBKRPgCUM0rfjw==","mode":420,"size":39089},"wasi.d.ts":{"checkedAt":1708590281329,"integrity":"sha512-6a5QOSYD9OCK9XZhYck2Q9wNqlF0TXvAI/sAD0w2tMmUqEwVQKciYQjHoElcPrv2xrYL5N729gc5dxL75RK69g==","mode":420,"size":7837},"worker_threads.d.ts":{"checkedAt":1708590281330,"integrity":"sha512-0sPS3Y5q5Cteh0WHpgBlAn2JBRFofx0coZC12gnz+ixPwGgt9U8Y3ZhyvhulRSoHdgqtYkI6ntX3Exe4Evg9oA==","mode":420,"size":33962},"zlib.d.ts":{"checkedAt":1708590281331,"integrity":"sha512-cvqUpPh0PAdIL1QrFrfw9j2YNcNEYQB64o8aHdRVHY4olYrCJPem6/3Szo/NskUtF9nd0+Jf9kX2jJUdsgkr6g==","mode":420,"size":19551},"assert/strict.d.ts":{"checkedAt":1708590281332,"integrity":"sha512-g6jLaQ9f5jKABsC1tDCUCGzPLDiJC5ZbKf5JQaQ5qlq6/O4eVJFsAb/rw80ZOQLqkEJuGzCwdJeH0UrgKLgwhQ==","mode":420,"size":201},"dns/promises.d.ts":{"checkedAt":1708590281333,"integrity":"sha512-JSG4qDsLv+S+GKQQTSyfm+hopmj+Xsp11ohaAxJbioguwUVcBvt7qbS4Mjev975assFBtSNZzFzDU+j7plytDQ==","mode":420,"size":17506},"fs/promises.d.ts":{"checkedAt":1708590281334,"integrity":"sha512-xhbraANYwqNlCSp3/EHqSqyTyn5DsSvde24Z1k15CxV6tNq+o2xwMMwuT2fExpr4OS7yaq5XVV1mL03vbcBxrA==","mode":420,"size":54387},"readline/promises.d.ts":{"checkedAt":1708590281335,"integrity":"sha512-nJRnqgCkaLbV5bPFH3qXtFDfwMYAW0f+ZNa3xTgJ+QXpouDih574TSVuWJanj4kZRhFMFiIPoU0yWDv/8uhe0Q==","mode":420,"size":6117},"stream/consumers.d.ts":{"checkedAt":1708590281336,"integrity":"sha512-ntKTjUNMFtWHsX8UHPzNQq/S2FTSMvXF49QMJbbAa/oTWgGpv53xAnpwRBef5cr9YRYEQ4weFDmky4miJuTB1A==","mode":420,"size":727},"stream/promises.d.ts":{"checkedAt":1708590281337,"integrity":"sha512-YqgV7/TLPRo6UbWSFfSRg4cWGahjmnD/LStWPpuonFW6Wn5GIpM7OPSsU00v556mKg0Wx2uiUUMcFF7vD2N+lg==","mode":420,"size":2696},"stream/web.d.ts":{"checkedAt":1708590281338,"integrity":"sha512-gskSVHy3eHhK3K6JU0fdMS6iKohn3TvJpXGxQTKIOLHDtSL996k1nQVLlMxtwXqboOooCMiTmYhZCPu2SS8w/w==","mode":420,"size":14998},"timers/promises.d.ts":{"checkedAt":1708590281339,"integrity":"sha512-V/TOJc8u4b4F8PB9nBs84YdJDP5PTSuKM3RO+l+rAn7XUHLyltFm0/fiWNkNSF9Lg+h2Ejs7NWd13YZ8mPsQxQ==","mode":420,"size":3273},"ts4.8/assert.d.ts":{"checkedAt":1708590281282,"integrity":"sha512-XKdAfucjtVHLWbRaABmBPVnT0Hgvymg360vLJyFwkHhpAgEm9Hk4B3U7WAPqUyCTHbT2V6LDKFvPCCE4Vi6t4g==","mode":420,"size":41643},"ts4.8/async_hooks.d.ts":{"checkedAt":1708590281283,"integrity":"sha512-v4lmPaTVjqHnsEzw9D23KpyKZ4jV8orMPZ3ynP6sQSRYmucMWoUTiH0l2uLkv6B7zlIPJ2PDA+tG2UAT99j2zA==","mode":420,"size":22740},"ts4.8/buffer.d.ts":{"checkedAt":1708590281284,"integrity":"sha512-duTmWQBlBZtLAOcoxZ+3Pl/GnoM/cAQ4nf1up3wf53vyYvcGMRHFsqucuAlio4+UD+U+YpuUxkfo/qbEpzNhAg==","mode":420,"size":107288},"ts4.8/child_process.d.ts":{"checkedAt":1708590281285,"integrity":"sha512-OdotrCz6pm8JkTIVQx/xzu8N8ykVdWPdTN3Jf28LNXTd9GLGnhU7HwcQv61rkA3YQG9Ns4aNtLNjXe+oB4dOrQ==","mode":420,"size":69191},"ts4.8/cluster.d.ts":{"checkedAt":1708590281286,"integrity":"sha512-wq6Nnlng6Z/IVxEm/73NwrDL7H7p6GF9bL/f8OARJTDZ5trwLjdEDjKtX+4528EBMuhRxuXV0mM5BXLmI3lNYQ==","mode":420,"size":20851},"ts4.8/console.d.ts":{"checkedAt":1708590281287,"integrity":"sha512-aWnwFJGt4ZrA4stUbtkvwzERNIWLZb7xHhhEkd+ZHUb/YcJKFDEBIT3byQmjuCQVDSFxRvbZhFKPSNZmgWQF+Q==","mode":420,"size":18476},"ts4.8/constants.d.ts":{"checkedAt":1708590281287,"integrity":"sha512-FuHbq175zHT1/jCL2LPfuuV1uO0QvW1+Kl5wHa45hUiqyWo/NMIgOIqXZrTL38xnOiE7f+0kIBEiva2pBQquzQ==","mode":420,"size":623},"ts4.8/crypto.d.ts":{"checkedAt":1708590281289,"integrity":"sha512-WAHVfBlszcPMt97NhyLacnBN33dfFllyqJ1K+WSJGpCTlr+ARkD88KAFvaVuWgIVrY/vCrDCRqKkAtrECeE4ug==","mode":420,"size":190746},"ts4.8/dgram.d.ts":{"checkedAt":1708590281290,"integrity":"sha512-qcLrlXwVtsq1cK9oYJutxrufI7e/w8F8Xbi8gpnbz12h22aznQQFRwgIsWs5QzV4IuU3rvxG4Lq8t27ileR9lA==","mode":420,"size":27756},"ts4.8/diagnostics_channel.d.ts":{"checkedAt":1708590281291,"integrity":"sha512-2SoqyU7t8JgvUpVZCv/xgW2+0BD+uBRR+Laly4QWD6uisJjFa+MHKWMkjwpxIascYkeme9AjF4pCk0UtCuplfQ==","mode":420,"size":23158},"ts4.8/dns.d.ts":{"checkedAt":1708590281292,"integrity":"sha512-NOqvBbAqmK+S3f9hL5sM61FN7zYQhXw4BOLjNWM+78SkuQBCjCF/58tAMCdD1TuKBQMs/xJAhaK6GUSYGNRhaQ==","mode":420,"size":31241},"ts4.8/dom-events.d.ts":{"checkedAt":1708590281293,"integrity":"sha512-NPtjHMm4kKWNuUHwPf1yyaZ+l4lDoBsYfo9Op6G8FHHzgd6s7CNE0CRul6XGc7D5xwe7eUgr7n610FBJ6LtR2w==","mode":420,"size":5741},"ts4.8/domain.d.ts":{"checkedAt":1708590281294,"integrity":"sha512-w5Gw2K2lb4EBiD9S5ScEEoO2h+GbnyHx3Xla0anUQkVl6XRmPdbI7tImKKnjme+81Xn3Gbxm41GfbyyXZTE+Ow==","mode":420,"size":7820},"ts4.8/events.d.ts":{"checkedAt":1708590281295,"integrity":"sha512-26HDjBNeFk8vb0h06fnjXQSmr/WRQkHuTx/kJ2Dm0aYE11s6CId6L+OuDOylfP/wT7EwcnMywR6o7g3g+xgPkQ==","mode":420,"size":40944},"ts4.8/fs.d.ts":{"checkedAt":1708590281296,"integrity":"sha512-VjjnaaI2gDFswVSpiUxsuM3CwEzPTUGllRCzhvOoxylr5VbcBGWnOajwsCPQigSU6EDaMzj0jX3XdPADNEadDA==","mode":420,"size":187145},"ts4.8/globals.d.ts":{"checkedAt":1708590281297,"integrity":"sha512-OKYv0Dpoiqd/CX1cTa0qypnnmNl6/YMDpXHroKQGj2k6G8iWO0/oYXMrITvf9O7XN7cFiHMhJNPxcu+7XGd8Pw==","mode":420,"size":14300},"ts4.8/globals.global.d.ts":{"checkedAt":1708590281298,"integrity":"sha512-sC+7hXjoOgjN64O6lbHbuh34fVx+rCd6s5/Ni7OFSuefQvD/R8/dfgyW/HKSsqw2vxOoN0YaSSVOC5GMeMORMQ==","mode":420,"size":39},"ts4.8/http.d.ts":{"checkedAt":1708590281299,"integrity":"sha512-3iW/92LlmJv9TBuLt3kJDX1Iq1eXjZbzcI+g5CtR7ualpJSgPXe5upDWGKSXTL4EzjXv+y3tQHu8sfxqvqrKJg==","mode":420,"size":84268},"ts4.8/http2.d.ts":{"checkedAt":1708590281301,"integrity":"sha512-aNEEstlFeiYha7hWuTub07Uc0UjBRAdjFTDk8OtgS/onu0s1L0uLMH3lRJVCV156GQil9EFp5qsNrrpAKEjQZg==","mode":420,"size":116844},"ts4.8/https.d.ts":{"checkedAt":1708590281302,"integrity":"sha512-mlticqheCeNBuKUkRuzYT3hbkFjLf81VdpFpFNdXBUmGJ2K3jbKuwojYi8Smhwb5Ri25fh8QTfvNZtqG5PLK9Q==","mode":420,"size":24891},"ts4.8/index.d.ts":{"checkedAt":1708590281344,"integrity":"sha512-lDuqdehSc93Jyksu7roZ1lyWVMXNgEKyruaSXSudcoBgY9eL5+txaO3Brs8q0BeAqBrANp/nDwl9+JhlUC74CQ==","mode":420,"size":3751},"ts4.8/inspector.d.ts":{"checkedAt":1708590281304,"integrity":"sha512-icANy1CKzEu+MpwjhWjgYZP2sdSGjpXftzJo4UofCmo0QukWDMtKr7cgcux0gaRvejV369GHgnHjxc7eNw/TKA==","mode":420,"size":125362},"ts4.8/module.d.ts":{"checkedAt":1708590281305,"integrity":"sha512-z0h0dAFVxAAemodFwqxr9lj+je/I+wm5/KPAhcKKb8ItKTPY4ihxThZ0Gsn78rD+/x2D9YaxUCGp7OzAYSzCpQ==","mode":420,"size":13783},"ts4.8/net.d.ts":{"checkedAt":1708590281306,"integrity":"sha512-3OeLUQFfgdVRktCW4PFR646BKZ6FKcbzcm0wBNT6Xe0OFJd5aqWdsSK/4vkRITYuH92VBjHpN1u92Zzr+aeLeA==","mode":420,"size":43290},"ts4.8/os.d.ts":{"checkedAt":1708590281307,"integrity":"sha512-I1/BGLu2PA3HoLW2P56+l+SI4sodvWAG5ETQYsrf+a9I05zcLQ2+AIFos7sGHWptX4YhM9QoeghjZytRldngjQ==","mode":420,"size":18073},"ts4.8/path.d.ts":{"checkedAt":1708590281309,"integrity":"sha512-E3r3wO46DZcK4eaUwx+w3b0rf/jqwbjgeWd9dek46fj3LECvOMLnwiiSyBGFNwvDlNvkxYRYKIv7naYC3WRM0w==","mode":420,"size":7751},"ts4.8/perf_hooks.d.ts":{"checkedAt":1708590281310,"integrity":"sha512-L9Vpt4OEUeoamkcdkxH76IPEWtxc80HuKb3CT2PVzetVLiHZfAlwieuOAAIE4wwpyggjR8IvFlTK7H9cr55hZg==","mode":420,"size":24508},"ts4.8/process.d.ts":{"checkedAt":1708590281311,"integrity":"sha512-8tP6INLDcuDDsvsP8u6/+/LWAuLIakwS8bqrLTEFEaqtuyAiMiAE7rDLk44xAQULOO+8FcgXx/g6AU34mvAgbg==","mode":420,"size":76213},"ts4.8/punycode.d.ts":{"checkedAt":1708590281312,"integrity":"sha512-ZwmRFGd/Z+RyG3flASVSp8/XMmt3xjGodp8PY0PBsMbQpnmP+5kqcg70+ojQWu6DqEsUd//xvQ+d4R40/PDbgw==","mode":420,"size":5478},"ts4.8/querystring.d.ts":{"checkedAt":1708590281313,"integrity":"sha512-2/PTDYNPNxQGIeYbUR+OWmNoFWW7jX3+RolpReO+9cHKxWPczwkhululsx01zBEweKERrMFgmbKSuKBbXtlp6A==","mode":420,"size":6647},"ts4.8/readline.d.ts":{"checkedAt":1708590281315,"integrity":"sha512-8/v3waQ4sO3gkSwgeyb9Ux0NdFWe5uuIAq7lnSFI24cVGx7iviE0UXhwFw+Wt+N48UBHZ1QbAGw1WZJgmHJFDA==","mode":420,"size":22983},"ts4.8/repl.d.ts":{"checkedAt":1708590281316,"integrity":"sha512-k9Pd2UuCXM/RXDKuYxG1mWDEIlOHsP05Fu5xMnZVmASw1RB1kPdF8GIChAqdWXti/tKvbcRkk0H4FGesYeGDDQ==","mode":420,"size":19536},"ts4.8/stream.d.ts":{"checkedAt":1708590281317,"integrity":"sha512-U/90fT84i0H2Si/2pF8PCUzEjuEbDk8W3NQe8bdSpVQeoSjbAFJrDsO82b6V/lQBApiQFL7ZRg8GUlplvDz8zw==","mode":420,"size":82656},"ts4.8/string_decoder.d.ts":{"checkedAt":1708590281318,"integrity":"sha512-EIMjsq50dFsb7VHtEHv+16RKSP53Y3cS6EUeFaK+cAt8G9YhLEJ9zjmBWkxccbQ8dKUl1ZpW3swo079tMN5OXQ==","mode":420,"size":2842},"ts4.8/test.d.ts":{"checkedAt":1708590281319,"integrity":"sha512-NkVLZLAjWR5LevLnoeJ8h2PqSRAG8V7tbs5Ps200R2nkXz9LxEJf9TZkmzACFvwLBV0SwkX9isxBlM+fHw98mg==","mode":420,"size":59836},"ts4.8/timers.d.ts":{"checkedAt":1708590281321,"integrity":"sha512-trlCRobqcTiVJqlNwxWTHl8B7/ZZ6szg5hZMwBDEhg/QMIBeQJNhha0+yJYthUK39p65m1ibsj0hTmZBfWvcxw==","mode":420,"size":12279},"ts4.8/tls.d.ts":{"checkedAt":1708590281322,"integrity":"sha512-r84XeFaddI1Y6hJsX/C2GAerKXQNqiMo5W+BGqV4hvpmD2q3JVznn88h8Qq9in3/RQw9iSYNPjuGNS0h1rtz2Q==","mode":420,"size":56857},"ts4.8/trace_events.d.ts":{"checkedAt":1708590281323,"integrity":"sha512-Cp6KUGRDG1DOWKEGPTvvtOTtfo651mvz1w+3VLLyxvXWmLRlz5sRaT9E+9WGUGhH1CTLg44V+bkMoDc0mKMSJQ==","mode":420,"size":7928},"ts4.8/tty.d.ts":{"checkedAt":1708590281324,"integrity":"sha512-B1zfyS1kDYmTxeRwloi1SzgLKYC1I8Ftivd0Xm0jcT+eqcK6/3jiht/DjkbSdcv6LyPaHB3zx9jiMP8tsn+l6Q==","mode":420,"size":10053},"ts4.8/url.d.ts":{"checkedAt":1708590281325,"integrity":"sha512-+qjSKMaDAuN5VdHVmMHqElotvcVn641zVPeEUAIwH9gGYwF52ghcQKBEmFwiE6xiADYP+fW72sUGj0gNLoDm0w==","mode":420,"size":41139},"ts4.8/util.d.ts":{"checkedAt":1708590281326,"integrity":"sha512-bQm9QxvulrBREVD6RS5ytrAZ5VqD3YRvFdzejHkPQ5ttsCuctprznNOaUaIZyy5kzEE6lIzDT4PTlHwaLXNWuA==","mode":420,"size":85386},"ts4.8/v8.d.ts":{"checkedAt":1708590281327,"integrity":"sha512-TQy9JZwxHeA9Nph5a5oqj+SHj6mqriOX+A6s/W1eoob/Xrs82llZrweQ76oVL9rQntJXPtxr/K4X+WZrqaciIw==","mode":420,"size":32211},"ts4.8/vm.d.ts":{"checkedAt":1708590281328,"integrity":"sha512-20+L2t9SiHFXxpihAzqw5T1Vpba+89PtmLGzTkO91LMBtKjWhL0tMwtSqPV4vr3jHCfUn0oNZBKRPgCUM0rfjw==","mode":420,"size":39089},"ts4.8/wasi.d.ts":{"checkedAt":1708590281329,"integrity":"sha512-6a5QOSYD9OCK9XZhYck2Q9wNqlF0TXvAI/sAD0w2tMmUqEwVQKciYQjHoElcPrv2xrYL5N729gc5dxL75RK69g==","mode":420,"size":7837},"ts4.8/worker_threads.d.ts":{"checkedAt":1708590281330,"integrity":"sha512-0sPS3Y5q5Cteh0WHpgBlAn2JBRFofx0coZC12gnz+ixPwGgt9U8Y3ZhyvhulRSoHdgqtYkI6ntX3Exe4Evg9oA==","mode":420,"size":33962},"ts4.8/zlib.d.ts":{"checkedAt":1708590281331,"integrity":"sha512-cvqUpPh0PAdIL1QrFrfw9j2YNcNEYQB64o8aHdRVHY4olYrCJPem6/3Szo/NskUtF9nd0+Jf9kX2jJUdsgkr6g==","mode":420,"size":19551},"ts4.8/assert/strict.d.ts":{"checkedAt":1708590281332,"integrity":"sha512-g6jLaQ9f5jKABsC1tDCUCGzPLDiJC5ZbKf5JQaQ5qlq6/O4eVJFsAb/rw80ZOQLqkEJuGzCwdJeH0UrgKLgwhQ==","mode":420,"size":201},"ts4.8/dns/promises.d.ts":{"checkedAt":1708590281333,"integrity":"sha512-JSG4qDsLv+S+GKQQTSyfm+hopmj+Xsp11ohaAxJbioguwUVcBvt7qbS4Mjev975assFBtSNZzFzDU+j7plytDQ==","mode":420,"size":17506},"ts4.8/fs/promises.d.ts":{"checkedAt":1708590281334,"integrity":"sha512-xhbraANYwqNlCSp3/EHqSqyTyn5DsSvde24Z1k15CxV6tNq+o2xwMMwuT2fExpr4OS7yaq5XVV1mL03vbcBxrA==","mode":420,"size":54387},"ts4.8/readline/promises.d.ts":{"checkedAt":1708590281335,"integrity":"sha512-nJRnqgCkaLbV5bPFH3qXtFDfwMYAW0f+ZNa3xTgJ+QXpouDih574TSVuWJanj4kZRhFMFiIPoU0yWDv/8uhe0Q==","mode":420,"size":6117},"ts4.8/stream/consumers.d.ts":{"checkedAt":1708590281336,"integrity":"sha512-ntKTjUNMFtWHsX8UHPzNQq/S2FTSMvXF49QMJbbAa/oTWgGpv53xAnpwRBef5cr9YRYEQ4weFDmky4miJuTB1A==","mode":420,"size":727},"ts4.8/stream/promises.d.ts":{"checkedAt":1708590281337,"integrity":"sha512-YqgV7/TLPRo6UbWSFfSRg4cWGahjmnD/LStWPpuonFW6Wn5GIpM7OPSsU00v556mKg0Wx2uiUUMcFF7vD2N+lg==","mode":420,"size":2696},"ts4.8/stream/web.d.ts":{"checkedAt":1708590281338,"integrity":"sha512-gskSVHy3eHhK3K6JU0fdMS6iKohn3TvJpXGxQTKIOLHDtSL996k1nQVLlMxtwXqboOooCMiTmYhZCPu2SS8w/w==","mode":420,"size":14998},"ts4.8/timers/promises.d.ts":{"checkedAt":1708590281339,"integrity":"sha512-V/TOJc8u4b4F8PB9nBs84YdJDP5PTSuKM3RO+l+rAn7XUHLyltFm0/fiWNkNSF9Lg+h2Ejs7NWd13YZ8mPsQxQ==","mode":420,"size":3273}}}