{"files":{"package.json":{"checkedAt":1708590284522,"integrity":"sha512-K96zPLaf/qEkyowCR6WMqVs49wR2RrRyoWQoUESwdoj0xfYcKoIVFmxDxT4d7M8FmxDY/cFuZWofD9DDe+GxyA==","mode":420,"size":1338},"LICENSE":{"checkedAt":1708590284523,"integrity":"sha512-ZbXKbX39ALk3SM6Cuz6Is1yQxVT3j65IYv3MYHCPxglY2cr8Hmg1I4dSutBWWJc2hnm8mh8yZFAPUVU+2rNeCg==","mode":420,"size":1083},"index.js":{"checkedAt":1708590284524,"integrity":"sha512-guy6sGwnu1MI45eqi7c0Fb318kl1fy0lXnQAvzrfcVJ8pimNmmGEIkXTwz6Mdq4ll/CmVbnq6iWF/SB9Ikt8fg==","mode":420,"size":2271}}}