{"files":{"package.json":{"checkedAt":1708590286408,"integrity":"sha512-hD04gEw88TDC+9e90bimdhyy+3ZJHpNnJk8lE/V9oLXnHuqIJuHr7xJc1lvLz6C9ueJQJSY16vaNoY7GONeUPg==","mode":420,"size":972},"LICENSE":{"checkedAt":1708590286409,"integrity":"sha512-ZbXKbX39ALk3SM6Cuz6Is1yQxVT3j65IYv3MYHCPxglY2cr8Hmg1I4dSutBWWJc2hnm8mh8yZFAPUVU+2rNeCg==","mode":420,"size":1083},"index.js":{"checkedAt":1708590286409,"integrity":"sha512-Ulh87/EYKiPP4mcaiPCVVTB4xMXHyw0nQwwjUVbFkNPswQ04vCo4VEoyOLIQP1+FCFsBAGP4f6sa/ZsrDCyKeg==","mode":420,"size":3417}}}