{"files":{"package.json":{"checkedAt":1708590274928,"integrity":"sha512-YcMsdpd0Uz9MzIL8P+je+7/CpLAPiEr51CjCiTccspqfRWkXJKQAEfC0WLwDj7/DZwcQenVr6z3ikfxcWoMRyg==","mode":420,"size":582},"index.d.ts":{"checkedAt":1708590274928,"integrity":"sha512-BDr9qQ6LOLFvg2BBf6B8OLunV+pt1WvgQiIN2kMfm6jC8Ue6gtJu9FEGpQyJS4jwsUMC3DMf+m2vugN8BrLn9w==","mode":420,"size":446},"index.js":{"checkedAt":1708590274929,"integrity":"sha512-TVoLqbMi/bAJL7HfLHmpuypxwwPt+TIuZEtdaVF7H3URLrcQ9owSWjS0o5QqK1lGsFW0swKVnuyL0hxTKn+kuA==","mode":420,"size":42},"license":{"checkedAt":1708590274930,"integrity":"sha512-nIst73auX/5NY2Fmv5Y116vWnNrEv4GaIUX3lpZG05rpXJY2S8EX+fpUS5hRjClCM0VdT2Za9DDHXXB5jdSrEw==","mode":420,"size":1109},"readme.md":{"checkedAt":1708590274930,"integrity":"sha512-zP99xK1x8D5a0KczeLDc4iykLpNrYX8dT42TZjAzNWWt5LoyK5yjj/B+vhxETiZvzdw6xaXqTWrsjoM4NA2NQQ==","mode":420,"size":649}}}