{"files":{"package.json":{"checkedAt":1708590282813,"integrity":"sha512-Qp6iTzNJ/4AFYuyoT3h2OuBHVjP4yZTDjybwfZm9zpgQ3ICDvVHaiMjcDC/AFilKhq+asgFTLE5zqCn4deC83w==","mode":420,"size":2637},"index.js":{"checkedAt":1708590282814,"integrity":"sha512-vHbR1w5ScAfvYSy9ZmM27YgTXQC0+wNDU50KQTTSs/uK7ZahCaQa3Dw0VwuL7KWHeITlzcP9eh8si+r65VKXZg==","mode":420,"size":12118},"LICENSE":{"checkedAt":1708590282815,"integrity":"sha512-IWoaw2rNySm6PLN4i/XDKs07noaIUnbECrAxwPBdCPY15HJEJu48w05F9usVXOf74Q5yGArE20iy3RdJVeLivQ==","mode":420,"size":1088},"README.md":{"checkedAt":1708590282816,"integrity":"sha512-5zQRsb4LMa1dp5aztNZYkb8KWYsP0IhzuaSB53ECsY/Wqf6f4csoHHfaH0ycpptBQW6W8S5lE0Sd3pciWynYkQ==","mode":420,"size":16880}}}