{"files":{"LICENSE":{"checkedAt":1708590272570,"integrity":"sha512-cQVm2ZHJQn8+rLUVRjRM3+S6Wt1iEWz7c/pejRLMf9mwbU0m42mZAq4o0XsaJam7E6wgIbUsPVMTpzPHU2DB1A==","mode":420,"size":1080},"index.js":{"checkedAt":1708590272571,"integrity":"sha512-wEnmeNtipZ2ypV56FKN/fDxF13E21I9eud2ZgUYjq3xZwSSZ1mauxvxwZVyeA2skfMIIm1szKLLuoIlSTB+Fnw==","mode":420,"size":1893},"package.json":{"checkedAt":1708590272572,"integrity":"sha512-v92v0vBr7XdKB6SJnFbzkFLn21GbH5Zyig2+a/o7R3R+7AD5nl4j3Mp6zhEcmuu41zY9o4fJRael4iaNKSeWBQ==","mode":420,"size":667},"README.md":{"checkedAt":1708590272572,"integrity":"sha512-4OXc8gEOiFjsAl2l/2I1Atl5CpyL2NhsDla5up1n1UytHZyo+1Ulvs+joMo6cTAvhk+qkTMYdrHCMUDf1ktG+g==","mode":420,"size":871}}}