{"files":{"LICENSE":{"checkedAt":1708590282251,"integrity":"sha512-Vdy8f/8awcR1X0y/JLoh4NyuBiyALT25N9K2GC9FVN2F0UUpoMlojqyCWjRbY6uLLl12meK+BxeN9buKByI16w==","mode":420,"size":1091},"index.js":{"checkedAt":1708590282252,"integrity":"sha512-CIHn5fUEr8AApzYpgU4RpVF/r6YEkmhHzGWzh9JpOXmahWpnbFPkR+sRNIgk+UUhz6bOkvzQvPzfToF4RkYYvw==","mode":420,"size":397},"package.json":{"checkedAt":1708590282253,"integrity":"sha512-16j7pU5NYFSfl0hXS3vYbiunSAOdPgLxDdHEPOzc/abDOekGKTXulCcQTrjgGFGaRCGoTiVXToegidd/EvNNfw==","mode":420,"size":993},"README.md":{"checkedAt":1708590282254,"integrity":"sha512-VjnSkzabJkSOAxR8ff8OWwRyTVrTZEuzesYTyZgWg8cRTix8qhReEJ/V0oUhoJZAhn6/7qpnL4Y1WmoBTN97ug==","mode":420,"size":2910}}}