{"files":{"package.json":{"checkedAt":1708590289199,"integrity":"sha512-2TjB+SUAamEiPB4Ooql7APqJEC7nA4z5KGlrVUVG6HfwQON8ai1mD77dDzkSCzh1yxLQvm2/28wDsRFWk+pMeQ==","mode":420,"size":741},"index.js":{"checkedAt":1708590289199,"integrity":"sha512-yelQEOSY8X9amA7r4taei1r3SKmrxdWxcCxrrTmRuGk90rTrrqX00WKh0d5T/ymGZWs10Yx8KyUEcfQbFXcyaw==","mode":420,"size":302},"license":{"checkedAt":1708590271497,"integrity":"sha512-rnnnpCCaRRrva3j3sLiBcOeiIzUSasNFUiv06v4IGNpYZarhUHxdwCJO+FRUjHId+ahDcYIvNtUMvNl/qUbu6Q==","mode":420,"size":1119},"readme.md":{"checkedAt":1708590289200,"integrity":"sha512-NY7RvDhZULl61oxXExYsFT7oNZITGGuHOTqbgebilbaAOHLHhXkDZFqFZ5zrymCURxt6hw2wH1bpek/tpzWOsw==","mode":420,"size":949}}}