{"files":{"package.json":{"checkedAt":1708590271651,"integrity":"sha512-mu/hU3kY6c1Qv76dzrWtqD04z+9Xr9MtOypL2M+YFpc4Us+ZoceUS36j3iFJwOiW0RiibJu2PEBUqYq66R2pAw==","mode":420,"size":374},".npmignore":{"checkedAt":1708590271652,"integrity":"sha512-5SKSP6ZQPwjZppQ5y50Dcq5t8bhXeDxfdPr1Drm5wZoQ4Daxt065TruDDsMbew0w20u33lRKGbZfJDeeXsAovA==","mode":420,"size":95},"README.md":{"checkedAt":1708590271653,"integrity":"sha512-Dqd6/6Kvfs/FwWQJtnWxTyprnajcj3x943DC9sO2qZAPHaphxpsM5e1eV96jglcYGjko8GPhWiZMqv2ny4dGpw==","mode":420,"size":535},"LICENSE":{"checkedAt":1708590271653,"integrity":"sha512-5HycIj0/VBX8kQ4Xg9xMr8DtZL0DBVx2HAenWEoxkxtsqdJCPXD6rFGInPgJB9zjUw02sjYjSWEGivRstWSK4Q==","mode":420,"size":1058},"index.js":{"checkedAt":1708590271654,"integrity":"sha512-/ux14O/qO2u1G7Xo28HJZMUKE252yZLhwq10X+f1TvF7qcqylr1m3KCT5zHCDvp7Z7y0tOULl4MZJoj/THz6OA==","mode":420,"size":1009},"test.js":{"checkedAt":1708590271655,"integrity":"sha512-o/QK6wiOMUzmZbAdkBF44BPT+zGhKPCijykEH1DjcXVVFiJdaWb7z0LrC7WltE5qH+VkRHPRi8xIq1YCyFamAw==","mode":420,"size":227},".travis.yml":{"checkedAt":1708590271655,"integrity":"sha512-bMb2VRyGMCDFgLfo+nayGwCIOh7s7oXuw5AydQ62tudUTlcquOuqPfQq03oTsYLSmm3y6+pH2XYUFVllEI1fOA==","mode":420,"size":38},"HISTORY.md":{"checkedAt":1708590271656,"integrity":"sha512-SWmm/zY/Cyw0/uS7odZtC+cR4RsAclOroGwkW/8M50C+FYkUe1WlwwfduFhre9b0wk2/ZwYt38cqNDDOlPS3ew==","mode":420,"size":203}}}