{"files":{"package.json":{"checkedAt":1708590293214,"integrity":"sha512-Ljm3tNdZQ75m9SYZjwN8Ud5lBDyLTwtNQ034Z0glCmOpgiLr9f0ndl0dfESvcj2EW1CvojfJa70gdxzOUyJ0Nw==","mode":436,"size":1312},"CHANGELOG.md":{"checkedAt":1708590293215,"integrity":"sha512-n7YjaKIMwQ1tqhv9akzSxDyt0t18v7etftwgDaUP7xRxQEKF+HqhfVSh9nNa1lKTMqWoDTawI1azDuWwRjhiZA==","mode":436,"size":1155},"index.js":{"checkedAt":1708590293216,"integrity":"sha512-n76QNPhmKQWIEpBl+ivm+TobcRpeNBYB2EE/iWScIu6QZwklnqU0vSnPykn3a8r1Dun2mg4suAy2P10RIZGIOg==","mode":436,"size":47},"LICENSE":{"checkedAt":1708590293217,"integrity":"sha512-DWQOyztAi96W4Ds+eIMFCYCstAQ4jwx1A65h7RjH/xwi1I8ayTdn25jMlRcZy0MlYlTnIZaPNq0l4PFqFzQmVw==","mode":436,"size":1093},"README.md":{"checkedAt":1708590293217,"integrity":"sha512-1+QXvAbJMmJ6ImmBXvXytEagD8cPM8+7gnwp21YIEnSHT0drBrKZS1CHzWGjDQmGRWWsZ8sLNnTwTXAn3atvtg==","mode":436,"size":1290},"lib/deep-extend.js":{"checkedAt":1708590293218,"integrity":"sha512-IN+y2Sshk3DYLFRLTIGWknrMjQ0MFgVq2T0e2u0QNhkrx+QBZHRTCwLJmHVg+EtWRHz+C6e/0BCw2ogxc3Ou1g==","mode":436,"size":4293}}}