{"files":{".editorconfig":{"checkedAt":1708590284635,"integrity":"sha512-nFz2Cup2NkFCisgRu25rqoTR1S/llYDFgm2r/Z9CyjqiCYCA8s8ZharhVcERN5u2QDg5clmcKTwnMV6F2Nq4CQ==","mode":420,"size":289},".eslintrc":{"checkedAt":1708590284636,"integrity":"sha512-vjEgtGA1nMFbQ9uihhnS76TIBLkhzQBiCisdfJ71Jxa0q16vLJ1dYxqAIdDhgzMjdIKOqZjBVzFbah/5cT7NPA==","mode":420,"size":218},".nycrc":{"checkedAt":1708590284636,"integrity":"sha512-2vm1RFz8Ajl/OYrfoCWPJIm3Bpnf7Gyn5bha/lZx/cq+We3uMy9xj15XeP6x4wF3jf/pO7KMHAkU9mllm605xg==","mode":420,"size":139},"LICENSE":{"checkedAt":1708590284636,"integrity":"sha512-IWoaw2rNySm6PLN4i/XDKs07noaIUnbECrAxwPBdCPY15HJEJu48w05F9usVXOf74Q5yGArE20iy3RdJVeLivQ==","mode":420,"size":1088},"index.js":{"checkedAt":1708590284637,"integrity":"sha512-eCTGgQI41ZcgA636bK4diSOekrYmkpFdvZ+DpW8zZPIJOT1ftj2ik4JfXyTSvSSjIxezguBbLx4DyFpW6KsOpw==","mode":420,"size":806},"test/index.js":{"checkedAt":1708590284638,"integrity":"sha512-UP2WWIIoj2+4EDGH/sic7Dp6duVij+C/Lsma7ZTIsTQZVwUA2rVRo+rCjrXpRDRfIlbG5nX782kFqsSxJmy2AA==","mode":420,"size":1807},"package.json":{"checkedAt":1708590284638,"integrity":"sha512-QrEy2vYcE/weRFxHPEjF9bB0UDviw027W4npK1WWfe5fNe2n/6xlaLfj2E3xmI35ReW6NL+0WNZdXzIRTxlw7w==","mode":420,"size":2191},"CHANGELOG.md":{"checkedAt":1708590284639,"integrity":"sha512-59SJFwiPwn0ZThHF3oqiMTbYemYpts7OCFygC1KVSzLK8o6Q4EU6M7zPzkifh6YkVWvL9Qb3DgnUxJFe1aXG8g==","mode":420,"size":7963},"README.md":{"checkedAt":1708590284640,"integrity":"sha512-t/NSLTAA011FCOGBAimYe+vt6SqfaZ73kU8yv0/c+VhbtiulYl2/WPWNi8227+XqYMJeSDLMxQUQFR8j4IAl7g==","mode":420,"size":3721},".github/FUNDING.yml":{"checkedAt":1708590284640,"integrity":"sha512-dLC2Hzl613gV+Z8EN6uM7/CgEFN1ssOXnW+EklBlf9uMi9iqnhw+um8mpTf1rf64B8x1UdmrHQV4ircp/COSbA==","mode":420,"size":589}}}