{"files":{"package.json":{"checkedAt":1708590270949,"integrity":"sha512-sFFNhbdppM4ntb0Z9iMA7pKcGwIl7sj4PtOJDOgMVmkJEU9EfYTgnT5NT2DleY/5QyUguEQ3nrNrJvTQD0QJOA==","mode":420,"size":586},"README.md":{"checkedAt":1708590266858,"integrity":"sha512-HbqKiqxQanHamGk0nWStHoM2JpDlsRprDuc+aiAZp9uu1FJlQCnOZBJU0b3js9Pku7D9MTYIRrjP0B3NJXk1lw==","mode":420,"size":1625},"LICENSE":{"checkedAt":1708590266857,"integrity":"sha512-YVn+aXDNtyncw2O/6DSSSmze1tSqWF+WXm1YtlxU1eGYpps8fU5zOWSjwVQqRYCAFtgWzYmsORlnHGAb0u2XhQ==","mode":420,"size":749},"inherits.js":{"checkedAt":1708590270949,"integrity":"sha512-4lAqWJzo308f0eNe9AbXAAYSywSKMNpebuxB9bUCtDfpTPaX14X7roJaA3lzTeyrTXlA834oK7TvxqYxNPImzw==","mode":420,"size":192},"inherits_browser.js":{"checkedAt":1708590270950,"integrity":"sha512-zBAOp14xBnYFM8SK035WVQ7Xj0ZvOYtwigtKTzJLQxv7qBFY9jJefzmN/6g8DOAG1zTTMxV6vpIaTEV0QXz7Pg==","mode":420,"size":672}}}