{"files":{".eslintrc":{"checkedAt":1708590272531,"integrity":"sha512-akJG+Oheuj3Bv8Q95C/wjFH8/bOuMaOGwZSR7gSXEnWqC7PFfFAmchNcNP87Gf3xVutdeh80cK5uQxfAM9pprw==","mode":420,"size":339},".nycrc":{"checkedAt":1708590272532,"integrity":"sha512-2vm1RFz8Ajl/OYrfoCWPJIm3Bpnf7Gyn5bha/lZx/cq+We3uMy9xj15XeP6x4wF3jf/pO7KMHAkU9mllm605xg==","mode":420,"size":139},"LICENSE":{"checkedAt":1708590272532,"integrity":"sha512-1mJKUZ9YlpyqqQZlDeW/4CCD2kauoUkswy1431sW5SiS8Eva23XufQiTVh5Nem2WmzOr5dyKsg2dXWrJcIgQZA==","mode":420,"size":1078},"index.js":{"checkedAt":1708590272533,"integrity":"sha512-qhS//dhxVM+h+7cpK+CAWlB63GvMn8kpqr0lERpdqRp44hX1/yURAdf9SkS+8rgDaNrT92/DXjFv7eTuyDyPSw==","mode":420,"size":1766},"test/index.js":{"checkedAt":1708590272534,"integrity":"sha512-UD5IXWTsXdVA83dn3f2mA9vY5dDvnFwavGiyeoxCfkeJXpCSxnm9qJxNinBd1W1tvUV0uuLlW2sJhW6S0UcG6A==","mode":420,"size":4072},"core.json":{"checkedAt":1708590272534,"integrity":"sha512-Mk0dw/rcett0oSGtdLdWyasylZDiU7LDrsVEs3Kp2/vMkoL9Sn0Mxb4Ddi402c3rrx9Hh4JXI+rj2WNWvLHZlQ==","mode":420,"size":5769},"package.json":{"checkedAt":1708590272535,"integrity":"sha512-+3N5azR2zwIyATg0bH/oBZaJw3tvkvv84IwUPCtuUhUP9FX3XZakahSMpwI32oXBjoR8bx3/NzvuOYVGUqZtfA==","mode":420,"size":1852},"CHANGELOG.md":{"checkedAt":1708590272536,"integrity":"sha512-/pT338DAeY269phuzgEu+tdnetZRm07YzE0WsQM+cql0b6XG2tUgia+f9rXJiZvB7zLVSr+qrMgY2dVOBOpZiA==","mode":420,"size":13565},"README.md":{"checkedAt":1708590272537,"integrity":"sha512-mT1iSdlVEusV6N8u9SWqI6tc1rHKQtsIhDXU3SZ/VueTe5wlCJerQhSw6OndGnFgppHf5ZSCFuWKYO5gaYHAyw==","mode":420,"size":1659}}}