{"files":{"Jenkinsfile":{"checkedAt":1708590263073,"integrity":"sha512-Fx82QMG6NRkUeOrHSyeNZylnRrNxjEdpfNRFc4f+wRDiDomegfgxKFiStg3qvIls9erlD0zx02i/79qLju0A2A==","mode":420,"size":1715},"LICENSE":{"checkedAt":1708590263074,"integrity":"sha512-tMVXv1IiB1h1JqlWR7oTWTtMHgdJQsUZhMrrnAoER8oPPAeqLHNabhJlUmn5jiZ5LfupGMZANHq6VHFWyKC3NA==","mode":420,"size":1076},"lib/ber/errors.js":{"checkedAt":1708590263075,"integrity":"sha512-2itv4w8BcpbMo++0dC8oBm4ouZ36DD1N4RMixJN35tlFXwdaK3fSTU9OHSRo/C9TKSBoXe0WoWOCJNmmEijp/A==","mode":420,"size":240},"lib/ber/index.js":{"checkedAt":1708590263076,"integrity":"sha512-bqqcNaxTIYqv70HwZ/oMRTrsqEwth+fov9V9CZ4cG9yFE0fJsTP9iZW+la4Aky04S5a8i8fPg3tKpIdX9Yj7pA==","mode":420,"size":469},"lib/index.js":{"checkedAt":1708590263077,"integrity":"sha512-5vAp2PWMrjggDpefW+ohBYv6E+xEnvBIPYxtrngmTy4GVqkkYq7fo7YPrDdN76jSnJ3pvQyZQGaK6atEdSCQSA==","mode":420,"size":320},"lib/ber/reader.js":{"checkedAt":1708590263078,"integrity":"sha512-5RqikdFAeDScLbnFxDsuFCNtc3oBiabvGje+h+TqvhUdquXphCmrF29nz8CuoWCKZGcbIxdA0Vtt3uA+QUqXQA==","mode":420,"size":5650},"lib/ber/types.js":{"checkedAt":1708590263079,"integrity":"sha512-Mczti29Tda/4YpITxj9Ic1Dyjf352WdqQlSYjJLbueA1pIwJGGd/qyhEfnrY3e1UwGN55KJR7dpmb+4azeLEyg==","mode":420,"size":638},"lib/ber/writer.js":{"checkedAt":1708590263080,"integrity":"sha512-MtGWGFdE5wy3eWbabkXZSnnE/CApcayU/Vn2IUJFPa8CQhdoOcjoQd66rYv0fW2chCVu9jKt7No54l9T+KLS+w==","mode":420,"size":7666},"package.json":{"checkedAt":1708590263081,"integrity":"sha512-udR4ZlJm0TNHOLNxBB9sqGmd+lyOoCcMattrYkEj/fri7MHalTvQuhB3RcIx7SEpLbkZqXRvmavh8qUoi5+KcQ==","mode":420,"size":782},"README.md":{"checkedAt":1708590263082,"integrity":"sha512-u30/NyBHCrkU54kIxxrOEIKg1IXw7FrvitWi9f+sGVLMcs0xKp3zX866Bqk42Hltxq09AezRV9HPRnDwv3nRNg==","mode":420,"size":1201}}}