{"files":{"package.json":{"checkedAt":1708590270682,"integrity":"sha512-Q38JROQIct6N7Pe16bF9QrFy82xtWfPCEIrzDNEaUORUyGNbJt75GIhOPPLJB7zBgUet/0IfvAqkGIASwFvKjQ==","mode":438,"size":1310},"README.md":{"checkedAt":1708590270683,"integrity":"sha512-YD7GoqE7bu4O8wzRXzWbITPa/oZAwxCkh9kU+5R6yshIQsjiM5To25bibND2hcGWD9C4Aj4p41dPD5KCZihumQ==","mode":438,"size":3484},"LICENSE":{"checkedAt":1708590270684,"integrity":"sha512-LBarc0LOCCF4MNchtPI40Iz8BebgqUWwGp6AhqymIym3viIOC4sT4/LIY6Vze/J41oaNZ+aVTIXf0vKUcMaifQ==","mode":438,"size":1176},"index.js":{"checkedAt":1708590270684,"integrity":"sha512-UxS/pllAD5bgT/jusanI82ZCPRpQwXie6dxv/lUh8hgYL/Jf9LfwixeJds3UcuXZWyNvseSjKV77CYH++x4JqA==","mode":438,"size":1799},"HISTORY.md":{"checkedAt":1708590270685,"integrity":"sha512-OGR/Ia3nXWdcxgPypjcciRh6W//FI/cnLPGm9+xnhNtx6abaasZVwSBC62JCBUGqhE0yIZHpE0bkOLKeIVSZ3A==","mode":438,"size":1467}}}