{"files":{"package.json":{"checkedAt":1708590273112,"integrity":"sha512-x7nUdKwXJ8gK78LvdKD74puUqyh43oMd85/4HL5Q1JlPOyvZtV4Kkkoz7t8INiOUidDdjeGDlPYITo4cLEQDLA==","mode":438,"size":464},".npmignore":{"checkedAt":1708590273113,"integrity":"sha512-c5Jy2A/emXuPH4eIY5nneYsmIpkbTZu1Is4M849+w/J1zeXnvOIkwaQzUGzYt0NumwfruYl920KMrgdFHD7KlA==","mode":438,"size":104},"README.md":{"checkedAt":1708590273114,"integrity":"sha512-PM5UeHJeDYem6SiiClk5ZuiNT0VxoLDbtyTB+amdkue2MdeTY+nKke142tvwU/EFAWWlD/KRWJlIjOrDaVXViw==","mode":438,"size":1773},"LICENSE":{"checkedAt":1708590273115,"integrity":"sha512-sninKVyQok6a4SaJJ9Z+lCMZXY783aUHhjapGiZ7Ou+aeRutwGvRbKFYhPglcrd5GauRHGx7ikBhTB9PvARr2g==","mode":438,"size":1058},"index.js":{"checkedAt":1708590273115,"integrity":"sha512-Q9jJH87gWw9TfdZEqTQ3CjtBFdsppvHsoGvNHoKxIk/27xQDQxry6+IFYqOTM5zsa+ZjEZ9nGUkJK61KzGQtsQ==","mode":438,"size":841},".travis.yml":{"checkedAt":1708590273116,"integrity":"sha512-I7npaF7mPlxV60eJ5Bnx8BGOnWKKoc2SUmEYNOTUSABe6+DSPq6Z1TvOy3AUzkam/hEfrGbQ7etlP+6ivmaIyg==","mode":438,"size":215},"HISTORY.md":{"checkedAt":1708590273117,"integrity":"sha512-8iyZgMVWI3T0xQ+7zC3MJq3lHuSVdj3uI6iMaOb00LF48Fwi1asHA5PqfmWfTNKMRx53Rh+TXchiOZD2qfG4lw==","mode":438,"size":98},"test/index.js":{"checkedAt":1708590273118,"integrity":"sha512-58iHi2p6EUenB0zkrNa3oLVgG8kxke8nuqQkQ8RpBoFESAlnaJ5QO8iDOPEaGc0xbcTMPObwT3nQ7kcZ1xjw7Q==","mode":438,"size":972}}}