{"files":{"package.json":{"checkedAt":1708590270210,"integrity":"sha512-yzeJ/2MjB2GTzOPisZjtZdXkGuEZQ197gZvFmRfWx5XIpfYHkWIwwSSN+o491vKglAGt8VlEqeKPbWedLDdQyg==","mode":420,"size":977},"index.js":{"checkedAt":1708590270211,"integrity":"sha512-FDWPgc80FEs5ECfQapPaGlBymENEApliYavWaix6IDHGTjJhas1XdUD81WPsZKETheRAh5L+HLoeZwfxbw5sPw==","mode":420,"size":3574},"license":{"checkedAt":1708590270211,"integrity":"sha512-nIst73auX/5NY2Fmv5Y116vWnNrEv4GaIUX3lpZG05rpXJY2S8EX+fpUS5hRjClCM0VdT2Za9DDHXXB5jdSrEw==","mode":420,"size":1109},"readme.md":{"checkedAt":1708590270212,"integrity":"sha512-wq/mIcJB7wXT8ay7i9rQhwClrWN5mq1wAzRDaA6qrhRjq9li8/118Y36cfgbKNsnHuxPuo76ZxqiSy8fsG/iow==","mode":420,"size":3711}}}