{"files":{"package.json":{"checkedAt":1708590279571,"integrity":"sha512-dY9vrJM6C056ikhK9KZU5GDSJlsQeTZ0AubTHBut8NtZ+jhyxcI70bVwuLpL0IGpXWuFJUaTMeFlGwAe0TfQhA==","mode":420,"size":600},"README.md":{"checkedAt":1708590279572,"integrity":"sha512-2azzNJLGsg7qJTB1Bio1O7uxeuBdyasveRCEGIouHvoR5Uh2XRcHgH7sxXpayWBev1rh3aIw5ZlSCGyHDhHgCw==","mode":420,"size":2539},"LICENSE":{"checkedAt":1708590279573,"integrity":"sha512-ae9woaSNwNypcVwcH1SsOY//SN38etNPDvcuG3vtcwz2nZa2T2x94RV0vu5SIndfpEWMslIDFN10TVZaO2ZXNQ==","mode":420,"size":1112},"index.js":{"checkedAt":1708590279573,"integrity":"sha512-aXE34pr4MHlS3LHF9P10NSIYCxtUzuEu1/2Se2Ltr42IrajMhRlWj+1bjhhYBCD2C8iHgaQq/Nxiinw89FLSDg==","mode":420,"size":565},"History.md":{"checkedAt":1708590279574,"integrity":"sha512-q5ak6kWs3kNXB+Hhy4mWX0cdrEVrsRpHJkttMqaZAlAZZi+FgABJeYVGCjinS7olsfbwBGfs0h/uLNWaJj9aIw==","mode":420,"size":842}}}