{"files":{"package.json":{"checkedAt":1708590281836,"integrity":"sha512-Fw8yZWiCStbPupVJA25H5B8/pU1rut3a0EdCApYX9T6TcPl3EahJJ7RLeqencNhGzsbLK3bPPPzt5cXHEqBc8w==","mode":420,"size":1834},"README.md":{"checkedAt":1708590281837,"integrity":"sha512-52fRatv9qsBNUN4z/iaKrzk3/C/1RM9XMyQ93fSMNeeXZF8O5VYmMrdtAKl5FedcgNK5ComKROD7Tq0r94k91w==","mode":420,"size":8881},"LICENSE":{"checkedAt":1708590281838,"integrity":"sha512-tvfTdJiWJDiFPpsR/I9WZSs0oBmhGFXq7UhlakT0rx9viP394eXYZoTSYAH9KLC6LQkxkGWAeqY2WHVWHwxwPQ==","mode":420,"size":1087},"index.js":{"checkedAt":1708590281839,"integrity":"sha512-66Gcj6fcCF11scDy1gQTfJMAHZ+jTT/rB0aDSPm9i+GPHewTHkIxSrcNNXeh7tksV/L2/+kzCVnsHHlIKZHOYQ==","mode":420,"size":5061}}}