{"files":{"LICENSE":{"checkedAt":1708590265822,"integrity":"sha512-cVxpVYegKHM6CS2xLIzymGrHRdLS+ViWHaqPm5RXdEvmPJUhwNNLWUu04IhKAMXkHhm+uWZuQmURhjwtgkHDNA==","mode":420,"size":1177},"lib/charset.js":{"checkedAt":1708590265823,"integrity":"sha512-bFuI8vVgmQGPE+QPDGdTUiceY+kosDzSVjC9qVBZ5cKJx4dSlH3CnjCeZiZBc9bO18xj/L8FGOlVuhKiur9Tlg==","mode":420,"size":3081},"lib/encoding.js":{"checkedAt":1708590265825,"integrity":"sha512-8ZZqNF8zgAdTJZUidaasBmj+pSrkyq1DHYq5Bor+GjwXti0r4N2eGbSNhD7POlj5Tb1SJAppI0orIyBERozYbw==","mode":420,"size":3506},"index.js":{"checkedAt":1708590265826,"integrity":"sha512-N1G4htP3jQvh5QELYIaw3xF1+F1Sp1oR6fCSMrw17duOkt7k8hm3BfmKI8Berrt5xBTU9Xyfx+8ePoMeQeG8rw==","mode":420,"size":2451},"lib/language.js":{"checkedAt":1708590265827,"integrity":"sha512-17rG4s4oUl1n4Ljv9OL+GGjRHsafmMMQweYlhQS83vzsrOlnp3If3qvZOqGNDUDRv+VNzt8Jke0SEZr4vedEkA==","mode":420,"size":3409},"lib/mediaType.js":{"checkedAt":1708590265828,"integrity":"sha512-RL++yyk5Obxd8bmMSD/AHzZkDeFSJdk2uRn3M6ICzN2i9yf1VDhT3m5UEVe93ov1f5z8kY4OrRuZBWnhd5p7pw==","mode":420,"size":5358},"package.json":{"checkedAt":1708590265829,"integrity":"sha512-wirZ1+HAkbJspavLf25zOOt5vTbhIo2tnsaQPJkiokUfUYwhUHzILczWm+ExMjaN5+/K0d57pWJwx5l97POhqg==","mode":420,"size":993},"HISTORY.md":{"checkedAt":1708590265830,"integrity":"sha512-jDRIOyCv2S/BfFGm32In5dyltNju7QmJ3TQ3GVHLh9Mj97y/WbnLxgKuUhqElcGFU2UhiWAOlzU5aprWKJPT0Q==","mode":420,"size":2499},"README.md":{"checkedAt":1708590265831,"integrity":"sha512-hNyh8UW3w1pcXiYHyX+6t7X2TFxICV5XRn/bp6UDsv7DCJFSGj6Frlt+/9yvtamSuFapNBey+PRkx361hfoXWQ==","mode":420,"size":4901}}}