{"files":{"package.json":{"checkedAt":1708590284596,"integrity":"sha512-Cjir6mHUHx2scOIzK98Hw9fHj3+1F7GyQD+QWPQFe6l+FrNqo4DbypEC/bW9urnLURaLi8SH6KOld5tIDCqAFQ==","mode":420,"size":1215},"README.md":{"checkedAt":1708590284597,"integrity":"sha512-4VyREmYd0zGf+eEsZldrb7zpb/bVEhp32C6G7vd/Emac1sKfjGl1r9P55Ef+Ta9oHyy0wS1bK2ugsPk7zQMavg==","mode":420,"size":2999},"LICENSE":{"checkedAt":1708590284597,"integrity":"sha512-CnFEd+zu5cIdcJwcKPQ82LYbZN4zpDGBC4DxyXXSoxyA6Nq6K9d6CCYXQdosU9Fq96xELj21N/ZtmeEGcqlDPw==","mode":420,"size":1088},"index.js":{"checkedAt":1708590284598,"integrity":"sha512-QgGDr9tHlGaHWPupw5UNPow3UhnBmJDCHlk26r6fBX6k0Fh3knrTuAdj8COfLSpM6q7aik8x79+QeOyZNEdc8w==","mode":420,"size":317}}}