{"files":{"license":{"checkedAt":1708590288261,"integrity":"sha512-nIst73auX/5NY2Fmv5Y116vWnNrEv4GaIUX3lpZG05rpXJY2S8EX+fpUS5hRjClCM0VdT2Za9DDHXXB5jdSrEw==","mode":420,"size":1109},"index.js":{"checkedAt":1708590288262,"integrity":"sha512-2PlT4w9izlw3B48B81Ey/PcJEtYpRTAPZKpvifN44gwm2d8lMIrVPcfXwZ1d/UO1RZestvX02Re4iYQqL6SXyg==","mode":420,"size":286},"package.json":{"checkedAt":1708590288263,"integrity":"sha512-rFqq0HGJDTUROouWegXoyrnKX0ADpWOjjdEfUo5PQlat2ZUxVxVmDx+QXeHy2hnHH4H378gvtBaLOTU6D+x7Cw==","mode":420,"size":873},"readme.md":{"checkedAt":1708590288263,"integrity":"sha512-68G7VxfjIwG3ZTkct2/cVogKJ5pP20lKoA3DudOCcbVnft5x4mElQs611Ms8tEDu9zxr4JIQC0xJBZA9gpGDSQ==","mode":420,"size":1786}}}