{"files":{"package.json":{"checkedAt":1708590266808,"integrity":"sha512-21PWkMm+hdDPTA36I472jBSb/K8VKqamrU7LANPceKFhf0WCJbtucfKju649wBW9qg0QJuEiis2Mj+PcxZ41aw==","mode":420,"size":818},"History.md":{"checkedAt":1708590266809,"integrity":"sha512-QLrmmRJm87rXZQdiD0rMBgf1QfZGhNAdq1OETspMninfK0d6Li1JenboTLdZtyCRS7DVazQtVfctbpqlFXDQUA==","mode":420,"size":2614},"index.js":{"checkedAt":1708590266810,"integrity":"sha512-NeJV+0jUvtdqEGUHMzloLHbQV8czgFtf21RWE72T19eaQDUHKJZl3IyI9paUwfWxLkdhZSeuWVA4Cpm4CHfccQ==","mode":420,"size":178},"Readme.md":{"checkedAt":1708590266811,"integrity":"sha512-Ew4xNEi3YZIVY/CZF6Yu7CUsdUhJDmk9PcbqJs5rZmz9xMMU1xyN8NAZugVqb3MPmcfm9n/eTPa3uTD7Y3tNrA==","mode":420,"size":3098},"lib/any.js":{"checkedAt":1708590266812,"integrity":"sha512-PgnZisKK4woLyrtg6wnvcCzHZlSmxQbX6VBqiFDnNjG1UW5LqO4q7j0qAWiXWWgq54kWRLiTa5Nw/2EF2O8Xow==","mode":420,"size":1240},"lib/form.js":{"checkedAt":1708590266814,"integrity":"sha512-y2gvi/STEK4pK6UO/E1HVaziM+h1vrsbAhKqxcgrnrk+tixRKAPylQPEzPha8bL/sNhDBkP0QSYPCmNLvUY2tg==","mode":420,"size":1217},"lib/json.js":{"checkedAt":1708590266815,"integrity":"sha512-1pMXEDtKMIt4tSp2iZnGJVsz2phKfWjP50+EAuLrbZwAvQVwjo69UTaqLBBDKibh0UcWjbbmD9sol0gcTyyJZg==","mode":420,"size":1473},"lib/text.js":{"checkedAt":1708590266816,"integrity":"sha512-QL98SfAjf2VNjWFBIgLSOMMvwy/e2FFp/SImFG/2PZrWM7G8FM6f4JI90QjGp9yXbldDjyXMyNUSKHjB8t+zGA==","mode":420,"size":940},"lib/utils.js":{"checkedAt":1708590266817,"integrity":"sha512-jiI6xc6qOWBX2dDCPKocc4X0U/9cl1cQV3h+s0xT1FvqqOA9wInMxMcFpKbAgeijByz4zdjVqPwimS/0ory2Ug==","mode":420,"size":207}}}