{"files":{".eslintrc":{"checkedAt":1708590267669,"integrity":"sha512-rCwUGz2SF8ZHDbpQR0buZcONJl4ioFUNgvlnfKrRmimktzqAHxHEz6XJgejIK5NvhSUXYiayLmQh11FaeqhQcQ==","mode":420,"size":224},"LICENSE":{"checkedAt":1708590267670,"integrity":"sha512-zSWZlPMHqdrYcu0iKn0DZJ7EU8PHWsyOsYC+m2L4TRgwzvU+9Xsi8DCgqVoMt3xcoyvGCZp05dGObt+3xshLBw==","mode":420,"size":1071},"index.js":{"checkedAt":1708590267670,"integrity":"sha512-uYo/MqDyGX8n0rPvZfQOXLHtVOBvYXxUQZtLSfymkdqoRLKSBJKKpUTZT3ilxpzJDtY6BKtKEMSCndesBnzx5w==","mode":420,"size":263},"test/index.js":{"checkedAt":1708590267671,"integrity":"sha512-LeYoZ0HBUbTQuYCl2EB2133RRxh822RAIjp2IyuXiXENLhO1CDhvwFkMg1YybO5Af6UkFzsL+q1jTxmfy+S19Q==","mode":420,"size":590},"package.json":{"checkedAt":1708590267672,"integrity":"sha512-oy8KFP+jLCBZcDM2RaJP01PkKpZVcqcIJqRdHOFFoNQd3cHJEA2o3XmKxfeFOF5tD0xenoL4fBDfTmOtjDQqRA==","mode":420,"size":1877},"CHANGELOG.md":{"checkedAt":1708590267673,"integrity":"sha512-bmQ3E6niJZtsZsE90DLXKhwjFLKOYmlrVD/qf2AHHFBM2cF6yrISTuUR1Za65Z5qglMOX9cmK1a+NWQiLhL4nw==","mode":420,"size":1541},"README.md":{"checkedAt":1708590267674,"integrity":"sha512-ve9AVfdNSvYzfu1NI8F2T5dUStIWFuQNJ1CvZKc+4A/reBvJyCsTLD1Ri/hwxAIcF2n08WNHyNtm0SSFmENQsg==","mode":420,"size":1562},".github/FUNDING.yml":{"checkedAt":1708590267676,"integrity":"sha512-CKADxNHrg4lcKXGnn+4J7l0qN80KpI+rI9psJU608N8CEiuTaT73I83gYIzlATQvn/jBFYvOma+6olIJZlyQAQ==","mode":420,"size":575}}}