{"files":{".eslintrc":{"checkedAt":1708590292953,"integrity":"sha512-bi9Znl1Zx/YWlbSV211Lm3LJZ9wpI5Ysaw8p+9WkxhUhGqYbjqpuNzniwYzjECmMnrTveIoeFEOvE8T6jhn//Q==","mode":420,"size":173},".nycrc":{"checkedAt":1708590292953,"integrity":"sha512-2vm1RFz8Ajl/OYrfoCWPJIm3Bpnf7Gyn5bha/lZx/cq+We3uMy9xj15XeP6x4wF3jf/pO7KMHAkU9mllm605xg==","mode":420,"size":139},"LICENSE":{"checkedAt":1708590292953,"integrity":"sha512-16Lw2sQpq8QINLGIfL/+xkhzMDKK7+1KhO0tqPzWh6SJx+JcmBuZ7w7FwLce+/bDBInYIE8pUEWvqkiN2Y1kTg==","mode":420,"size":1067},"index.js":{"checkedAt":1708590292954,"integrity":"sha512-m49cLwUwbkRGuY6/B+vidhsv2PTfT+Wr5W+fiFYYWsj+r1RTVenDaCK6o2c+6yrGQ8SbBvctrMeIxhGn5fpIZQ==","mode":420,"size":588},"test/index.js":{"checkedAt":1708590292954,"integrity":"sha512-bLTQbnUDxLO90N8dEt2ejGM2LFlK7DCe8TSeVJleERdI43/H8hi9oFO6+7SoL/00H1joC+w8s9tdFWxA881MJg==","mode":420,"size":1405},"package.json":{"checkedAt":1708590292955,"integrity":"sha512-auM68PT4f5DEgkgkVmlE7zdTNgzOdJedUyu8yY2ZWurycK5+edazpZ1srm8piSUMej2EozO1K2ykzHYkAdbARg==","mode":420,"size":2090},"CHANGELOG.md":{"checkedAt":1708590292956,"integrity":"sha512-PzxpiVMMCH04iOWPJd4mVny4Mh8hjzAcNsLQ8FwgctSl5oUKoTBBFco87ke6Z9+i1EIzyo8sxAT0+UMTZmkOjQ==","mode":420,"size":2648},"README.md":{"checkedAt":1708590292957,"integrity":"sha512-QyB8VEyzLjh04u0vI9QRNlvyHgSk9x/DIrvb+v2GYQWUHZjXRLVnuTZS2UxdYSGm8rasx2yQFPRQt+mHBRz0uQ==","mode":420,"size":2206},".github/FUNDING.yml":{"checkedAt":1708590292958,"integrity":"sha512-3pikds1D59yg6EcDor3Ugx9/RcsnQyeU+NzFYLjvbcKWcyjEioOwCi/7fJVSdHvWacEgjtWsO6PNceShogHEUw==","mode":420,"size":595}}}