{"files":{"package.json":{"checkedAt":1708590261011,"integrity":"sha512-pOF67u6TDJVJ/flu9aetlNTyE65voJ/VCHq8w/ezbMKYqhgpx/GAqQCZnpN1/0detvFn2+snH6KyBsiGRjPKJQ==","mode":420,"size":1371},"README.md":{"checkedAt":1708590261013,"integrity":"sha512-MI6DuUvPA7xo/NxO8JuG+SMF8JnBwUOLQKVhZLNdy6eoafxHpPMyZLjOYW+DF0QuE7kTICmdYZsxzahsoTcv1g==","mode":420,"size":2117},"LICENSE":{"checkedAt":1708590261014,"integrity":"sha512-vHm7sE/W5zL4+TUmFwqp5UmHE7Yx/1M5S5JyBImxsjkg9akt2q9DzPzWbSLVFXPMstDEM/+cn0nYlKQPEGonOQ==","mode":420,"size":755},"lib/index.js":{"checkedAt":1708590261015,"integrity":"sha512-Kjg/+fLh1Kp2sI6e+49RLQJxyf8Kae7DvV0iF9a0WZ2Wlej/kznaqynFikWK1g3T4qqPl9b5wF9jBXxpScoPjw==","mode":420,"size":714},"lib/header.json":{"checkedAt":1708590261027,"integrity":"sha512-U3B6e1qkzfXzaRUBOl3ve+FJHrbXaVFYcdK16+PmYE3mmLRYQ50oE3ADiMQtJR6eoKtNu6UksNbpRx0Cp3VKgA==","mode":420,"size":307},"lib/browser.json":{"checkedAt":1708590261029,"integrity":"sha512-dCa6iT0RUeaXQ9R3oNW0bvRHNOtUfTi0Rbm64djtHe1D9iMc70Z0zbHBEqbrijeEIWmcJYHIKNWbt0332E+mlg==","mode":420,"size":312},"lib/cache.json":{"checkedAt":1708590261030,"integrity":"sha512-sCJ6HHacTKwfhXM6Q35693XJki+IS+Qzy/k6ofHATnMu/TztIoaFzJ8xUzq+c4p0ZuxlpRBy/THIR0vAYo/PCg==","mode":420,"size":400},"lib/content.json":{"checkedAt":1708590261031,"integrity":"sha512-gqrYmqFrYWUZxCBSVt2LXscL1CVP3dpYqjIutMib4B1sI8wTrS9b58UGnkN/VI7V12wHKJBdth5PvGX01vDdaA==","mode":420,"size":459},"lib/cookie.json":{"checkedAt":1708590261057,"integrity":"sha512-XPtDB/HJm6vpi2rfOuCHLz9whm1vC6wxCHe6t6QOFx/n+Z4IYRD4fkPU3rHclfBAHFHqTKNAjAi1fIyrYMQEGA==","mode":420,"size":579},"lib/creator.json":{"checkedAt":1708590261059,"integrity":"sha512-az641gIGrGswl8WRThE9IhshrLeuDaFEC7zfEaR9AzIk3dvOA5tZQokCJd/CNTQb684vMYrXIypxvQPuDVSUDw==","mode":420,"size":312},"lib/entry.json":{"checkedAt":1708590261060,"integrity":"sha512-CRX3TX79wt8lfYddeKyiEr26yCmKP1e7yd0AIJuOC6RwH+QqhRG5Lym/kmNTgIDiPoDdhzEWuYJ/VN/LsrFAeg==","mode":420,"size":1031},"lib/har.json":{"checkedAt":1708590261062,"integrity":"sha512-RPmm3XCQpF/E4OsR1JNtIC1HJx/EKwZy7V+lESvUO8B22T4isyQjoW3jPN57xplNhNr0cal86wESJrl85qUJXQ==","mode":420,"size":200},"lib/beforeRequest.json":{"checkedAt":1708590261063,"integrity":"sha512-jmq9ZSmBBESVIDMldiAdosmpBfcaP8DECry55zmpoV+34ZHpfhLS7nZltu+oZjdf71JAgjuHBCaINsav8/QVhA==","mode":420,"size":718},"lib/afterRequest.json":{"checkedAt":1708590261065,"integrity":"sha512-/nXjaChDw7QHRuMIxxVCamu01OgF/AwjY4hSktB/3nZcCTNXDhd2YVcltcQE6KJzVEg7GMz7MPFGts7V+y0UKg==","mode":420,"size":717},"lib/log.json":{"checkedAt":1708590261066,"integrity":"sha512-tnbtXX8DRt4ASWkO0Yj/bDb0WabdGxChGvzRGZrf/lhtYkyEeO+gQ/ybwUl+acHFRZaFM3oZSsEr1lLYswUyFg==","mode":420,"size":591},"lib/page.json":{"checkedAt":1708590261077,"integrity":"sha512-1oCLOE8nivCrWCvi3AjmfAywjO+1Q1L96b6xjriC6VhfYUdEYwgXnXd/N/AuH9wTNkQmazk2e2pHkiBnQ05CHQ==","mode":420,"size":661},"lib/pageTimings.json":{"checkedAt":1708590261078,"integrity":"sha512-TTp6swDOLz87RUtIeyxRJuUzY/Z/IMYiynyI0eI9fISIBmRfAguujeNM2pVy3IoHgoYxvLqOEB9islXeqOogVQ==","mode":420,"size":311},"lib/postData.json":{"checkedAt":1708590261079,"integrity":"sha512-RQj0i8JwxANHBIoFCgf+USJ4osOhQ2UQMxnk7j2goVMSZPk/QRKoI/LG6NvS2UQchUvyBSraGrg33ddDJL3IJA==","mode":420,"size":737},"lib/query.json":{"checkedAt":1708590261080,"integrity":"sha512-IjHDPMMKUdbCrLYI82aFirnW0eD6vmabLiz+OkAbI9lzxT70AiFru21FM7y7qoC4qPjJBm3AlM01jyj3FUt+Mw==","mode":420,"size":306},"lib/request.json":{"checkedAt":1708590261082,"integrity":"sha512-QsT6WfFtUocbdIRaKbqE+6t1ej+8gB+02R29pG/Ng4xOxrsPi7uDpWl23LNqbOyjJ0ng1Fo55K3Lcohv76KSaQ==","mode":420,"size":954},"lib/response.json":{"checkedAt":1708590261083,"integrity":"sha512-KY8qyCBPEVdiBdz8suGspecgFq/OKsfnVG6A6WbwMiimYJ7gMp0oMjI3PisRbhO2iCu8H2E0pC+NVXw1lX7Lng==","mode":420,"size":905},"lib/timings.json":{"checkedAt":1708590261084,"integrity":"sha512-hd7/gnW9EyNUImTMatpNQBYU1KvKp6sw2AyxgOLNO8tRmAOwc3kkahd54J6v1H/k52fssTHMjdA8H7hztz8bng==","mode":420,"size":647}}}