{"files":{"package.json":{"checkedAt":1708590268068,"integrity":"sha512-BL0SKvsVeYJyzUN0qG+kGp3qXqvx2BfW0qyJIjuy7TjcEwY72pctjOuW1YkrZnX+VrrpWlLsRf++eKpLRzM+pg==","mode":420,"size":656},"README.md":{"checkedAt":1708590268069,"integrity":"sha512-dcHjJUdTZR5VkPKueEIeL4HgJbi7cfhcY7knCe0N0aolrsjhV05TP3c/upAZ7V1n/0Te9fP3WZyL5PzX8MXZuA==","mode":420,"size":1363},"index.js":{"checkedAt":1708590268070,"integrity":"sha512-wkv/DajfMJz3/76Vy7G4uhNWP1IWp8N4GGUeYcusjcCaFsWQKRrfPaW/da6yTlUdB9wXK3FsnF/Aey0arCs0mA==","mode":420,"size":3007}}}