{"files":{"package.json":{"checkedAt":1708590288353,"integrity":"sha512-B7hTpmXt7TxKpaAp2zVzRjC9+L1PozYmdesoulU/ZTuj3w0vCghFwLzraLVdW/h9iqVfSWPBvJHlAcBHABmw4Q==","mode":420,"size":637},"index.js":{"checkedAt":1708590288353,"integrity":"sha512-GhE2Z+ruNMe8Yh6JTfJ2rmHdhPdtTgSAuRo5scH4+hYuNyoxvNlQqoWXhjvFdvTVNhefMH3fHUHOPkyRLzyh7w==","mode":420,"size":56},"license":{"checkedAt":1708590288354,"integrity":"sha512-rnnnpCCaRRrva3j3sLiBcOeiIzUSasNFUiv06v4IGNpYZarhUHxdwCJO+FRUjHId+ahDcYIvNtUMvNl/qUbu6Q==","mode":420,"size":1119},"readme.md":{"checkedAt":1708590288354,"integrity":"sha512-wZS+ofwSDLMITQro9iAbE/gMeXI/NLFaq+XRbrKD1AywBendMMm2pEWolOnukj4hhbHu8HOnQRDInApjxe8a0w==","mode":420,"size":1153},"boxes.json":{"checkedAt":1708590288355,"integrity":"sha512-KW8fDcUCC6fu/1Z5+Pb8LL3rU40jIEXj0xyhUT6Ri0Hw0N80n7h91CdSvS2OGYaO7InK7wo5TXm0WAAYztEMxw==","mode":420,"size":893}}}