{"files":{"license":{"checkedAt":1708590275243,"integrity":"sha512-nIst73auX/5NY2Fmv5Y116vWnNrEv4GaIUX3lpZG05rpXJY2S8EX+fpUS5hRjClCM0VdT2Za9DDHXXB5jdSrEw==","mode":420,"size":1109},"index.js":{"checkedAt":1708590275244,"integrity":"sha512-W9M3yPPrfWD5dueOzLMgomq1eysBjylf2IfpJ4WXDDFKaaaeyBVB8B5O6qYP1PBb/EYyqnNMlUbvQI22BMciBw==","mode":420,"size":415},"package.json":{"checkedAt":1708590275244,"integrity":"sha512-6nWMHmCb9lw+zAzVWlAgxsAL1/4V/7DaMZHFh9CgHk4ODzeBHNrs5CnRetDYS6K8l6wZahlBvr0DYDw/E3Uvgw==","mode":420,"size":650},"readme.md":{"checkedAt":1708590275245,"integrity":"sha512-7nsF5OK/jv3dEhCbQv7B4XF9HYz2HsLL4BWu/SI4kC6HdvpOMA5ZkqmtDDJHm/iFZpxf44pXIHIF77aSa+DACQ==","mode":420,"size":1347},"index.d.ts":{"checkedAt":1708590275245,"integrity":"sha512-gHWuJ5iZud9jB6l3L5armDQasErRVFuMQMO8OAnCuaXANuW8tBLfTFm2qm08poLXqvQJxWUaJ72coEk+yYDBmg==","mode":420,"size":1032}}}