{"files":{".eslintrc":{"checkedAt":1708590271349,"integrity":"sha512-ZdgdAkzKGO2vt+sOvYz8aPbc4KzC8MnKvKfrv4pCU+7f3OWKHamCcHFE65NWRFfOrJLqCGIfEUTFF0yClRXKIQ==","mode":420,"size":192},"test/.eslintrc":{"checkedAt":1708590271350,"integrity":"sha512-0gmUW8E4XTrGXbdFhlm8prLe6tLI7qO82yAYUbcxjLS0pSG9VDTsbc15JhzI3Uqe88faFMaTVzWM43l6ZG5mzw==","mode":420,"size":37},".gitattributes":{"checkedAt":1708590271350,"integrity":"sha512-2dpiIBrXYiHAmRq3q1f3mXRivKkjs5KhzJMyfJ1QNK+NxfKATBn5q6xQsMxjxBmeAO2P0f9tSDmvhkuishZcdw==","mode":420,"size":8},"license":{"checkedAt":1708590271351,"integrity":"sha512-GkJM2vmICVP03pmi16AM4p8qH5OwvwNDGvZvOHLBjoP+zP195WAo73Ooxzs4qPcu4Mv4PvFhBdpIORHxfxCn0g==","mode":420,"size":1113},"test/fixtures/basic.ejs":{"checkedAt":1708590271352,"integrity":"sha512-ZGo0xj/9lTLo5DxbG0JQoeIG1DOd922+4NHXA0dYPUd+/aFYj89wykKWhrQ9SWJdv6TLAlzLJUQbuj+XwYxGHw==","mode":420,"size":131},"test/fixtures/basic.foo":{"checkedAt":1708590271353,"integrity":"sha512-hDlEWzW6BO8x71wbMiyUfAwiS9IXsrCEJzgCmEhAzY2v/zzCIQ+zCoscp908pYDOouQfof32OS2SQfJcPexUpg==","mode":420,"size":6},"test/fixtures/view-options-partial.hbs":{"checkedAt":1708590271353,"integrity":"sha512-9SvtV9q/oVr9pTKUkMeOpQ/+gKIdFgNWrU3qFD9gc1XBdtUfozkFdJ9zjt1Kl+tp2iqSkb//QSDcox/RP3THrg==","mode":420,"size":50},"test/fixtures/view-options.hbs":{"checkedAt":1708590271354,"integrity":"sha512-AfwtTwQaUmyL8sbYxY29zHykD9YZBVTrdC6n2wMGCzsio9hKH6SPNL0OuNeQQnDCDLMd/itkcua1X/oPVf9c1A==","mode":420,"size":74},"test/fixtures/basic.html":{"checkedAt":1708590271355,"integrity":"sha512-jK4t52Ve0Z4B5M5qqEnFzIWx7KphZ1dPVB9Ujs8ZieJGNG58imtOfRXRAFd9B1T7TEsA4PTuhi7myiISS7UwUQ==","mode":420,"size":132},"test/fixtures/basic.test.html":{"checkedAt":1708590271355,"integrity":"sha512-jK4t52Ve0Z4B5M5qqEnFzIWx7KphZ1dPVB9Ujs8ZieJGNG58imtOfRXRAFd9B1T7TEsA4PTuhi7myiISS7UwUQ==","mode":420,"size":132},"test/fixtures/index.html":{"checkedAt":1708590271356,"integrity":"sha512-CQ8PuTQM2qdYiPpNxCAH6I1dtik1r3PMdjBRAXYvTQB6KitogQGjKhKxq9ptPXJ53/ZOJ2q5ejsrIezfWnF7Sw==","mode":420,"size":139},"test/fixtures/nunjucks-filter.html":{"checkedAt":1708590271357,"integrity":"sha512-W2NHyMnIkwx8XxUaavcwru6NKyIK7OeKQ6XjvAWQb6mIrLlCKE6qeO8HkT2VcLqDbwxZ1lXp/wRmJtoW57wjDg==","mode":420,"size":143},"test/fixtures/underscore.html":{"checkedAt":1708590271358,"integrity":"sha512-YBeZqQOHLAYILtFpDtvVtOhiT01KTKeu1EEYvkwqyA1zsFDeMDuPE11CQ5uHZMn9l2BaNJhSvNERujpaqR+deg==","mode":420,"size":141},"src/index.js":{"checkedAt":1708590271358,"integrity":"sha512-iK/WONrD74DsIqTbkHirUcdCXU0tm58ozBhqwzLGg/jLjrNAvzoAhDE61TRUrXMyIFveKYFySKGFFpvTQzP/uw==","mode":420,"size":2574},"test/index.js":{"checkedAt":1708590271360,"integrity":"sha512-788bEYjdCRRpu5EWb4IYGq62au4l7NYllSqMGxlD68f+Pz13SBM7l2eUnBNCz8j7qCgYTrA/2+BEaKG/EF3AjQ==","mode":420,"size":9952},"package.json":{"checkedAt":1708590271360,"integrity":"sha512-xt/B8c3Rg3/cjCkTs3Z4nYFhiNZCBMVGOPQspDK+omwIargWwN/prvIM93R8xseBIUAN35RKoAeTdBxhv0t2dg==","mode":420,"size":1335},"history.md":{"checkedAt":1708590271361,"integrity":"sha512-uZX4K+4x+YRscz/z+A2roCAHwUM6zDmzBn0OPI0z7UD9vrePhmYGv3w5B9uZbFjRTe+4a6AvvTWclpq3FZRh9g==","mode":420,"size":2352},"readme.md":{"checkedAt":1708590271362,"integrity":"sha512-H6dxVffiORnKnMQgeNL2a00BAeuncnihvvmNlDdBItvdM/2LnYpisfTnx9XhEhjmYL4UjDGr9ZWhMbxx9mmAyQ==","mode":420,"size":4877},"test/fixtures/basic.pug":{"checkedAt":1708590271363,"integrity":"sha512-hDnJvNTl2C/H0yh0Xr36b6G/fdrJgtG1rw3lzID5g+11cE4P9fX+tJPp0l9wNEVA+5Tt4OZzhai8ptUDlJpZmw==","mode":420,"size":96},"test/fixtures/global-state.pug":{"checkedAt":1708590271364,"integrity":"sha512-LFSkIAE1UWqmpoMd3jLWVLJ1zdIwOxHTnu0GasUi2po2IyTWnSwwh7jeWRfQyBq5qEQT7sCc8IWuU+3rPtbs+A==","mode":420,"size":101},"test/fixtures/state.pug":{"checkedAt":1708590271364,"integrity":"sha512-xjq63wtHvTrzx5oVyVhZij5OksK+j+xfC7Q1vGsS0j+emmR2vSDO92nmoeLJABsdNLFCqFb/p6pH0rRH8PxZYQ==","mode":420,"size":103},".travis.yml":{"checkedAt":1708590271365,"integrity":"sha512-uLu3Qg65GePTJMuryC/G+deqNvEvGzPmgH47JUyK730CI64kPIPIDG3zcyOlQ4cQBDhmjoFmIf/DUBXlDpD+jA==","mode":420,"size":54}}}