{"files":{".editorconfig":{"checkedAt":1708590284138,"integrity":"sha512-nFz2Cup2NkFCisgRu25rqoTR1S/llYDFgm2r/Z9CyjqiCYCA8s8ZharhVcERN5u2QDg5clmcKTwnMV6F2Nq4CQ==","mode":420,"size":289},".eslintrc":{"checkedAt":1708590284139,"integrity":"sha512-O07n63oXxzrtWqdHehej6dJNXjGq8fdDkqMVpwZ43dnljzT11OtZk5BOUBpXI05iRE+R46S31cxSo80Vxegu7Q==","mode":420,"size":322},".nycrc":{"checkedAt":1708590284139,"integrity":"sha512-2vm1RFz8Ajl/OYrfoCWPJIm3Bpnf7Gyn5bha/lZx/cq+We3uMy9xj15XeP6x4wF3jf/pO7KMHAkU9mllm605xg==","mode":420,"size":139},"LICENSE":{"checkedAt":1708590282815,"integrity":"sha512-IWoaw2rNySm6PLN4i/XDKs07noaIUnbECrAxwPBdCPY15HJEJu48w05F9usVXOf74Q5yGArE20iy3RdJVeLivQ==","mode":420,"size":1088},"index.js":{"checkedAt":1708590284139,"integrity":"sha512-fKoHXCtHQ0f/xZ+vJxxRK5kIgWPqkYQm51rUQWFf9adQ/EsmxFT8ClMceaLtd6lUiXOBf2lx0jGikI3EryocJw==","mode":420,"size":1210},"test/index.js":{"checkedAt":1708590284140,"integrity":"sha512-QsJMc/ecVkOyVj9GF/Vwoop17iq7FpWoGjo1mYCFqqU8Pok6iQ5tiysOYvdnYQmryv6sa4FYvXWDYZjDGEb78A==","mode":420,"size":1740},"package.json":{"checkedAt":1708590284141,"integrity":"sha512-hJsOWMhLx0OklXMyTMcANnU/yRZhrQ5ZKUTlF47qZ1AOB8ymt1NUj0j8LCv07+/LEuL8N582YFDmmwnRWO5a1g==","mode":420,"size":2052},"CHANGELOG.md":{"checkedAt":1708590284141,"integrity":"sha512-ByXl6V8vyLZA/M0u6Xrr0d5itTiyQYwZNaBskVaP340YyiUzP2rnwwQUdPtrd1CgnQNgcavjCsZ/nes8aL4NuA==","mode":420,"size":9217},"README.md":{"checkedAt":1708590284142,"integrity":"sha512-FIqXPU7EcLc3vTMR7146D7EhVVG8Nqxcxau8qZo+KQGyNcvh7AJCV+/kucclK4lIod/ehkrzGk4RX4jDMrTtBg==","mode":420,"size":3637},".github/FUNDING.yml":{"checkedAt":1708590284143,"integrity":"sha512-6uM04wVwQ1aGfXx18+ldjV2w2IAi8ae/rm4t2gnC7J6mr2tXOy29TsbtMjDuyMF6j8ony7Bvgw56raFbMznNGg==","mode":420,"size":593}}}