{"files":{"package.json":{"checkedAt":1708590264819,"integrity":"sha512-smjVYLeiFvBqKkLVDCW4AB8dEssV+yt4xHvfWQ4jdD2H4PzXI49aFBjaNbcnAuHM+HgBRYvxi9YycG4zMmEq1Q==","mode":436,"size":671},"CHANGELOG.md":{"checkedAt":1708590264821,"integrity":"sha512-CFSqzQU7XT6OxTsCTLHhIu2DChhVMy/y0J3zwijCOWkGA0gPZZFvrtP+sjtv+YcwnHGXuWBW4NKVCFBPZ6NQxA==","mode":436,"size":1474},"index.js":{"checkedAt":1708590264822,"integrity":"sha512-2Bvde3FNn6VdW5G2rzC08jAq/uXRMsoyre0n77ZD2mzIF1KcCulCyHQ2w9LaiMbmhOAV39VCBxyFHwatjSDnBQ==","mode":436,"size":609},"LICENSE":{"checkedAt":1708590264823,"integrity":"sha512-xpBUsJ9xgvPzlwMTEHoJg/gd0N4rfujm0CDIe6wFGoSD92S0hGJQRFR6VUP+XL+yh2v1fPHUD/9nqA2MLHMTtw==","mode":436,"size":1068},"readme.md":{"checkedAt":1708590264824,"integrity":"sha512-/yyzzSPX/cKin1Ebml6GF52PWsZdNN8i2Hpj2jo1bCOejjOtYd5y7SbMRgdoG6eJwJNI6DM0OrK3P2hG50+FXA==","mode":436,"size":6933},"lib/data-stream.js":{"checkedAt":1708590264825,"integrity":"sha512-r6qUQXA01CfiqOKlFAqECCML19O24vWg7uSfrnO4KYRMjFvOsSQ1cC/qcOWnXJ0jkXjHthCpgOWGQuCYQseG2g==","mode":436,"size":1242},"lib/sign-stream.js":{"checkedAt":1708590264826,"integrity":"sha512-SIN1mMZoVoCgtHjdIQHbdlmbN4Q0vK5x8ZukDeriflEBd1dLRdBAJAIDix8Z9e+9fVI3+fYGonKSjlNe+vJk5g==","mode":436,"size":2197},"lib/tostring.js":{"checkedAt":1708590264827,"integrity":"sha512-lhcM3uu3UNGUX+kZ6fq/QVc9c2wdXAz1mRf+ik2eDn+5QOcDEC5FTZU9e9oSvg0iT66IxBGJhEhuK2menhUp+g==","mode":436,"size":262},"lib/verify-stream.js":{"checkedAt":1708590264829,"integrity":"sha512-eZwU1Gvk90xe6/RRwEj9AVZbkx1K0J9aqEiByb4zMXpESjLkI7JmB0iqlFABc4NQIkqUt1NeHHeTJUh5DdURtA==","mode":436,"size":3226}}}