{"files":{"package.json":{"checkedAt":1708590287108,"integrity":"sha512-VzCc1lNZaeo3fYVbDICURrxESuStvQ2RTAq1VWTCSeHZnEPCKniRxbyyGPVyNHsT4T1NDF0fJCaudQoKuCA3gw==","mode":420,"size":675},"index.js":{"checkedAt":1708590287108,"integrity":"sha512-O561pue3QNU9zux3JUsDzhXf035POzig5lJeMqPt0pHnSEeEMi8+JlhUM3jnR6Jg5JzkZfhFsB57vaAC8JhFWw==","mode":420,"size":297},"license":{"checkedAt":1708590287109,"integrity":"sha512-rnnnpCCaRRrva3j3sLiBcOeiIzUSasNFUiv06v4IGNpYZarhUHxdwCJO+FRUjHId+ahDcYIvNtUMvNl/qUbu6Q==","mode":420,"size":1119},"readme.md":{"checkedAt":1708590287110,"integrity":"sha512-CmE3WthEUcuLX4/rBxs4puIS+U4ymztTa2Vw46nhGqms9JowaMbuE4t/SrzQc7sPzAcYtQWBkGefYhR1Nvdasw==","mode":420,"size":696}}}