{"files":{"package.json":{"checkedAt":1708590279152,"integrity":"sha512-7EQSg+yItkjarNYck3eNyruRdN6nl7UgnhVKOP8F3Xx7gjqelMVPkeSD6utEqcluKz3D2UM4dNK0kBw7LhPKQQ==","mode":436,"size":1536},".editorconfig":{"checkedAt":1708590279153,"integrity":"sha512-j7Ssa35vhx2xspLWwn6choGRCQTkTqPAo02312L+5JPaCUb0QBJeKAi5qkXYdFxGaqR5e8GnYiTO7qcW235JeA==","mode":436,"size":173},".gitattributes":{"checkedAt":1708590279155,"integrity":"sha512-4zsZ/FjurgnwAol+uQ1nSTKvWNAGAEy5cHqqh7PJolTBzC4wfPNbEIvBhNAH7/R9bv9gYsu0PML/+zlhyYQ//Q==","mode":436,"size":13},".travis.yml":{"checkedAt":1708590279156,"integrity":"sha512-U3KDhCxqhZukb8j43yzdmvJa8HBQMpwEV/HK5wkJBbbmtBXqE5Yy7EP1ubmty3fd3f0uI36kEwyE5x3j/ipOXw==","mode":436,"size":113},"CHANGELOG.md":{"checkedAt":1708590279157,"integrity":"sha512-KVWRO/imNdelN7G+fC4usPPwMaOJCvADyboBztptE9J6RGpttF4mm7iJd6whUZaVT6fFM2BIHyUfZcKnFTY9Zg==","mode":436,"size":587},"code-points.mem":{"checkedAt":1708590279159,"integrity":"sha512-vPPnNnzPjTX7WTq7gQf9sYXXGHY11xAHkrgMaENKj3ifh3hx+mfVMx8Cn8SNuzH2J8P79zlzmZeF7WnM8HnPeQ==","mode":436,"size":419864},"generate-code-points.js":{"checkedAt":1708590279160,"integrity":"sha512-gtjEhS1gp/BTahv6ZdDWzn7Uy4Zf267ItuXiad4/A4+HIqns8Nv1tKsheWPpsP/8JBrlRIqp47Qod9Otx9j11w==","mode":436,"size":1361},"index.js":{"checkedAt":1708590279161,"integrity":"sha512-N1jWJ3ZtLI4dV5Z7KzGh5BN1Dzqvia8jcu+MiF1kv7LnrJZsKu0optsamzUBo481NZA/YG0IVekomkjuH3e0Xg==","mode":436,"size":3955},"LICENSE":{"checkedAt":1708590279163,"integrity":"sha512-PVLxEiNqRaJrIy/g1VernKKO4HEEUnc0+FFZfgHVCbSCv3ecuXQgh6z5aHY15J0p3JcxmLdpkG3+yL8FQrbYVQ==","mode":436,"size":1060},"readme.md":{"checkedAt":1708590279164,"integrity":"sha512-8jEquF584snnjB5LveCypdQWEpt1qrZJc0F3ZZTJPSB6du+0I3sgnUAswKr04qohRAEVLlJCeGHQSwa84UPseg==","mode":436,"size":1071},"lib/code-points.js":{"checkedAt":1708590279165,"integrity":"sha512-V28jQYIB4dKXCqoN6uiYBJYc0uq+hYMvI7hwVu/HX/J7OaPkk1YZg3kBcra//c9pUirxSaXht5IlVTbDldVMyQ==","mode":436,"size":23986},"lib/memory-code-points.js":{"checkedAt":1708590279166,"integrity":"sha512-rQBvliH0IvnjoT9xXYMkrEWAoSMBBBx44xJ0sICNl5Y7ILbEqrWsI3BMgZl/QFi6YEgqieZ5nhdWXFP64uiKBw==","mode":436,"size":969},"lib/util.js":{"checkedAt":1708590279167,"integrity":"sha512-lqkW99jC4PNfrZOdsTSMNToAcgWa6QYRjQ1RDt4jO9PIb+MCgvsLqfvD9NypE7BIRiDQe2uuuP9dv2FOjV+9Kw==","mode":436,"size":344},"test/index.js":{"checkedAt":1708590279168,"integrity":"sha512-wZik9Ve8jFspZKHFpiwwK4sjkgyBikVYZecycTlgYE7xEeUIByQhb+vuzDBe0x39qZ23fUrU/HJqouJx3JcLzA==","mode":436,"size":2160},"test/util.js":{"checkedAt":1708590279169,"integrity":"sha512-yCzczbH6Sc4psub/9yfuhjcVxHWTUtaEY+W8hvW221gkFGxnaLupg51cGQ7MmU8JGBeYvTvZL3FiSn2E4Wywiw==","mode":436,"size":354}}}