{"files":{"LICENSE":{"checkedAt":1708590268135,"integrity":"sha512-lArkAdzOzuKSu1mXyX6LAt35DCs+nqiO9xLMrwBR9k5ioyHImUcuLrEzq0ZDqv3LMPK9sTEyKdW19SkAgn6Y0w==","mode":420,"size":1153},"index.js":{"checkedAt":1708590268135,"integrity":"sha512-8GMBUqJHz1HfxnfCIyOvzMZnNQoR2wk7Wbk/QDSB3rodRM14zVP0xKPi3yl8Nf5UzchBwQxGZ+u4HTpU+/VtQw==","mode":420,"size":3613},"package.json":{"checkedAt":1708590268136,"integrity":"sha512-S02JMX4aHKrmkk8jS3XhW9L4vQJtMWFS5s8/+sU1U76imVB2qKNl8mqWcw82Fw0RWsNarm0IiPYh9TbXlbiaLQ==","mode":420,"size":959},"History.md":{"checkedAt":1708590268137,"integrity":"sha512-Qqv/OrJwwnXelc7sBh1cFuXCdUpLm26/pqNBfdjDFM5JLIbNV0e0Y8YzpFYM2d56xalAh6T4ZOquPyDc1vzk7g==","mode":420,"size":1775},"Readme.md":{"checkedAt":1708590268137,"integrity":"sha512-ZF9Q82J2KaXGIXWxGC0iecrQmfa08Cs/D+e2BPzGSnOn5aCyWiJbwlMm3HqKMK6qKrBg+/u6LduS/a1mc8IsNQ==","mode":420,"size":4770}}}