{"files":{"package.json":{"checkedAt":1708590271688,"integrity":"sha512-PCMZHNCjfyFDr1G4TttuFk6f6X58dZ8T96BW0cB7PTax3CtILZMFLUFgnw5NsyYKf0qGfYP2lOsTJOOPOSouqA==","mode":420,"size":640},"index.js":{"checkedAt":1708590271688,"integrity":"sha512-ZE6XczBAXjAVcmb8pLKeA30slr6kMTSrO1KWj45DJk1LL0fpqhHjqvCtNRCLdSfVkUhDcXfUwbrXmg1oapvawQ==","mode":420,"size":1001},"license":{"checkedAt":1708590271689,"integrity":"sha512-KQ6RLIJHDWAYtIhRVa/m831SQt4mXbPWKRgn5uJ0zgmQFGJ8r3XwAaqq4MGtBsWwfHk1X9suAkniUmHx3jEA1w==","mode":420,"size":1103},"readme.md":{"checkedAt":1708590271690,"integrity":"sha512-q9qGriU+JMF/SbppI+9V4Q4vhHYatYO5WSmFEKLzudeIRxPUnaDQvoGg0YV4cAZ3BEihSg/FQpS0ocUiUZbeww==","mode":420,"size":752}}}