{"files":{"package.json":{"checkedAt":1708590265695,"integrity":"sha512-cU9SxXVO4oQSWvMkP35+mo6thlrZZLBg/bzJb2WnC+K3HSCKmOyiqdNSEaUHqQFS/IeMSNjnUJDz/rssFxd8Qw==","mode":420,"size":593},"README.md":{"checkedAt":1708590265696,"integrity":"sha512-PjKWcsXsh0qP3LchTov3w1njVE8NY74Hh8zI10o6hFOmvFwrqYwHM1u6k/5B5O9PvrzkxgFRgC/uWWsB5aUW/A==","mode":420,"size":1173},"LICENSE":{"checkedAt":1708590265697,"integrity":"sha512-7ov7Cv6TJGMdOkOLbTD8SLr47Y+ihN/ILQ8oMRZvBq40kcIFkpzGKTDfPE9Pzq0gVf4xPpjpJd5sVUricNnhLw==","mode":420,"size":9113},"index.js":{"checkedAt":1708590265698,"integrity":"sha512-c/TzXTueToBGG9QAuYVx3XLanb3ve71LZKu6PBPPq0YCQYbdm09fen0R8W9eXnb/lxJrQUAQtlGtFoJIpcjdMQ==","mode":420,"size":1786},"test.js":{"checkedAt":1708590265699,"integrity":"sha512-zjtvw0V9qhYrPrUOcH5OBkY91cuTvqYtsOe/lxXFyTLe6Mg5vcd2uXQBi8hVZwb/IjnsCLwTq1ySFzwGJwynYg==","mode":420,"size":1585}}}