{"files":{"package.json":{"checkedAt":1708590265158,"integrity":"sha512-tLSa6887gL33+1GSoamStYTzdZTQ8T2MM6w7wqEsKPoLWSJp+LCfTtXZH3QNtyrGSGdqDeG4MZQ05MklczgGQg==","mode":420,"size":764},"README.md":{"checkedAt":1708590265167,"integrity":"sha512-U2p2yJpEabFgYPCHjmJHC8a0CHtU1J4PENHNi2XoBaIq3bFGEgwN83mpbfZ9s210KibL/WRw0tuKOosyyNUF6Q==","mode":420,"size":502},"LICENSE":{"checkedAt":1708590265168,"integrity":"sha512-t/YCqTo2Om0BuHE/C+C/HnDEMbbFc+Iw7HdZ5m3+Ixv6eAFUYHuaWfDgMyL3zt9X0qvXoIPA8u8qq8i8IVvbMg==","mode":420,"size":1951},"index.js":{"checkedAt":1708590265184,"integrity":"sha512-B5CQNkIHJWaTbCGQhMzjBQoNjK+EzHRvVPGoHUnTqd8BUdFFU/67myNizFRzbg7KRgz6q1myiFnxSj6Aj/wFmg==","mode":420,"size":3673}}}