{"files":{"LICENSE":{"checkedAt":1708590266412,"integrity":"sha512-2YQonuWZRYnohIL3SPwAMnptZqMsF3PcCLg1tDG3bugEGii+UEPgyWx159x3IjoJTOfBFiInr607zuCmCmgjLw==","mode":420,"size":1167},"index.js":{"checkedAt":1708590266413,"integrity":"sha512-QiXHFL7HGNfMWc0skaB6d+Qczjq1JQK/m1uczX0M6IwEDgp2XlssNXasjxAdwA//lPjHrHWGERpUWyKIMaEe0A==","mode":420,"size":4430},"package.json":{"checkedAt":1708590266414,"integrity":"sha512-0mHiYbydLlo5pQxrBy5tqZV2R2mr3E+fPPIZzCKWwORe4ZTD9PQxokj9HUbZB0WtC1dtL8sk5Z2SCIBLnBUy1w==","mode":420,"size":1057},"HISTORY.md":{"checkedAt":1708590266415,"integrity":"sha512-cb29L9UiOASdkSdc8rE+hJacpWfJjH2MpwXBtQOni0PWgRxnJ8de+DAgVq6Fr+hR8v1+cPTgM05EyPatEacscg==","mode":420,"size":1865},"README.md":{"checkedAt":1708590266416,"integrity":"sha512-E7x+3t1PeyfLKKR4len/I55V3Od9wc3b47tgNGLUT1ZP0cSlNvYms9ac0bqxWSD2XPerBoP8/H8zhysSQvLiCA==","mode":420,"size":5160}}}