{"files":{"package.json":{"checkedAt":1708590288076,"integrity":"sha512-zlXwL0WgP5W1ftDOr3jkePYfTVt1ExUI2SWDJMczSkhdP6vHVIYjb9/k2NCP7Cqv/56HGA1xk5aIsNnILpDOqA==","mode":436,"size":1475},"LICENSE":{"checkedAt":1708590288076,"integrity":"sha512-uVZUinT1AbaSKyOdWNHCYI9DHMzZ55tu2ujyTFUEEBVNq2rVqqYlEemhufltfINVGy8JZhWr9916DcBhPc8G5Q==","mode":511,"size":1092},"readme.md":{"checkedAt":1708590288077,"integrity":"sha512-P1BxBzcqEZOuwe5XifTHU57qOlkuUVYgQEBhdg79/xd3tf7VtgkRtDavemiW8CQfv/rHyf5Wm7iwyDjjEIZVqw==","mode":436,"size":17959},"upath.d.ts":{"checkedAt":1708590288078,"integrity":"sha512-PmWEBJ0mul4NbPLxFUnTtxRT/L+5hjlYUCzDajWv/8YPuc7VTV2O4XcZ9iRnOO2j9pYzHaVxMevovuenDCERfQ==","mode":436,"size":8988},"build/code/upath.js":{"checkedAt":1708590288079,"integrity":"sha512-4JiRLHpHhWC1HkmS7T59M7lW18MK2I8sZacctzfUGmbXLcrlMnKtE+cHeefNFIBPlK7CUdwO8yDlZEXDKKkQ4Q==","mode":436,"size":4736}}}