{"files":{"package.json":{"checkedAt":1708590275987,"integrity":"sha512-GPptjbMSdStRI++1zGvaVSvQbpIFzWeTv2Bjc3Ui2ObDF00mGew/q+wgbZ9phD/5EUCizqwwhUb5MRcdk3GyXw==","mode":420,"size":390},"eastasianwidth.js":{"checkedAt":1708590275988,"integrity":"sha512-OkGhtuVcNizzWVt+bJpNJBpM9KFJXwzizJoskDhNHQ89Oq8DOX9Hwq1e4e4ltogLIKS5HUSTUTwCFmCBTjkLug==","mode":420,"size":12067},"README.md":{"checkedAt":1708590275989,"integrity":"sha512-Ox0I1WaOzfv5XK/auf6YvGWQ7NtbRFG7N6h9n9pghZqumLYRdRXxs31/BiSwiKdaNsIF/ObH3NCGdWrOZeorPQ==","mode":420,"size":1183}}}