{"files":{"package.json":{"checkedAt":1708590281428,"integrity":"sha512-gRrur3A4awcnwmCi3L96GANEy0D750OTqbR5eu1uejL8ypfv0QchmhJ/7qxfLZPePJ6uEgZCHDQo4ZV9DgpBcQ==","mode":436,"size":1739},".jscsrc":{"checkedAt":1708590281429,"integrity":"sha512-JMhV8CU+HhUp2qev/wPRIbZ+yVj/T8QomExGHcRjfi607RtDIV2e7qVLlGaUWjVBf5UOeNnOobduikaTfZL+hw==","mode":436,"size":363},".jshintrc":{"checkedAt":1708590281429,"integrity":"sha512-CanVvZs69gAYdmYNV3TQPHvMas/uZkhNH3CRwH3KdlVafmo0pSuWpKTwZ3JDrNSxtVbCQ24NMOFyQrKqUjXRcA==","mode":436,"size":239},".travis.yml":{"checkedAt":1708590281430,"integrity":"sha512-0VH+HL/jnbC25Cg74xhB5OattLPsuskx+mBNPs68iSryqBtnlTEC9QqSqhpZtr3bqAgw2vhKcEWv9JBBN4PbQQ==","mode":436,"size":360},"commitlint.config.js":{"checkedAt":1708590281431,"integrity":"sha512-GU9Z0YwC/cWb0G7EV7fwwflqEEPL9dXuozupXWYedYlIvR7Z82U7sVgdwzLKfQIqGxwntAoLca6uw9KxHsIBvA==","mode":436,"size":133},"README.md":{"checkedAt":1708590281431,"integrity":"sha512-eEoQv3cu/CZwSozwEy/GRL0X+3EhzernORHxDq6T5XJMhF6WQnLlXHKNfMMADn3VvrdgxKv5V9uP+ROGl7uTCA==","mode":436,"size":14908},"bin/nodemon.js":{"checkedAt":1708590281432,"integrity":"sha512-hLgvahMvsrlu8nNCnMInbI5Ng8WFQfNXoWN8Sj3KUG91wvxfZy7Ph5b6cperykvj2rd2mmfUK/ub3WvKuTu6og==","mode":509,"size":438},"bin/postinstall.js":{"checkedAt":1708590281433,"integrity":"sha512-7Gviyi2Rf86YUse7yGQ4T7JaPFH+iVxEDM4rKuo0PUdTUfSViVdwlZ7Sd0VQTN/iFpWxt6NunMKyqeoKUK739A==","mode":509,"size":982},"doc/cli/authors.txt":{"checkedAt":1708590281434,"integrity":"sha512-/xPJQW0p2aP+Y24U/WPlQkEppucjZsBrG648Wgb2DLvzUg2GjEktRyRQ415UeIG+k5VbKe7WPmaXlZLaV2+L7w==","mode":436,"size":236},"doc/cli/config.txt":{"checkedAt":1708590281434,"integrity":"sha512-x7mkv03n0Tu0W024V1EctBGnkn7k23Wa8mOQXgHP2o2VR30uLWrWxRyfMBcQ4g72S1Sk0VCC9QVGgNqc+8oRRg==","mode":436,"size":1158},"doc/cli/help.txt":{"checkedAt":1708590281436,"integrity":"sha512-pZn8kuUhNYbLgT8GWBH67d4Jyldeyj/lhpjDCGwMhxoqKIZSY1B4LS8t+ZXvMGoh2vqhLrdHxhHbdkPWGnEGHA==","mode":436,"size":1268},"doc/cli/logo.txt":{"checkedAt":1708590281437,"integrity":"sha512-UF1CfG0K3WGODFT4B55DA/7nPgzNnE7fpntEZgzl1d6rT6wJYBAC9zz9APRFZAppzp/po5uKDzA5sgD1v/BY5w==","mode":436,"size":799},"doc/cli/options.txt":{"checkedAt":1708590281438,"integrity":"sha512-zg1UHdAL2ufoXEn4sCDbDqVAO9u+4wUdINjUjQZTinH1dWlxiV/vm/Pkvdajn2szupt22JllsfPiP6TIfUC14w==","mode":436,"size":1869},"doc/cli/topics.txt":{"checkedAt":1708590281439,"integrity":"sha512-TAXJXyEiW+eTBRv3mSVfbgIRReF8o4RpeHeqna1mMD2L225HdRQz6vF7Itx2Z1jLeZA0o04eeFGoMoqVtnhCcw==","mode":436,"size":325},"doc/cli/usage.txt":{"checkedAt":1708590281440,"integrity":"sha512-4U5Bch7ku6be7tzFeGoRMELNWVAk60Eep9h08oJUfFlD298et2dNdS67rBasThyYFJuVftXPNiPoWlYaQjVORQ==","mode":436,"size":88},"doc/cli/whoami.txt":{"checkedAt":1708590281441,"integrity":"sha512-6QbvRP8Cc+TfM5e6cZwXPIepkZt/nSWA4sM1T7oi9psMCgIOsEnSdpNNvGb0l7J50VwTX6DhLgSs05gC/F3+/g==","mode":436,"size":1223},"lib/cli/index.js":{"checkedAt":1708590281442,"integrity":"sha512-fHUm8rTmhcx+IGievlq/djC3ONLRWre16Udl4ObyIUkungKfcV9bOsFW09Ef/ZB+Bw0tf5aLX1+0AaqcfshOpQ==","mode":436,"size":1089},"lib/cli/parse.js":{"checkedAt":1708590281442,"integrity":"sha512-H1a7xIVvvv0h9t4HOHEhV7kfE4inGpV8N0RLYX7hYYhYIrIfz05+/hTVr1S5cG2Bgay7KG29dSXJGla1PcORvg==","mode":436,"size":6039},"lib/config/command.js":{"checkedAt":1708590281444,"integrity":"sha512-Tudm2nZlMLs3LY4EsFjt1rKMpdd/YDsXUzbptej1xnfnfg6kr8B6ZCwHxI4MIJcW29nO9Parl4ZKnqUa8rSbvA==","mode":436,"size":1249},"lib/config/defaults.js":{"checkedAt":1708590281445,"integrity":"sha512-TBavk88GYWirFM+P5VcogDXRcmzgK+k0+NYc+7ZCddXoBat9EVPOvDSvlcXQPjpqVd1+5O9J+7MWBtp1AiXivw==","mode":436,"size":815},"lib/config/exec.js":{"checkedAt":1708590281446,"integrity":"sha512-6LIiHCnfd3HsZ97oFST8ngDxDjgZdsH4TlEXQu9ppKomVdyOmZjlhQxhYUrEq+lajKmsnjfgNhhgbQ0vxKZqdQ==","mode":436,"size":6859},"lib/config/index.js":{"checkedAt":1708590281447,"integrity":"sha512-o4oSkkw5Urd4BjeujefIESo0epiVxICZGn8t4+7khDqYYzKkd9PMzjn5JsKCtQE6FKFuaCTfUFAzf4EUVz0G0A==","mode":436,"size":2498},"lib/config/load.js":{"checkedAt":1708590281448,"integrity":"sha512-oaYShQdo4xK9Q5H5eYpPjDlS8QFyADAC3OP9DxWAPDSn2mey2VqF7gZusz2+/eowtef0f7dQ4y6PL/OeZRsk/w==","mode":436,"size":7567},"lib/help/index.js":{"checkedAt":1708590281448,"integrity":"sha512-P44Q0J/LUn4cF1PVDJvO8rj7cFhvNOYAwNYO0nopXwd/OA4d8v2tx4sNRopU8ypTUftcTLY44wEsljWAlNMd6g==","mode":436,"size":733},"lib/index.js":{"checkedAt":1708590281449,"integrity":"sha512-SdyYntq3tM50d7vFxnjhsfSsoPd+CtYyPTwlEWTtKLWfTRjVsCgNUxCLk+Ez6y2rVGkJPsuy8f4rsyt1j1nnKQ==","mode":436,"size":38},"lib/monitor/index.js":{"checkedAt":1708590281450,"integrity":"sha512-gJR50LB1ybyz7vZnDN1lKmyvOex/k/HX3eDu6KeS1RgjjPqfeKLsGhHrv+sA0qEX0lsZhxivZox/NWvD+T68HA==","mode":436,"size":82},"lib/monitor/match.js":{"checkedAt":1708590281451,"integrity":"sha512-msQO+zRSWDA1Fj1txsdUMiWXDxWS6uN5h9S8l1dsKn6GSwkPJtehq0xTUVwK9m71zRZ8Z8YMko3S1hAkP3A61Q==","mode":436,"size":6527},"lib/monitor/run.js":{"checkedAt":1708590281452,"integrity":"sha512-hfe+xRW3c93zavC5xGn7mrekH2u04aa8a8hp8ViRpqbpU1tW9Jx3+yK9zG/Pf7RM5JJmQWvnM44XUyafQYI3BA==","mode":436,"size":13027},"lib/monitor/signals.js":{"checkedAt":1708590281453,"integrity":"sha512-laOCkHrEZdldsMxBBVA46DntkWTUAQADwI5rpEVsGbUBWMkIuNKH7qCaFT44/cx/mowAUvNesGkkNijglodQ+w==","mode":436,"size":488},"lib/monitor/watch.js":{"checkedAt":1708590281454,"integrity":"sha512-GBc2XsGcCSce+wbF+jvnQ0lB1JLY+rdFxwEtnWHxlCCAvIXwiOVt37ATI55MS2dkrwnEI5kdXzWvyxd7LdEqEw==","mode":436,"size":6424},"lib/nodemon.js":{"checkedAt":1708590281455,"integrity":"sha512-Oq8pqpBXfP1gWv+Jg1hbejPQ+56NcfHyAuoqDgh88O+fvBLtVSjpbb7avK4MGu3wQHhZvbHx62zprOghgCpWVA==","mode":436,"size":8736},"lib/rules/add.js":{"checkedAt":1708590281456,"integrity":"sha512-eAABCV8z/koY+gbDMR81BZSd+nYtpfHAxmZbVQEZC25sRetpYzyZ4CuLWdAYE6v84rqmEVCfKg5lNkzPcZZbxg==","mode":436,"size":2662},"lib/rules/index.js":{"checkedAt":1708590281457,"integrity":"sha512-hayCB0EN66UtO1j88w5GjuRrEHNUS2E3a0sBXliKUpc/76GSoCe/6AGbbP7e/DxMHLT7DuiOfC74jaHH7Q+esA==","mode":436,"size":1260},"lib/rules/parse.js":{"checkedAt":1708590281458,"integrity":"sha512-g+p6bTGEVULPA/Sye+kgh+QXul+ZXsdAgkRA3fkpMtNiNXa3oQIq3iDe7/LxdB1hfjLf7aUu+1+4XpvijeJ99g==","mode":436,"size":804},"lib/spawn.js":{"checkedAt":1708590281459,"integrity":"sha512-FfzyvOK6jY8vDjGSzwltMl3eDBxk98kQc2zMDfDnY1tcFWstGo4jexUPVypElU3IJweT/s1/OvyJMZaiyX6/aQ==","mode":436,"size":1236},"lib/utils/bus.js":{"checkedAt":1708590281460,"integrity":"sha512-kj7P1RA/xuJm5T27HTXhH0BYiTF3+gDMOSpihSTc2+YWyQAVok4VuYf5ccXqvg5To7EHh4vEG8c6rPHjcNZg8g==","mode":436,"size":946},"lib/utils/clone.js":{"checkedAt":1708590281461,"integrity":"sha512-7KTAeEaV1DQ1Vzcl9llAnsM6Os06VpVmWTVDnMooEiptj9werrisb725IYk61CJkZ3d+jDXjubC2crIZb04S1g==","mode":436,"size":829},"lib/utils/colour.js":{"checkedAt":1708590281462,"integrity":"sha512-sy9vfBvXWjojql8XDlNWy+G6frAx9uztcGrv+MFdizf8dxwpqCWApIqVxlM02OQbDdtVFAkWSkO/8p3vcnfImw==","mode":436,"size":690},"lib/utils/index.js":{"checkedAt":1708590281462,"integrity":"sha512-q93cEL73ii974hNo6LBsoXzYaEejWusGWCpJCUVvcV9iInGM/Af7B+cxl1E4L1C3H1s09symKGf3W3TjppKc7g==","mode":436,"size":2580},"lib/utils/log.js":{"checkedAt":1708590281463,"integrity":"sha512-cM2uHhmD/HvtO+4k9QGW7CgXUudWfVxNWqKFkXIUFCLz62p//pFlxAjV4zVNfBOf2QOCxz96wN4WpYQCId7jmQ==","mode":436,"size":1738},"lib/utils/merge.js":{"checkedAt":1708590281464,"integrity":"sha512-z1Zf6nwLJFO4J2/CW14LVGsO957r3qQCKu3P3reGZofJJdlctNVt5BPVPbUdAxaLgwI4PKn4sEw7XlAf074Pqw==","mode":436,"size":1186},"lib/version.js":{"checkedAt":1708590281466,"integrity":"sha512-kWdpCwrXLIFcPYxyJ7qNNXSsurlSNt4N3qKMc/aiiZ3XAO+Qg7BtK62tGcIWWak6sQHsxDmkIpLSVA7Ywv88Xg==","mode":436,"size":2465}},"sideEffects":{"win32-x64-node-v16-{\"/chokidar/2.1.8(supports-color@5.5.0)\":{\"/anymatch/2.0.0(supports-color@5.5.0)\":{\"/micromatch/3.1.10(supports-color@5.5.0)\":{\"/arr-diff/4.0.0\":{},\"/array-unique/0.3.2\":{},\"/braces/2.3.2(supports-color@5.5.0)\":{\"/arr-flatten/1.1.0\":{},\"/array-unique/0.3.2\":{},\"/extend-shallow/2.0.1\":{\"/is-extendable/0.1.1\":{}},\"/fill-range/4.0.0\":{\"/extend-shallow/2.0.1\":{\"/is-extendable/0.1.1\":{}},\"/is-number/3.0.0\":{\"/kind-of/3.2.2\":{\"/is-buffer/1.1.6\":{}}},\"/repeat-string/1.6.1\":{},\"/to-regex-range/2.1.1\":{\"/is-number/3.0.0\":{\"/kind-of/3.2.2\":{\"/is-buffer/1.1.6\":{}}},\"/repeat-string/1.6.1\":{}}},\"/isobject/3.0.1\":{},\"/repeat-element/1.1.4\":{},\"/snapdragon-node/2.1.1\":{\"/define-property/1.0.0\":{\"/is-descriptor/1.0.3\":{\"/is-accessor-descriptor/1.0.1\":{\"/hasown/2.0.1\":{\"/function-bind/1.1.2\":{}}},\"/is-data-descriptor/1.0.1\":{\"/hasown/2.0.1\":{\"/function-bind/1.1.2\":{}}}}},\"/isobject/3.0.1\":{},\"/snapdragon-util/3.0.1\":{\"/kind-of/3.2.2\":{\"/is-buffer/1.1.6\":{}}}},\"/snapdragon/0.8.2(supports-color@5.5.0)\":{\"/base/0.11.2\":{\"/cache-base/1.0.1\":{\"/collection-visit/1.0.0\":{\"/map-visit/1.0.0\":{\"/object-visit/1.0.1\":{\"/isobject/3.0.1\":{}}},\"/object-visit/1.0.1\":{\"/isobject/3.0.1\":{}}},\"/component-emitter/1.3.1\":{},\"/get-value/2.0.6\":{},\"/has-value/1.0.0\":{\"/get-value/2.0.6\":{},\"/has-values/1.0.0\":{\"/is-number/3.0.0\":{\"/kind-of/3.2.2\":{\"/is-buffer/1.1.6\":{}}},\"/kind-of/4.0.0\":{\"/is-buffer/1.1.6\":{}}},\"/isobject/3.0.1\":{}},\"/isobject/3.0.1\":{},\"/set-value/2.0.1\":{\"/extend-shallow/2.0.1\":{\"/is-extendable/0.1.1\":{}},\"/is-extendable/0.1.1\":{},\"/is-plain-object/2.0.4\":{\"/isobject/3.0.1\":{}},\"/split-string/3.1.0\":{\"/extend-shallow/3.0.2\":{\"/assign-symbols/1.0.0\":{},\"/is-extendable/1.0.1\":{\"/is-plain-object/2.0.4\":{\"/isobject/3.0.1\":{}}}}}},\"/to-object-path/0.3.0\":{\"/kind-of/3.2.2\":{\"/is-buffer/1.1.6\":{}}},\"/union-value/1.0.1\":{\"/arr-union/3.1.0\":{},\"/get-value/2.0.6\":{},\"/is-extendable/0.1.1\":{},\"/set-value/2.0.1\":{\"/extend-shallow/2.0.1\":{\"/is-extendable/0.1.1\":{}},\"/is-extendable/0.1.1\":{},\"/is-plain-object/2.0.4\":{\"/isobject/3.0.1\":{}},\"/split-string/3.1.0\":{\"/extend-shallow/3.0.2\":{\"/assign-symbols/1.0.0\":{},\"/is-extendable/1.0.1\":{\"/is-plain-object/2.0.4\":{\"/isobject/3.0.1\":{}}}}}}},\"/unset-value/1.0.0\":{\"/has-value/0.3.1\":{\"/get-value/2.0.6\":{},\"/has-values/0.1.4\":{},\"/isobject/2.1.0\":{\"/isarray/1.0.0\":{}}},\"/isobject/3.0.1\":{}}},\"/class-utils/0.3.6\":{\"/arr-union/3.1.0\":{},\"/define-property/0.2.5\":{\"/is-descriptor/0.1.7\":{\"/is-accessor-descriptor/1.0.1\":{\"/hasown/2.0.1\":{\"/function-bind/1.1.2\":{}}},\"/is-data-descriptor/1.0.1\":{\"/hasown/2.0.1\":{\"/function-bind/1.1.2\":{}}}}},\"/isobject/3.0.1\":{},\"/static-extend/0.1.2\":{\"/define-property/0.2.5\":{\"/is-descriptor/0.1.7\":{\"/is-accessor-descriptor/1.0.1\":{\"/hasown/2.0.1\":{\"/function-bind/1.1.2\":{}}},\"/is-data-descriptor/1.0.1\":{\"/hasown/2.0.1\":{\"/function-bind/1.1.2\":{}}}}},\"/object-copy/0.1.0\":{\"/copy-descriptor/0.1.1\":{},\"/define-property/0.2.5\":{\"/is-descriptor/0.1.7\":{\"/is-accessor-descriptor/1.0.1\":{\"/hasown/2.0.1\":{\"/function-bind/1.1.2\":{}}},\"/is-data-descriptor/1.0.1\":{\"/hasown/2.0.1\":{\"/function-bind/1.1.2\":{}}}}},\"/kind-of/3.2.2\":{\"/is-buffer/1.1.6\":{}}}}},\"/component-emitter/1.3.1\":{},\"/define-property/1.0.0\":{\"/is-descriptor/1.0.3\":{\"/is-accessor-descriptor/1.0.1\":{\"/hasown/2.0.1\":{\"/function-bind/1.1.2\":{}}},\"/is-data-descriptor/1.0.1\":{\"/hasown/2.0.1\":{\"/function-bind/1.1.2\":{}}}}},\"/isobject/3.0.1\":{},\"/mixin-deep/1.3.2\":{\"/for-in/1.0.2\":{},\"/is-extendable/1.0.1\":{\"/is-plain-object/2.0.4\":{\"/isobject/3.0.1\":{}}}},\"/pascalcase/0.1.1\":{}},\"/debug/2.6.9(supports-color@5.5.0)\":{\"/ms/2.0.0\":{},\"/supports-color/5.5.0\":{\"/has-flag/3.0.0\":{}}},\"/define-property/0.2.5\":{\"/is-descriptor/0.1.7\":{\"/is-accessor-descriptor/1.0.1\":{\"/hasown/2.0.1\":{\"/function-bind/1.1.2\":{}}},\"/is-data-descriptor/1.0.1\":{\"/hasown/2.0.1\":{\"/function-bind/1.1.2\":{}}}}},\"/extend-shallow/2.0.1\":{\"/is-extendable/0.1.1\":{}},\"/map-cache/0.2.2\":{},\"/source-map-resolve/0.5.3\":{\"/atob/2.1.2\":{},\"/decode-uri-component/0.2.2\":{},\"/resolve-url/0.2.1\":{},\"/source-map-url/0.4.1\":{},\"/urix/0.1.0\":{}},\"/source-map/0.5.7\":{},\"/use/3.1.1\":{}},\"/split-string/3.1.0\":{\"/extend-shallow/3.0.2\":{\"/assign-symbols/1.0.0\":{},\"/is-extendable/1.0.1\":{\"/is-plain-object/2.0.4\":{\"/isobject/3.0.1\":{}}}}},\"/to-regex/3.0.2\":{\"/define-property/2.0.2\":{\"/is-descriptor/1.0.3\":{\"/is-accessor-descriptor/1.0.1\":{\"/hasown/2.0.1\":{\"/function-bind/1.1.2\":{}}},\"/is-data-descriptor/1.0.1\":{\"/hasown/2.0.1\":{\"/function-bind/1.1.2\":{}}}},\"/isobject/3.0.1\":{}},\"/extend-shallow/3.0.2\":{\"/assign-symbols/1.0.0\":{},\"/is-extendable/1.0.1\":{\"/is-plain-object/2.0.4\":{\"/isobject/3.0.1\":{}}}},\"/regex-not/1.0.2\":{\"/extend-shallow/3.0.2\":{\"/assign-symbols/1.0.0\":{},\"/is-extendable/1.0.1\":{\"/is-plain-object/2.0.4\":{\"/isobject/3.0.1\":{}}}},\"/safe-regex/1.1.0\":{\"/ret/0.1.15\":{}}},\"/safe-regex/1.1.0\":{\"/ret/0.1.15\":{}}}},\"/define-property/2.0.2\":{\"/is-descriptor/1.0.3\":{\"/is-accessor-descriptor/1.0.1\":{\"/hasown/2.0.1\":{\"/function-bind/1.1.2\":{}}},\"/is-data-descriptor/1.0.1\":{\"/hasown/2.0.1\":{\"/function-bind/1.1.2\":{}}}},\"/isobject/3.0.1\":{}},\"/extend-shallow/3.0.2\":{\"/assign-symbols/1.0.0\":{},\"/is-extendable/1.0.1\":{\"/is-plain-object/2.0.4\":{\"/isobject/3.0.1\":{}}}},\"/extglob/2.0.4(supports-color@5.5.0)\":{\"/array-unique/0.3.2\":{},\"/define-property/1.0.0\":{\"/is-descriptor/1.0.3\":{\"/is-accessor-descriptor/1.0.1\":{\"/hasown/2.0.1\":{\"/function-bind/1.1.2\":{}}},\"/is-data-descriptor/1.0.1\":{\"/hasown/2.0.1\":{\"/function-bind/1.1.2\":{}}}}},\"/expand-brackets/2.1.4(supports-color@5.5.0)\":{\"/debug/2.6.9(supports-color@5.5.0)\":{\"/ms/2.0.0\":{},\"/supports-color/5.5.0\":{\"/has-flag/3.0.0\":{}}},\"/define-property/0.2.5\":{\"/is-descriptor/0.1.7\":{\"/is-accessor-descriptor/1.0.1\":{\"/hasown/2.0.1\":{\"/function-bind/1.1.2\":{}}},\"/is-data-descriptor/1.0.1\":{\"/hasown/2.0.1\":{\"/function-bind/1.1.2\":{}}}}},\"/extend-shallow/2.0.1\":{\"/is-extendable/0.1.1\":{}},\"/posix-character-classes/0.1.1\":{},\"/regex-not/1.0.2\":{\"/extend-shallow/3.0.2\":{\"/assign-symbols/1.0.0\":{},\"/is-extendable/1.0.1\":{\"/is-plain-object/2.0.4\":{\"/isobject/3.0.1\":{}}}},\"/safe-regex/1.1.0\":{\"/ret/0.1.15\":{}}},\"/snapdragon/0.8.2(supports-color@5.5.0)\":{\"/base/0.11.2\":{\"/cache-base/1.0.1\":{\"/collection-visit/1.0.0\":{\"/map-visit/1.0.0\":{\"/object-visit/1.0.1\":{\"/isobject/3.0.1\":{}}},\"/object-visit/1.0.1\":{\"/isobject/3.0.1\":{}}},\"/component-emitter/1.3.1\":{},\"/get-value/2.0.6\":{},\"/has-value/1.0.0\":{\"/get-value/2.0.6\":{},\"/has-values/1.0.0\":{\"/is-number/3.0.0\":{\"/kind-of/3.2.2\":{\"/is-buffer/1.1.6\":{}}},\"/kind-of/4.0.0\":{\"/is-buffer/1.1.6\":{}}},\"/isobject/3.0.1\":{}},\"/isobject/3.0.1\":{},\"/set-value/2.0.1\":{\"/extend-shallow/2.0.1\":{\"/is-extendable/0.1.1\":{}},\"/is-extendable/0.1.1\":{},\"/is-plain-object/2.0.4\":{\"/isobject/3.0.1\":{}},\"/split-string/3.1.0\":{\"/extend-shallow/3.0.2\":{\"/assign-symbols/1.0.0\":{},\"/is-extendable/1.0.1\":{\"/is-plain-object/2.0.4\":{\"/isobject/3.0.1\":{}}}}}},\"/to-object-path/0.3.0\":{\"/kind-of/3.2.2\":{\"/is-buffer/1.1.6\":{}}},\"/union-value/1.0.1\":{\"/arr-union/3.1.0\":{},\"/get-value/2.0.6\":{},\"/is-extendable/0.1.1\":{},\"/set-value/2.0.1\":{\"/extend-shallow/2.0.1\":{\"/is-extendable/0.1.1\":{}},\"/is-extendable/0.1.1\":{},\"/is-plain-object/2.0.4\":{\"/isobject/3.0.1\":{}},\"/split-string/3.1.0\":{\"/extend-shallow/3.0.2\":{\"/assign-symbols/1.0.0\":{},\"/is-extendable/1.0.1\":{\"/is-plain-object/2.0.4\":{\"/isobject/3.0.1\":{}}}}}}},\"/unset-value/1.0.0\":{\"/has-value/0.3.1\":{\"/get-value/2.0.6\":{},\"/has-values/0.1.4\":{},\"/isobject/2.1.0\":{\"/isarray/1.0.0\":{}}},\"/isobject/3.0.1\":{}}},\"/class-utils/0.3.6\":{\"/arr-union/3.1.0\":{},\"/define-property/0.2.5\":{\"/is-descriptor/0.1.7\":{\"/is-accessor-descriptor/1.0.1\":{\"/hasown/2.0.1\":{\"/function-bind/1.1.2\":{}}},\"/is-data-descriptor/1.0.1\":{\"/hasown/2.0.1\":{\"/function-bind/1.1.2\":{}}}}},\"/isobject/3.0.1\":{},\"/static-extend/0.1.2\":{\"/define-property/0.2.5\":{\"/is-descriptor/0.1.7\":{\"/is-accessor-descriptor/1.0.1\":{\"/hasown/2.0.1\":{\"/function-bind/1.1.2\":{}}},\"/is-data-descriptor/1.0.1\":{\"/hasown/2.0.1\":{\"/function-bind/1.1.2\":{}}}}},\"/object-copy/0.1.0\":{\"/copy-descriptor/0.1.1\":{},\"/define-property/0.2.5\":{\"/is-descriptor/0.1.7\":{\"/is-accessor-descriptor/1.0.1\":{\"/hasown/2.0.1\":{\"/function-bind/1.1.2\":{}}},\"/is-data-descriptor/1.0.1\":{\"/hasown/2.0.1\":{\"/function-bind/1.1.2\":{}}}}},\"/kind-of/3.2.2\":{\"/is-buffer/1.1.6\":{}}}}},\"/component-emitter/1.3.1\":{},\"/define-property/1.0.0\":{\"/is-descriptor/1.0.3\":{\"/is-accessor-descriptor/1.0.1\":{\"/hasown/2.0.1\":{\"/function-bind/1.1.2\":{}}},\"/is-data-descriptor/1.0.1\":{\"/hasown/2.0.1\":{\"/function-bind/1.1.2\":{}}}}},\"/isobject/3.0.1\":{},\"/mixin-deep/1.3.2\":{\"/for-in/1.0.2\":{},\"/is-extendable/1.0.1\":{\"/is-plain-object/2.0.4\":{\"/isobject/3.0.1\":{}}}},\"/pascalcase/0.1.1\":{}},\"/debug/2.6.9(supports-color@5.5.0)\":{\"/ms/2.0.0\":{},\"/supports-color/5.5.0\":{\"/has-flag/3.0.0\":{}}},\"/define-property/0.2.5\":{\"/is-descriptor/0.1.7\":{\"/is-accessor-descriptor/1.0.1\":{\"/hasown/2.0.1\":{\"/function-bind/1.1.2\":{}}},\"/is-data-descriptor/1.0.1\":{\"/hasown/2.0.1\":{\"/function-bind/1.1.2\":{}}}}},\"/extend-shallow/2.0.1\":{\"/is-extendable/0.1.1\":{}},\"/map-cache/0.2.2\":{},\"/source-map-resolve/0.5.3\":{\"/atob/2.1.2\":{},\"/decode-uri-component/0.2.2\":{},\"/resolve-url/0.2.1\":{},\"/source-map-url/0.4.1\":{},\"/urix/0.1.0\":{}},\"/source-map/0.5.7\":{},\"/use/3.1.1\":{}},\"/to-regex/3.0.2\":{\"/define-property/2.0.2\":{\"/is-descriptor/1.0.3\":{\"/is-accessor-descriptor/1.0.1\":{\"/hasown/2.0.1\":{\"/function-bind/1.1.2\":{}}},\"/is-data-descriptor/1.0.1\":{\"/hasown/2.0.1\":{\"/function-bind/1.1.2\":{}}}},\"/isobject/3.0.1\":{}},\"/extend-shallow/3.0.2\":{\"/assign-symbols/1.0.0\":{},\"/is-extendable/1.0.1\":{\"/is-plain-object/2.0.4\":{\"/isobject/3.0.1\":{}}}},\"/regex-not/1.0.2\":{\"/extend-shallow/3.0.2\":{\"/assign-symbols/1.0.0\":{},\"/is-extendable/1.0.1\":{\"/is-plain-object/2.0.4\":{\"/isobject/3.0.1\":{}}}},\"/safe-regex/1.1.0\":{\"/ret/0.1.15\":{}}},\"/safe-regex/1.1.0\":{\"/ret/0.1.15\":{}}}},\"/extend-shallow/2.0.1\":{\"/is-extendable/0.1.1\":{}},\"/fragment-cache/0.2.1\":{\"/map-cache/0.2.2\":{}},\"/regex-not/1.0.2\":{\"/extend-shallow/3.0.2\":{\"/assign-symbols/1.0.0\":{},\"/is-extendable/1.0.1\":{\"/is-plain-object/2.0.4\":{\"/isobject/3.0.1\":{}}}},\"/safe-regex/1.1.0\":{\"/ret/0.1.15\":{}}},\"/snapdragon/0.8.2(supports-color@5.5.0)\":{\"/base/0.11.2\":{\"/cache-base/1.0.1\":{\"/collection-visit/1.0.0\":{\"/map-visit/1.0.0\":{\"/object-visit/1.0.1\":{\"/isobject/3.0.1\":{}}},\"/object-visit/1.0.1\":{\"/isobject/3.0.1\":{}}},\"/component-emitter/1.3.1\":{},\"/get-value/2.0.6\":{},\"/has-value/1.0.0\":{\"/get-value/2.0.6\":{},\"/has-values/1.0.0\":{\"/is-number/3.0.0\":{\"/kind-of/3.2.2\":{\"/is-buffer/1.1.6\":{}}},\"/kind-of/4.0.0\":{\"/is-buffer/1.1.6\":{}}},\"/isobject/3.0.1\":{}},\"/isobject/3.0.1\":{},\"/set-value/2.0.1\":{\"/extend-shallow/2.0.1\":{\"/is-extendable/0.1.1\":{}},\"/is-extendable/0.1.1\":{},\"/is-plain-object/2.0.4\":{\"/isobject/3.0.1\":{}},\"/split-string/3.1.0\":{\"/extend-shallow/3.0.2\":{\"/assign-symbols/1.0.0\":{},\"/is-extendable/1.0.1\":{\"/is-plain-object/2.0.4\":{\"/isobject/3.0.1\":{}}}}}},\"/to-object-path/0.3.0\":{\"/kind-of/3.2.2\":{\"/is-buffer/1.1.6\":{}}},\"/union-value/1.0.1\":{\"/arr-union/3.1.0\":{},\"/get-value/2.0.6\":{},\"/is-extendable/0.1.1\":{},\"/set-value/2.0.1\":{\"/extend-shallow/2.0.1\":{\"/is-extendable/0.1.1\":{}},\"/is-extendable/0.1.1\":{},\"/is-plain-object/2.0.4\":{\"/isobject/3.0.1\":{}},\"/split-string/3.1.0\":{\"/extend-shallow/3.0.2\":{\"/assign-symbols/1.0.0\":{},\"/is-extendable/1.0.1\":{\"/is-plain-object/2.0.4\":{\"/isobject/3.0.1\":{}}}}}}},\"/unset-value/1.0.0\":{\"/has-value/0.3.1\":{\"/get-value/2.0.6\":{},\"/has-values/0.1.4\":{},\"/isobject/2.1.0\":{\"/isarray/1.0.0\":{}}},\"/isobject/3.0.1\":{}}},\"/class-utils/0.3.6\":{\"/arr-union/3.1.0\":{},\"/define-property/0.2.5\":{\"/is-descriptor/0.1.7\":{\"/is-accessor-descriptor/1.0.1\":{\"/hasown/2.0.1\":{\"/function-bind/1.1.2\":{}}},\"/is-data-descriptor/1.0.1\":{\"/hasown/2.0.1\":{\"/function-bind/1.1.2\":{}}}}},\"/isobject/3.0.1\":{},\"/static-extend/0.1.2\":{\"/define-property/0.2.5\":{\"/is-descriptor/0.1.7\":{\"/is-accessor-descriptor/1.0.1\":{\"/hasown/2.0.1\":{\"/function-bind/1.1.2\":{}}},\"/is-data-descriptor/1.0.1\":{\"/hasown/2.0.1\":{\"/function-bind/1.1.2\":{}}}}},\"/object-copy/0.1.0\":{\"/copy-descriptor/0.1.1\":{},\"/define-property/0.2.5\":{\"/is-descriptor/0.1.7\":{\"/is-accessor-descriptor/1.0.1\":{\"/hasown/2.0.1\":{\"/function-bind/1.1.2\":{}}},\"/is-data-descriptor/1.0.1\":{\"/hasown/2.0.1\":{\"/function-bind/1.1.2\":{}}}}},\"/kind-of/3.2.2\":{\"/is-buffer/1.1.6\":{}}}}},\"/component-emitter/1.3.1\":{},\"/define-property/1.0.0\":{\"/is-descriptor/1.0.3\":{\"/is-accessor-descriptor/1.0.1\":{\"/hasown/2.0.1\":{\"/function-bind/1.1.2\":{}}},\"/is-data-descriptor/1.0.1\":{\"/hasown/2.0.1\":{\"/function-bind/1.1.2\":{}}}}},\"/isobject/3.0.1\":{},\"/mixin-deep/1.3.2\":{\"/for-in/1.0.2\":{},\"/is-extendable/1.0.1\":{\"/is-plain-object/2.0.4\":{\"/isobject/3.0.1\":{}}}},\"/pascalcase/0.1.1\":{}},\"/debug/2.6.9(supports-color@5.5.0)\":{\"/ms/2.0.0\":{},\"/supports-color/5.5.0\":{\"/has-flag/3.0.0\":{}}},\"/define-property/0.2.5\":{\"/is-descriptor/0.1.7\":{\"/is-accessor-descriptor/1.0.1\":{\"/hasown/2.0.1\":{\"/function-bind/1.1.2\":{}}},\"/is-data-descriptor/1.0.1\":{\"/hasown/2.0.1\":{\"/function-bind/1.1.2\":{}}}}},\"/extend-shallow/2.0.1\":{\"/is-extendable/0.1.1\":{}},\"/map-cache/0.2.2\":{},\"/source-map-resolve/0.5.3\":{\"/atob/2.1.2\":{},\"/decode-uri-component/0.2.2\":{},\"/resolve-url/0.2.1\":{},\"/source-map-url/0.4.1\":{},\"/urix/0.1.0\":{}},\"/source-map/0.5.7\":{},\"/use/3.1.1\":{}},\"/to-regex/3.0.2\":{\"/define-property/2.0.2\":{\"/is-descriptor/1.0.3\":{\"/is-accessor-descriptor/1.0.1\":{\"/hasown/2.0.1\":{\"/function-bind/1.1.2\":{}}},\"/is-data-descriptor/1.0.1\":{\"/hasown/2.0.1\":{\"/function-bind/1.1.2\":{}}}},\"/isobject/3.0.1\":{}},\"/extend-shallow/3.0.2\":{\"/assign-symbols/1.0.0\":{},\"/is-extendable/1.0.1\":{\"/is-plain-object/2.0.4\":{\"/isobject/3.0.1\":{}}}},\"/regex-not/1.0.2\":{\"/extend-shallow/3.0.2\":{\"/assign-symbols/1.0.0\":{},\"/is-extendable/1.0.1\":{\"/is-plain-object/2.0.4\":{\"/isobject/3.0.1\":{}}}},\"/safe-regex/1.1.0\":{\"/ret/0.1.15\":{}}},\"/safe-regex/1.1.0\":{\"/ret/0.1.15\":{}}}},\"/fragment-cache/0.2.1\":{\"/map-cache/0.2.2\":{}},\"/kind-of/6.0.3\":{},\"/nanomatch/1.2.13(supports-color@5.5.0)\":{\"/arr-diff/4.0.0\":{},\"/array-unique/0.3.2\":{},\"/define-property/2.0.2\":{\"/is-descriptor/1.0.3\":{\"/is-accessor-descriptor/1.0.1\":{\"/hasown/2.0.1\":{\"/function-bind/1.1.2\":{}}},\"/is-data-descriptor/1.0.1\":{\"/hasown/2.0.1\":{\"/function-bind/1.1.2\":{}}}},\"/isobject/3.0.1\":{}},\"/extend-shallow/3.0.2\":{\"/assign-symbols/1.0.0\":{},\"/is-extendable/1.0.1\":{\"/is-plain-object/2.0.4\":{\"/isobject/3.0.1\":{}}}},\"/fragment-cache/0.2.1\":{\"/map-cache/0.2.2\":{}},\"/is-windows/1.0.2\":{},\"/kind-of/6.0.3\":{},\"/object.pick/1.3.0\":{\"/isobject/3.0.1\":{}},\"/regex-not/1.0.2\":{\"/extend-shallow/3.0.2\":{\"/assign-symbols/1.0.0\":{},\"/is-extendable/1.0.1\":{\"/is-plain-object/2.0.4\":{\"/isobject/3.0.1\":{}}}},\"/safe-regex/1.1.0\":{\"/ret/0.1.15\":{}}},\"/snapdragon/0.8.2(supports-color@5.5.0)\":{\"/base/0.11.2\":{\"/cache-base/1.0.1\":{\"/collection-visit/1.0.0\":{\"/map-visit/1.0.0\":{\"/object-visit/1.0.1\":{\"/isobject/3.0.1\":{}}},\"/object-visit/1.0.1\":{\"/isobject/3.0.1\":{}}},\"/component-emitter/1.3.1\":{},\"/get-value/2.0.6\":{},\"/has-value/1.0.0\":{\"/get-value/2.0.6\":{},\"/has-values/1.0.0\":{\"/is-number/3.0.0\":{\"/kind-of/3.2.2\":{\"/is-buffer/1.1.6\":{}}},\"/kind-of/4.0.0\":{\"/is-buffer/1.1.6\":{}}},\"/isobject/3.0.1\":{}},\"/isobject/3.0.1\":{},\"/set-value/2.0.1\":{\"/extend-shallow/2.0.1\":{\"/is-extendable/0.1.1\":{}},\"/is-extendable/0.1.1\":{},\"/is-plain-object/2.0.4\":{\"/isobject/3.0.1\":{}},\"/split-string/3.1.0\":{\"/extend-shallow/3.0.2\":{\"/assign-symbols/1.0.0\":{},\"/is-extendable/1.0.1\":{\"/is-plain-object/2.0.4\":{\"/isobject/3.0.1\":{}}}}}},\"/to-object-path/0.3.0\":{\"/kind-of/3.2.2\":{\"/is-buffer/1.1.6\":{}}},\"/union-value/1.0.1\":{\"/arr-union/3.1.0\":{},\"/get-value/2.0.6\":{},\"/is-extendable/0.1.1\":{},\"/set-value/2.0.1\":{\"/extend-shallow/2.0.1\":{\"/is-extendable/0.1.1\":{}},\"/is-extendable/0.1.1\":{},\"/is-plain-object/2.0.4\":{\"/isobject/3.0.1\":{}},\"/split-string/3.1.0\":{\"/extend-shallow/3.0.2\":{\"/assign-symbols/1.0.0\":{},\"/is-extendable/1.0.1\":{\"/is-plain-object/2.0.4\":{\"/isobject/3.0.1\":{}}}}}}},\"/unset-value/1.0.0\":{\"/has-value/0.3.1\":{\"/get-value/2.0.6\":{},\"/has-values/0.1.4\":{},\"/isobject/2.1.0\":{\"/isarray/1.0.0\":{}}},\"/isobject/3.0.1\":{}}},\"/class-utils/0.3.6\":{\"/arr-union/3.1.0\":{},\"/define-property/0.2.5\":{\"/is-descriptor/0.1.7\":{\"/is-accessor-descriptor/1.0.1\":{\"/hasown/2.0.1\":{\"/function-bind/1.1.2\":{}}},\"/is-data-descriptor/1.0.1\":{\"/hasown/2.0.1\":{\"/function-bind/1.1.2\":{}}}}},\"/isobject/3.0.1\":{},\"/static-extend/0.1.2\":{\"/define-property/0.2.5\":{\"/is-descriptor/0.1.7\":{\"/is-accessor-descriptor/1.0.1\":{\"/hasown/2.0.1\":{\"/function-bind/1.1.2\":{}}},\"/is-data-descriptor/1.0.1\":{\"/hasown/2.0.1\":{\"/function-bind/1.1.2\":{}}}}},\"/object-copy/0.1.0\":{\"/copy-descriptor/0.1.1\":{},\"/define-property/0.2.5\":{\"/is-descriptor/0.1.7\":{\"/is-accessor-descriptor/1.0.1\":{\"/hasown/2.0.1\":{\"/function-bind/1.1.2\":{}}},\"/is-data-descriptor/1.0.1\":{\"/hasown/2.0.1\":{\"/function-bind/1.1.2\":{}}}}},\"/kind-of/3.2.2\":{\"/is-buffer/1.1.6\":{}}}}},\"/component-emitter/1.3.1\":{},\"/define-property/1.0.0\":{\"/is-descriptor/1.0.3\":{\"/is-accessor-descriptor/1.0.1\":{\"/hasown/2.0.1\":{\"/function-bind/1.1.2\":{}}},\"/is-data-descriptor/1.0.1\":{\"/hasown/2.0.1\":{\"/function-bind/1.1.2\":{}}}}},\"/isobject/3.0.1\":{},\"/mixin-deep/1.3.2\":{\"/for-in/1.0.2\":{},\"/is-extendable/1.0.1\":{\"/is-plain-object/2.0.4\":{\"/isobject/3.0.1\":{}}}},\"/pascalcase/0.1.1\":{}},\"/debug/2.6.9(supports-color@5.5.0)\":{\"/ms/2.0.0\":{},\"/supports-color/5.5.0\":{\"/has-flag/3.0.0\":{}}},\"/define-property/0.2.5\":{\"/is-descriptor/0.1.7\":{\"/is-accessor-descriptor/1.0.1\":{\"/hasown/2.0.1\":{\"/function-bind/1.1.2\":{}}},\"/is-data-descriptor/1.0.1\":{\"/hasown/2.0.1\":{\"/function-bind/1.1.2\":{}}}}},\"/extend-shallow/2.0.1\":{\"/is-extendable/0.1.1\":{}},\"/map-cache/0.2.2\":{},\"/source-map-resolve/0.5.3\":{\"/atob/2.1.2\":{},\"/decode-uri-component/0.2.2\":{},\"/resolve-url/0.2.1\":{},\"/source-map-url/0.4.1\":{},\"/urix/0.1.0\":{}},\"/source-map/0.5.7\":{},\"/use/3.1.1\":{}},\"/to-regex/3.0.2\":{\"/define-property/2.0.2\":{\"/is-descriptor/1.0.3\":{\"/is-accessor-descriptor/1.0.1\":{\"/hasown/2.0.1\":{\"/function-bind/1.1.2\":{}}},\"/is-data-descriptor/1.0.1\":{\"/hasown/2.0.1\":{\"/function-bind/1.1.2\":{}}}},\"/isobject/3.0.1\":{}},\"/extend-shallow/3.0.2\":{\"/assign-symbols/1.0.0\":{},\"/is-extendable/1.0.1\":{\"/is-plain-object/2.0.4\":{\"/isobject/3.0.1\":{}}}},\"/regex-not/1.0.2\":{\"/extend-shallow/3.0.2\":{\"/assign-symbols/1.0.0\":{},\"/is-extendable/1.0.1\":{\"/is-plain-object/2.0.4\":{\"/isobject/3.0.1\":{}}}},\"/safe-regex/1.1.0\":{\"/ret/0.1.15\":{}}},\"/safe-regex/1.1.0\":{\"/ret/0.1.15\":{}}}},\"/object.pick/1.3.0\":{\"/isobject/3.0.1\":{}},\"/regex-not/1.0.2\":{\"/extend-shallow/3.0.2\":{\"/assign-symbols/1.0.0\":{},\"/is-extendable/1.0.1\":{\"/is-plain-object/2.0.4\":{\"/isobject/3.0.1\":{}}}},\"/safe-regex/1.1.0\":{\"/ret/0.1.15\":{}}},\"/snapdragon/0.8.2(supports-color@5.5.0)\":{\"/base/0.11.2\":{\"/cache-base/1.0.1\":{\"/collection-visit/1.0.0\":{\"/map-visit/1.0.0\":{\"/object-visit/1.0.1\":{\"/isobject/3.0.1\":{}}},\"/object-visit/1.0.1\":{\"/isobject/3.0.1\":{}}},\"/component-emitter/1.3.1\":{},\"/get-value/2.0.6\":{},\"/has-value/1.0.0\":{\"/get-value/2.0.6\":{},\"/has-values/1.0.0\":{\"/is-number/3.0.0\":{\"/kind-of/3.2.2\":{\"/is-buffer/1.1.6\":{}}},\"/kind-of/4.0.0\":{\"/is-buffer/1.1.6\":{}}},\"/isobject/3.0.1\":{}},\"/isobject/3.0.1\":{},\"/set-value/2.0.1\":{\"/extend-shallow/2.0.1\":{\"/is-extendable/0.1.1\":{}},\"/is-extendable/0.1.1\":{},\"/is-plain-object/2.0.4\":{\"/isobject/3.0.1\":{}},\"/split-string/3.1.0\":{\"/extend-shallow/3.0.2\":{\"/assign-symbols/1.0.0\":{},\"/is-extendable/1.0.1\":{\"/is-plain-object/2.0.4\":{\"/isobject/3.0.1\":{}}}}}},\"/to-object-path/0.3.0\":{\"/kind-of/3.2.2\":{\"/is-buffer/1.1.6\":{}}},\"/union-value/1.0.1\":{\"/arr-union/3.1.0\":{},\"/get-value/2.0.6\":{},\"/is-extendable/0.1.1\":{},\"/set-value/2.0.1\":{\"/extend-shallow/2.0.1\":{\"/is-extendable/0.1.1\":{}},\"/is-extendable/0.1.1\":{},\"/is-plain-object/2.0.4\":{\"/isobject/3.0.1\":{}},\"/split-string/3.1.0\":{\"/extend-shallow/3.0.2\":{\"/assign-symbols/1.0.0\":{},\"/is-extendable/1.0.1\":{\"/is-plain-object/2.0.4\":{\"/isobject/3.0.1\":{}}}}}}},\"/unset-value/1.0.0\":{\"/has-value/0.3.1\":{\"/get-value/2.0.6\":{},\"/has-values/0.1.4\":{},\"/isobject/2.1.0\":{\"/isarray/1.0.0\":{}}},\"/isobject/3.0.1\":{}}},\"/class-utils/0.3.6\":{\"/arr-union/3.1.0\":{},\"/define-property/0.2.5\":{\"/is-descriptor/0.1.7\":{\"/is-accessor-descriptor/1.0.1\":{\"/hasown/2.0.1\":{\"/function-bind/1.1.2\":{}}},\"/is-data-descriptor/1.0.1\":{\"/hasown/2.0.1\":{\"/function-bind/1.1.2\":{}}}}},\"/isobject/3.0.1\":{},\"/static-extend/0.1.2\":{\"/define-property/0.2.5\":{\"/is-descriptor/0.1.7\":{\"/is-accessor-descriptor/1.0.1\":{\"/hasown/2.0.1\":{\"/function-bind/1.1.2\":{}}},\"/is-data-descriptor/1.0.1\":{\"/hasown/2.0.1\":{\"/function-bind/1.1.2\":{}}}}},\"/object-copy/0.1.0\":{\"/copy-descriptor/0.1.1\":{},\"/define-property/0.2.5\":{\"/is-descriptor/0.1.7\":{\"/is-accessor-descriptor/1.0.1\":{\"/hasown/2.0.1\":{\"/function-bind/1.1.2\":{}}},\"/is-data-descriptor/1.0.1\":{\"/hasown/2.0.1\":{\"/function-bind/1.1.2\":{}}}}},\"/kind-of/3.2.2\":{\"/is-buffer/1.1.6\":{}}}}},\"/component-emitter/1.3.1\":{},\"/define-property/1.0.0\":{\"/is-descriptor/1.0.3\":{\"/is-accessor-descriptor/1.0.1\":{\"/hasown/2.0.1\":{\"/function-bind/1.1.2\":{}}},\"/is-data-descriptor/1.0.1\":{\"/hasown/2.0.1\":{\"/function-bind/1.1.2\":{}}}}},\"/isobject/3.0.1\":{},\"/mixin-deep/1.3.2\":{\"/for-in/1.0.2\":{},\"/is-extendable/1.0.1\":{\"/is-plain-object/2.0.4\":{\"/isobject/3.0.1\":{}}}},\"/pascalcase/0.1.1\":{}},\"/debug/2.6.9(supports-color@5.5.0)\":{\"/ms/2.0.0\":{},\"/supports-color/5.5.0\":{\"/has-flag/3.0.0\":{}}},\"/define-property/0.2.5\":{\"/is-descriptor/0.1.7\":{\"/is-accessor-descriptor/1.0.1\":{\"/hasown/2.0.1\":{\"/function-bind/1.1.2\":{}}},\"/is-data-descriptor/1.0.1\":{\"/hasown/2.0.1\":{\"/function-bind/1.1.2\":{}}}}},\"/extend-shallow/2.0.1\":{\"/is-extendable/0.1.1\":{}},\"/map-cache/0.2.2\":{},\"/source-map-resolve/0.5.3\":{\"/atob/2.1.2\":{},\"/decode-uri-component/0.2.2\":{},\"/resolve-url/0.2.1\":{},\"/source-map-url/0.4.1\":{},\"/urix/0.1.0\":{}},\"/source-map/0.5.7\":{},\"/use/3.1.1\":{}},\"/to-regex/3.0.2\":{\"/define-property/2.0.2\":{\"/is-descriptor/1.0.3\":{\"/is-accessor-descriptor/1.0.1\":{\"/hasown/2.0.1\":{\"/function-bind/1.1.2\":{}}},\"/is-data-descriptor/1.0.1\":{\"/hasown/2.0.1\":{\"/function-bind/1.1.2\":{}}}},\"/isobject/3.0.1\":{}},\"/extend-shallow/3.0.2\":{\"/assign-symbols/1.0.0\":{},\"/is-extendable/1.0.1\":{\"/is-plain-object/2.0.4\":{\"/isobject/3.0.1\":{}}}},\"/regex-not/1.0.2\":{\"/extend-shallow/3.0.2\":{\"/assign-symbols/1.0.0\":{},\"/is-extendable/1.0.1\":{\"/is-plain-object/2.0.4\":{\"/isobject/3.0.1\":{}}}},\"/safe-regex/1.1.0\":{\"/ret/0.1.15\":{}}},\"/safe-regex/1.1.0\":{\"/ret/0.1.15\":{}}}},\"/normalize-path/2.1.1\":{\"/remove-trailing-separator/1.1.0\":{}}},\"/async-each/1.0.6\":{},\"/braces/2.3.2(supports-color@5.5.0)\":{\"/arr-flatten/1.1.0\":{},\"/array-unique/0.3.2\":{},\"/extend-shallow/2.0.1\":{\"/is-extendable/0.1.1\":{}},\"/fill-range/4.0.0\":{\"/extend-shallow/2.0.1\":{\"/is-extendable/0.1.1\":{}},\"/is-number/3.0.0\":{\"/kind-of/3.2.2\":{\"/is-buffer/1.1.6\":{}}},\"/repeat-string/1.6.1\":{},\"/to-regex-range/2.1.1\":{\"/is-number/3.0.0\":{\"/kind-of/3.2.2\":{\"/is-buffer/1.1.6\":{}}},\"/repeat-string/1.6.1\":{}}},\"/isobject/3.0.1\":{},\"/repeat-element/1.1.4\":{},\"/snapdragon-node/2.1.1\":{\"/define-property/1.0.0\":{\"/is-descriptor/1.0.3\":{\"/is-accessor-descriptor/1.0.1\":{\"/hasown/2.0.1\":{\"/function-bind/1.1.2\":{}}},\"/is-data-descriptor/1.0.1\":{\"/hasown/2.0.1\":{\"/function-bind/1.1.2\":{}}}}},\"/isobject/3.0.1\":{},\"/snapdragon-util/3.0.1\":{\"/kind-of/3.2.2\":{\"/is-buffer/1.1.6\":{}}}},\"/snapdragon/0.8.2(supports-color@5.5.0)\":{\"/base/0.11.2\":{\"/cache-base/1.0.1\":{\"/collection-visit/1.0.0\":{\"/map-visit/1.0.0\":{\"/object-visit/1.0.1\":{\"/isobject/3.0.1\":{}}},\"/object-visit/1.0.1\":{\"/isobject/3.0.1\":{}}},\"/component-emitter/1.3.1\":{},\"/get-value/2.0.6\":{},\"/has-value/1.0.0\":{\"/get-value/2.0.6\":{},\"/has-values/1.0.0\":{\"/is-number/3.0.0\":{\"/kind-of/3.2.2\":{\"/is-buffer/1.1.6\":{}}},\"/kind-of/4.0.0\":{\"/is-buffer/1.1.6\":{}}},\"/isobject/3.0.1\":{}},\"/isobject/3.0.1\":{},\"/set-value/2.0.1\":{\"/extend-shallow/2.0.1\":{\"/is-extendable/0.1.1\":{}},\"/is-extendable/0.1.1\":{},\"/is-plain-object/2.0.4\":{\"/isobject/3.0.1\":{}},\"/split-string/3.1.0\":{\"/extend-shallow/3.0.2\":{\"/assign-symbols/1.0.0\":{},\"/is-extendable/1.0.1\":{\"/is-plain-object/2.0.4\":{\"/isobject/3.0.1\":{}}}}}},\"/to-object-path/0.3.0\":{\"/kind-of/3.2.2\":{\"/is-buffer/1.1.6\":{}}},\"/union-value/1.0.1\":{\"/arr-union/3.1.0\":{},\"/get-value/2.0.6\":{},\"/is-extendable/0.1.1\":{},\"/set-value/2.0.1\":{\"/extend-shallow/2.0.1\":{\"/is-extendable/0.1.1\":{}},\"/is-extendable/0.1.1\":{},\"/is-plain-object/2.0.4\":{\"/isobject/3.0.1\":{}},\"/split-string/3.1.0\":{\"/extend-shallow/3.0.2\":{\"/assign-symbols/1.0.0\":{},\"/is-extendable/1.0.1\":{\"/is-plain-object/2.0.4\":{\"/isobject/3.0.1\":{}}}}}}},\"/unset-value/1.0.0\":{\"/has-value/0.3.1\":{\"/get-value/2.0.6\":{},\"/has-values/0.1.4\":{},\"/isobject/2.1.0\":{\"/isarray/1.0.0\":{}}},\"/isobject/3.0.1\":{}}},\"/class-utils/0.3.6\":{\"/arr-union/3.1.0\":{},\"/define-property/0.2.5\":{\"/is-descriptor/0.1.7\":{\"/is-accessor-descriptor/1.0.1\":{\"/hasown/2.0.1\":{\"/function-bind/1.1.2\":{}}},\"/is-data-descriptor/1.0.1\":{\"/hasown/2.0.1\":{\"/function-bind/1.1.2\":{}}}}},\"/isobject/3.0.1\":{},\"/static-extend/0.1.2\":{\"/define-property/0.2.5\":{\"/is-descriptor/0.1.7\":{\"/is-accessor-descriptor/1.0.1\":{\"/hasown/2.0.1\":{\"/function-bind/1.1.2\":{}}},\"/is-data-descriptor/1.0.1\":{\"/hasown/2.0.1\":{\"/function-bind/1.1.2\":{}}}}},\"/object-copy/0.1.0\":{\"/copy-descriptor/0.1.1\":{},\"/define-property/0.2.5\":{\"/is-descriptor/0.1.7\":{\"/is-accessor-descriptor/1.0.1\":{\"/hasown/2.0.1\":{\"/function-bind/1.1.2\":{}}},\"/is-data-descriptor/1.0.1\":{\"/hasown/2.0.1\":{\"/function-bind/1.1.2\":{}}}}},\"/kind-of/3.2.2\":{\"/is-buffer/1.1.6\":{}}}}},\"/component-emitter/1.3.1\":{},\"/define-property/1.0.0\":{\"/is-descriptor/1.0.3\":{\"/is-accessor-descriptor/1.0.1\":{\"/hasown/2.0.1\":{\"/function-bind/1.1.2\":{}}},\"/is-data-descriptor/1.0.1\":{\"/hasown/2.0.1\":{\"/function-bind/1.1.2\":{}}}}},\"/isobject/3.0.1\":{},\"/mixin-deep/1.3.2\":{\"/for-in/1.0.2\":{},\"/is-extendable/1.0.1\":{\"/is-plain-object/2.0.4\":{\"/isobject/3.0.1\":{}}}},\"/pascalcase/0.1.1\":{}},\"/debug/2.6.9(supports-color@5.5.0)\":{\"/ms/2.0.0\":{},\"/supports-color/5.5.0\":{\"/has-flag/3.0.0\":{}}},\"/define-property/0.2.5\":{\"/is-descriptor/0.1.7\":{\"/is-accessor-descriptor/1.0.1\":{\"/hasown/2.0.1\":{\"/function-bind/1.1.2\":{}}},\"/is-data-descriptor/1.0.1\":{\"/hasown/2.0.1\":{\"/function-bind/1.1.2\":{}}}}},\"/extend-shallow/2.0.1\":{\"/is-extendable/0.1.1\":{}},\"/map-cache/0.2.2\":{},\"/source-map-resolve/0.5.3\":{\"/atob/2.1.2\":{},\"/decode-uri-component/0.2.2\":{},\"/resolve-url/0.2.1\":{},\"/source-map-url/0.4.1\":{},\"/urix/0.1.0\":{}},\"/source-map/0.5.7\":{},\"/use/3.1.1\":{}},\"/split-string/3.1.0\":{\"/extend-shallow/3.0.2\":{\"/assign-symbols/1.0.0\":{},\"/is-extendable/1.0.1\":{\"/is-plain-object/2.0.4\":{\"/isobject/3.0.1\":{}}}}},\"/to-regex/3.0.2\":{\"/define-property/2.0.2\":{\"/is-descriptor/1.0.3\":{\"/is-accessor-descriptor/1.0.1\":{\"/hasown/2.0.1\":{\"/function-bind/1.1.2\":{}}},\"/is-data-descriptor/1.0.1\":{\"/hasown/2.0.1\":{\"/function-bind/1.1.2\":{}}}},\"/isobject/3.0.1\":{}},\"/extend-shallow/3.0.2\":{\"/assign-symbols/1.0.0\":{},\"/is-extendable/1.0.1\":{\"/is-plain-object/2.0.4\":{\"/isobject/3.0.1\":{}}}},\"/regex-not/1.0.2\":{\"/extend-shallow/3.0.2\":{\"/assign-symbols/1.0.0\":{},\"/is-extendable/1.0.1\":{\"/is-plain-object/2.0.4\":{\"/isobject/3.0.1\":{}}}},\"/safe-regex/1.1.0\":{\"/ret/0.1.15\":{}}},\"/safe-regex/1.1.0\":{\"/ret/0.1.15\":{}}}},\"/glob-parent/3.1.0\":{\"/is-glob/3.1.0\":{\"/is-extglob/2.1.1\":{}},\"/path-dirname/1.0.2\":{}},\"/inherits/2.0.4\":{},\"/is-binary-path/1.0.1\":{\"/binary-extensions/1.13.1\":{}},\"/is-glob/4.0.3\":{\"/is-extglob/2.1.1\":{}},\"/normalize-path/3.0.0\":{},\"/path-is-absolute/1.0.1\":{},\"/readdirp/2.2.1(supports-color@5.5.0)\":{\"/graceful-fs/4.2.11\":{},\"/micromatch/3.1.10(supports-color@5.5.0)\":{\"/arr-diff/4.0.0\":{},\"/array-unique/0.3.2\":{},\"/braces/2.3.2(supports-color@5.5.0)\":{\"/arr-flatten/1.1.0\":{},\"/array-unique/0.3.2\":{},\"/extend-shallow/2.0.1\":{\"/is-extendable/0.1.1\":{}},\"/fill-range/4.0.0\":{\"/extend-shallow/2.0.1\":{\"/is-extendable/0.1.1\":{}},\"/is-number/3.0.0\":{\"/kind-of/3.2.2\":{\"/is-buffer/1.1.6\":{}}},\"/repeat-string/1.6.1\":{},\"/to-regex-range/2.1.1\":{\"/is-number/3.0.0\":{\"/kind-of/3.2.2\":{\"/is-buffer/1.1.6\":{}}},\"/repeat-string/1.6.1\":{}}},\"/isobject/3.0.1\":{},\"/repeat-element/1.1.4\":{},\"/snapdragon-node/2.1.1\":{\"/define-property/1.0.0\":{\"/is-descriptor/1.0.3\":{\"/is-accessor-descriptor/1.0.1\":{\"/hasown/2.0.1\":{\"/function-bind/1.1.2\":{}}},\"/is-data-descriptor/1.0.1\":{\"/hasown/2.0.1\":{\"/function-bind/1.1.2\":{}}}}},\"/isobject/3.0.1\":{},\"/snapdragon-util/3.0.1\":{\"/kind-of/3.2.2\":{\"/is-buffer/1.1.6\":{}}}},\"/snapdragon/0.8.2(supports-color@5.5.0)\":{\"/base/0.11.2\":{\"/cache-base/1.0.1\":{\"/collection-visit/1.0.0\":{\"/map-visit/1.0.0\":{\"/object-visit/1.0.1\":{\"/isobject/3.0.1\":{}}},\"/object-visit/1.0.1\":{\"/isobject/3.0.1\":{}}},\"/component-emitter/1.3.1\":{},\"/get-value/2.0.6\":{},\"/has-value/1.0.0\":{\"/get-value/2.0.6\":{},\"/has-values/1.0.0\":{\"/is-number/3.0.0\":{\"/kind-of/3.2.2\":{\"/is-buffer/1.1.6\":{}}},\"/kind-of/4.0.0\":{\"/is-buffer/1.1.6\":{}}},\"/isobject/3.0.1\":{}},\"/isobject/3.0.1\":{},\"/set-value/2.0.1\":{\"/extend-shallow/2.0.1\":{\"/is-extendable/0.1.1\":{}},\"/is-extendable/0.1.1\":{},\"/is-plain-object/2.0.4\":{\"/isobject/3.0.1\":{}},\"/split-string/3.1.0\":{\"/extend-shallow/3.0.2\":{\"/assign-symbols/1.0.0\":{},\"/is-extendable/1.0.1\":{\"/is-plain-object/2.0.4\":{\"/isobject/3.0.1\":{}}}}}},\"/to-object-path/0.3.0\":{\"/kind-of/3.2.2\":{\"/is-buffer/1.1.6\":{}}},\"/union-value/1.0.1\":{\"/arr-union/3.1.0\":{},\"/get-value/2.0.6\":{},\"/is-extendable/0.1.1\":{},\"/set-value/2.0.1\":{\"/extend-shallow/2.0.1\":{\"/is-extendable/0.1.1\":{}},\"/is-extendable/0.1.1\":{},\"/is-plain-object/2.0.4\":{\"/isobject/3.0.1\":{}},\"/split-string/3.1.0\":{\"/extend-shallow/3.0.2\":{\"/assign-symbols/1.0.0\":{},\"/is-extendable/1.0.1\":{\"/is-plain-object/2.0.4\":{\"/isobject/3.0.1\":{}}}}}}},\"/unset-value/1.0.0\":{\"/has-value/0.3.1\":{\"/get-value/2.0.6\":{},\"/has-values/0.1.4\":{},\"/isobject/2.1.0\":{\"/isarray/1.0.0\":{}}},\"/isobject/3.0.1\":{}}},\"/class-utils/0.3.6\":{\"/arr-union/3.1.0\":{},\"/define-property/0.2.5\":{\"/is-descriptor/0.1.7\":{\"/is-accessor-descriptor/1.0.1\":{\"/hasown/2.0.1\":{\"/function-bind/1.1.2\":{}}},\"/is-data-descriptor/1.0.1\":{\"/hasown/2.0.1\":{\"/function-bind/1.1.2\":{}}}}},\"/isobject/3.0.1\":{},\"/static-extend/0.1.2\":{\"/define-property/0.2.5\":{\"/is-descriptor/0.1.7\":{\"/is-accessor-descriptor/1.0.1\":{\"/hasown/2.0.1\":{\"/function-bind/1.1.2\":{}}},\"/is-data-descriptor/1.0.1\":{\"/hasown/2.0.1\":{\"/function-bind/1.1.2\":{}}}}},\"/object-copy/0.1.0\":{\"/copy-descriptor/0.1.1\":{},\"/define-property/0.2.5\":{\"/is-descriptor/0.1.7\":{\"/is-accessor-descriptor/1.0.1\":{\"/hasown/2.0.1\":{\"/function-bind/1.1.2\":{}}},\"/is-data-descriptor/1.0.1\":{\"/hasown/2.0.1\":{\"/function-bind/1.1.2\":{}}}}},\"/kind-of/3.2.2\":{\"/is-buffer/1.1.6\":{}}}}},\"/component-emitter/1.3.1\":{},\"/define-property/1.0.0\":{\"/is-descriptor/1.0.3\":{\"/is-accessor-descriptor/1.0.1\":{\"/hasown/2.0.1\":{\"/function-bind/1.1.2\":{}}},\"/is-data-descriptor/1.0.1\":{\"/hasown/2.0.1\":{\"/function-bind/1.1.2\":{}}}}},\"/isobject/3.0.1\":{},\"/mixin-deep/1.3.2\":{\"/for-in/1.0.2\":{},\"/is-extendable/1.0.1\":{\"/is-plain-object/2.0.4\":{\"/isobject/3.0.1\":{}}}},\"/pascalcase/0.1.1\":{}},\"/debug/2.6.9(supports-color@5.5.0)\":{\"/ms/2.0.0\":{},\"/supports-color/5.5.0\":{\"/has-flag/3.0.0\":{}}},\"/define-property/0.2.5\":{\"/is-descriptor/0.1.7\":{\"/is-accessor-descriptor/1.0.1\":{\"/hasown/2.0.1\":{\"/function-bind/1.1.2\":{}}},\"/is-data-descriptor/1.0.1\":{\"/hasown/2.0.1\":{\"/function-bind/1.1.2\":{}}}}},\"/extend-shallow/2.0.1\":{\"/is-extendable/0.1.1\":{}},\"/map-cache/0.2.2\":{},\"/source-map-resolve/0.5.3\":{\"/atob/2.1.2\":{},\"/decode-uri-component/0.2.2\":{},\"/resolve-url/0.2.1\":{},\"/source-map-url/0.4.1\":{},\"/urix/0.1.0\":{}},\"/source-map/0.5.7\":{},\"/use/3.1.1\":{}},\"/split-string/3.1.0\":{\"/extend-shallow/3.0.2\":{\"/assign-symbols/1.0.0\":{},\"/is-extendable/1.0.1\":{\"/is-plain-object/2.0.4\":{\"/isobject/3.0.1\":{}}}}},\"/to-regex/3.0.2\":{\"/define-property/2.0.2\":{\"/is-descriptor/1.0.3\":{\"/is-accessor-descriptor/1.0.1\":{\"/hasown/2.0.1\":{\"/function-bind/1.1.2\":{}}},\"/is-data-descriptor/1.0.1\":{\"/hasown/2.0.1\":{\"/function-bind/1.1.2\":{}}}},\"/isobject/3.0.1\":{}},\"/extend-shallow/3.0.2\":{\"/assign-symbols/1.0.0\":{},\"/is-extendable/1.0.1\":{\"/is-plain-object/2.0.4\":{\"/isobject/3.0.1\":{}}}},\"/regex-not/1.0.2\":{\"/extend-shallow/3.0.2\":{\"/assign-symbols/1.0.0\":{},\"/is-extendable/1.0.1\":{\"/is-plain-object/2.0.4\":{\"/isobject/3.0.1\":{}}}},\"/safe-regex/1.1.0\":{\"/ret/0.1.15\":{}}},\"/safe-regex/1.1.0\":{\"/ret/0.1.15\":{}}}},\"/define-property/2.0.2\":{\"/is-descriptor/1.0.3\":{\"/is-accessor-descriptor/1.0.1\":{\"/hasown/2.0.1\":{\"/function-bind/1.1.2\":{}}},\"/is-data-descriptor/1.0.1\":{\"/hasown/2.0.1\":{\"/function-bind/1.1.2\":{}}}},\"/isobject/3.0.1\":{}},\"/extend-shallow/3.0.2\":{\"/assign-symbols/1.0.0\":{},\"/is-extendable/1.0.1\":{\"/is-plain-object/2.0.4\":{\"/isobject/3.0.1\":{}}}},\"/extglob/2.0.4(supports-color@5.5.0)\":{\"/array-unique/0.3.2\":{},\"/define-property/1.0.0\":{\"/is-descriptor/1.0.3\":{\"/is-accessor-descriptor/1.0.1\":{\"/hasown/2.0.1\":{\"/function-bind/1.1.2\":{}}},\"/is-data-descriptor/1.0.1\":{\"/hasown/2.0.1\":{\"/function-bind/1.1.2\":{}}}}},\"/expand-brackets/2.1.4(supports-color@5.5.0)\":{\"/debug/2.6.9(supports-color@5.5.0)\":{\"/ms/2.0.0\":{},\"/supports-color/5.5.0\":{\"/has-flag/3.0.0\":{}}},\"/define-property/0.2.5\":{\"/is-descriptor/0.1.7\":{\"/is-accessor-descriptor/1.0.1\":{\"/hasown/2.0.1\":{\"/function-bind/1.1.2\":{}}},\"/is-data-descriptor/1.0.1\":{\"/hasown/2.0.1\":{\"/function-bind/1.1.2\":{}}}}},\"/extend-shallow/2.0.1\":{\"/is-extendable/0.1.1\":{}},\"/posix-character-classes/0.1.1\":{},\"/regex-not/1.0.2\":{\"/extend-shallow/3.0.2\":{\"/assign-symbols/1.0.0\":{},\"/is-extendable/1.0.1\":{\"/is-plain-object/2.0.4\":{\"/isobject/3.0.1\":{}}}},\"/safe-regex/1.1.0\":{\"/ret/0.1.15\":{}}},\"/snapdragon/0.8.2(supports-color@5.5.0)\":{\"/base/0.11.2\":{\"/cache-base/1.0.1\":{\"/collection-visit/1.0.0\":{\"/map-visit/1.0.0\":{\"/object-visit/1.0.1\":{\"/isobject/3.0.1\":{}}},\"/object-visit/1.0.1\":{\"/isobject/3.0.1\":{}}},\"/component-emitter/1.3.1\":{},\"/get-value/2.0.6\":{},\"/has-value/1.0.0\":{\"/get-value/2.0.6\":{},\"/has-values/1.0.0\":{\"/is-number/3.0.0\":{\"/kind-of/3.2.2\":{\"/is-buffer/1.1.6\":{}}},\"/kind-of/4.0.0\":{\"/is-buffer/1.1.6\":{}}},\"/isobject/3.0.1\":{}},\"/isobject/3.0.1\":{},\"/set-value/2.0.1\":{\"/extend-shallow/2.0.1\":{\"/is-extendable/0.1.1\":{}},\"/is-extendable/0.1.1\":{},\"/is-plain-object/2.0.4\":{\"/isobject/3.0.1\":{}},\"/split-string/3.1.0\":{\"/extend-shallow/3.0.2\":{\"/assign-symbols/1.0.0\":{},\"/is-extendable/1.0.1\":{\"/is-plain-object/2.0.4\":{\"/isobject/3.0.1\":{}}}}}},\"/to-object-path/0.3.0\":{\"/kind-of/3.2.2\":{\"/is-buffer/1.1.6\":{}}},\"/union-value/1.0.1\":{\"/arr-union/3.1.0\":{},\"/get-value/2.0.6\":{},\"/is-extendable/0.1.1\":{},\"/set-value/2.0.1\":{\"/extend-shallow/2.0.1\":{\"/is-extendable/0.1.1\":{}},\"/is-extendable/0.1.1\":{},\"/is-plain-object/2.0.4\":{\"/isobject/3.0.1\":{}},\"/split-string/3.1.0\":{\"/extend-shallow/3.0.2\":{\"/assign-symbols/1.0.0\":{},\"/is-extendable/1.0.1\":{\"/is-plain-object/2.0.4\":{\"/isobject/3.0.1\":{}}}}}}},\"/unset-value/1.0.0\":{\"/has-value/0.3.1\":{\"/get-value/2.0.6\":{},\"/has-values/0.1.4\":{},\"/isobject/2.1.0\":{\"/isarray/1.0.0\":{}}},\"/isobject/3.0.1\":{}}},\"/class-utils/0.3.6\":{\"/arr-union/3.1.0\":{},\"/define-property/0.2.5\":{\"/is-descriptor/0.1.7\":{\"/is-accessor-descriptor/1.0.1\":{\"/hasown/2.0.1\":{\"/function-bind/1.1.2\":{}}},\"/is-data-descriptor/1.0.1\":{\"/hasown/2.0.1\":{\"/function-bind/1.1.2\":{}}}}},\"/isobject/3.0.1\":{},\"/static-extend/0.1.2\":{\"/define-property/0.2.5\":{\"/is-descriptor/0.1.7\":{\"/is-accessor-descriptor/1.0.1\":{\"/hasown/2.0.1\":{\"/function-bind/1.1.2\":{}}},\"/is-data-descriptor/1.0.1\":{\"/hasown/2.0.1\":{\"/function-bind/1.1.2\":{}}}}},\"/object-copy/0.1.0\":{\"/copy-descriptor/0.1.1\":{},\"/define-property/0.2.5\":{\"/is-descriptor/0.1.7\":{\"/is-accessor-descriptor/1.0.1\":{\"/hasown/2.0.1\":{\"/function-bind/1.1.2\":{}}},\"/is-data-descriptor/1.0.1\":{\"/hasown/2.0.1\":{\"/function-bind/1.1.2\":{}}}}},\"/kind-of/3.2.2\":{\"/is-buffer/1.1.6\":{}}}}},\"/component-emitter/1.3.1\":{},\"/define-property/1.0.0\":{\"/is-descriptor/1.0.3\":{\"/is-accessor-descriptor/1.0.1\":{\"/hasown/2.0.1\":{\"/function-bind/1.1.2\":{}}},\"/is-data-descriptor/1.0.1\":{\"/hasown/2.0.1\":{\"/function-bind/1.1.2\":{}}}}},\"/isobject/3.0.1\":{},\"/mixin-deep/1.3.2\":{\"/for-in/1.0.2\":{},\"/is-extendable/1.0.1\":{\"/is-plain-object/2.0.4\":{\"/isobject/3.0.1\":{}}}},\"/pascalcase/0.1.1\":{}},\"/debug/2.6.9(supports-color@5.5.0)\":{\"/ms/2.0.0\":{},\"/supports-color/5.5.0\":{\"/has-flag/3.0.0\":{}}},\"/define-property/0.2.5\":{\"/is-descriptor/0.1.7\":{\"/is-accessor-descriptor/1.0.1\":{\"/hasown/2.0.1\":{\"/function-bind/1.1.2\":{}}},\"/is-data-descriptor/1.0.1\":{\"/hasown/2.0.1\":{\"/function-bind/1.1.2\":{}}}}},\"/extend-shallow/2.0.1\":{\"/is-extendable/0.1.1\":{}},\"/map-cache/0.2.2\":{},\"/source-map-resolve/0.5.3\":{\"/atob/2.1.2\":{},\"/decode-uri-component/0.2.2\":{},\"/resolve-url/0.2.1\":{},\"/source-map-url/0.4.1\":{},\"/urix/0.1.0\":{}},\"/source-map/0.5.7\":{},\"/use/3.1.1\":{}},\"/to-regex/3.0.2\":{\"/define-property/2.0.2\":{\"/is-descriptor/1.0.3\":{\"/is-accessor-descriptor/1.0.1\":{\"/hasown/2.0.1\":{\"/function-bind/1.1.2\":{}}},\"/is-data-descriptor/1.0.1\":{\"/hasown/2.0.1\":{\"/function-bind/1.1.2\":{}}}},\"/isobject/3.0.1\":{}},\"/extend-shallow/3.0.2\":{\"/assign-symbols/1.0.0\":{},\"/is-extendable/1.0.1\":{\"/is-plain-object/2.0.4\":{\"/isobject/3.0.1\":{}}}},\"/regex-not/1.0.2\":{\"/extend-shallow/3.0.2\":{\"/assign-symbols/1.0.0\":{},\"/is-extendable/1.0.1\":{\"/is-plain-object/2.0.4\":{\"/isobject/3.0.1\":{}}}},\"/safe-regex/1.1.0\":{\"/ret/0.1.15\":{}}},\"/safe-regex/1.1.0\":{\"/ret/0.1.15\":{}}}},\"/extend-shallow/2.0.1\":{\"/is-extendable/0.1.1\":{}},\"/fragment-cache/0.2.1\":{\"/map-cache/0.2.2\":{}},\"/regex-not/1.0.2\":{\"/extend-shallow/3.0.2\":{\"/assign-symbols/1.0.0\":{},\"/is-extendable/1.0.1\":{\"/is-plain-object/2.0.4\":{\"/isobject/3.0.1\":{}}}},\"/safe-regex/1.1.0\":{\"/ret/0.1.15\":{}}},\"/snapdragon/0.8.2(supports-color@5.5.0)\":{\"/base/0.11.2\":{\"/cache-base/1.0.1\":{\"/collection-visit/1.0.0\":{\"/map-visit/1.0.0\":{\"/object-visit/1.0.1\":{\"/isobject/3.0.1\":{}}},\"/object-visit/1.0.1\":{\"/isobject/3.0.1\":{}}},\"/component-emitter/1.3.1\":{},\"/get-value/2.0.6\":{},\"/has-value/1.0.0\":{\"/get-value/2.0.6\":{},\"/has-values/1.0.0\":{\"/is-number/3.0.0\":{\"/kind-of/3.2.2\":{\"/is-buffer/1.1.6\":{}}},\"/kind-of/4.0.0\":{\"/is-buffer/1.1.6\":{}}},\"/isobject/3.0.1\":{}},\"/isobject/3.0.1\":{},\"/set-value/2.0.1\":{\"/extend-shallow/2.0.1\":{\"/is-extendable/0.1.1\":{}},\"/is-extendable/0.1.1\":{},\"/is-plain-object/2.0.4\":{\"/isobject/3.0.1\":{}},\"/split-string/3.1.0\":{\"/extend-shallow/3.0.2\":{\"/assign-symbols/1.0.0\":{},\"/is-extendable/1.0.1\":{\"/is-plain-object/2.0.4\":{\"/isobject/3.0.1\":{}}}}}},\"/to-object-path/0.3.0\":{\"/kind-of/3.2.2\":{\"/is-buffer/1.1.6\":{}}},\"/union-value/1.0.1\":{\"/arr-union/3.1.0\":{},\"/get-value/2.0.6\":{},\"/is-extendable/0.1.1\":{},\"/set-value/2.0.1\":{\"/extend-shallow/2.0.1\":{\"/is-extendable/0.1.1\":{}},\"/is-extendable/0.1.1\":{},\"/is-plain-object/2.0.4\":{\"/isobject/3.0.1\":{}},\"/split-string/3.1.0\":{\"/extend-shallow/3.0.2\":{\"/assign-symbols/1.0.0\":{},\"/is-extendable/1.0.1\":{\"/is-plain-object/2.0.4\":{\"/isobject/3.0.1\":{}}}}}}},\"/unset-value/1.0.0\":{\"/has-value/0.3.1\":{\"/get-value/2.0.6\":{},\"/has-values/0.1.4\":{},\"/isobject/2.1.0\":{\"/isarray/1.0.0\":{}}},\"/isobject/3.0.1\":{}}},\"/class-utils/0.3.6\":{\"/arr-union/3.1.0\":{},\"/define-property/0.2.5\":{\"/is-descriptor/0.1.7\":{\"/is-accessor-descriptor/1.0.1\":{\"/hasown/2.0.1\":{\"/function-bind/1.1.2\":{}}},\"/is-data-descriptor/1.0.1\":{\"/hasown/2.0.1\":{\"/function-bind/1.1.2\":{}}}}},\"/isobject/3.0.1\":{},\"/static-extend/0.1.2\":{\"/define-property/0.2.5\":{\"/is-descriptor/0.1.7\":{\"/is-accessor-descriptor/1.0.1\":{\"/hasown/2.0.1\":{\"/function-bind/1.1.2\":{}}},\"/is-data-descriptor/1.0.1\":{\"/hasown/2.0.1\":{\"/function-bind/1.1.2\":{}}}}},\"/object-copy/0.1.0\":{\"/copy-descriptor/0.1.1\":{},\"/define-property/0.2.5\":{\"/is-descriptor/0.1.7\":{\"/is-accessor-descriptor/1.0.1\":{\"/hasown/2.0.1\":{\"/function-bind/1.1.2\":{}}},\"/is-data-descriptor/1.0.1\":{\"/hasown/2.0.1\":{\"/function-bind/1.1.2\":{}}}}},\"/kind-of/3.2.2\":{\"/is-buffer/1.1.6\":{}}}}},\"/component-emitter/1.3.1\":{},\"/define-property/1.0.0\":{\"/is-descriptor/1.0.3\":{\"/is-accessor-descriptor/1.0.1\":{\"/hasown/2.0.1\":{\"/function-bind/1.1.2\":{}}},\"/is-data-descriptor/1.0.1\":{\"/hasown/2.0.1\":{\"/function-bind/1.1.2\":{}}}}},\"/isobject/3.0.1\":{},\"/mixin-deep/1.3.2\":{\"/for-in/1.0.2\":{},\"/is-extendable/1.0.1\":{\"/is-plain-object/2.0.4\":{\"/isobject/3.0.1\":{}}}},\"/pascalcase/0.1.1\":{}},\"/debug/2.6.9(supports-color@5.5.0)\":{\"/ms/2.0.0\":{},\"/supports-color/5.5.0\":{\"/has-flag/3.0.0\":{}}},\"/define-property/0.2.5\":{\"/is-descriptor/0.1.7\":{\"/is-accessor-descriptor/1.0.1\":{\"/hasown/2.0.1\":{\"/function-bind/1.1.2\":{}}},\"/is-data-descriptor/1.0.1\":{\"/hasown/2.0.1\":{\"/function-bind/1.1.2\":{}}}}},\"/extend-shallow/2.0.1\":{\"/is-extendable/0.1.1\":{}},\"/map-cache/0.2.2\":{},\"/source-map-resolve/0.5.3\":{\"/atob/2.1.2\":{},\"/decode-uri-component/0.2.2\":{},\"/resolve-url/0.2.1\":{},\"/source-map-url/0.4.1\":{},\"/urix/0.1.0\":{}},\"/source-map/0.5.7\":{},\"/use/3.1.1\":{}},\"/to-regex/3.0.2\":{\"/define-property/2.0.2\":{\"/is-descriptor/1.0.3\":{\"/is-accessor-descriptor/1.0.1\":{\"/hasown/2.0.1\":{\"/function-bind/1.1.2\":{}}},\"/is-data-descriptor/1.0.1\":{\"/hasown/2.0.1\":{\"/function-bind/1.1.2\":{}}}},\"/isobject/3.0.1\":{}},\"/extend-shallow/3.0.2\":{\"/assign-symbols/1.0.0\":{},\"/is-extendable/1.0.1\":{\"/is-plain-object/2.0.4\":{\"/isobject/3.0.1\":{}}}},\"/regex-not/1.0.2\":{\"/extend-shallow/3.0.2\":{\"/assign-symbols/1.0.0\":{},\"/is-extendable/1.0.1\":{\"/is-plain-object/2.0.4\":{\"/isobject/3.0.1\":{}}}},\"/safe-regex/1.1.0\":{\"/ret/0.1.15\":{}}},\"/safe-regex/1.1.0\":{\"/ret/0.1.15\":{}}}},\"/fragment-cache/0.2.1\":{\"/map-cache/0.2.2\":{}},\"/kind-of/6.0.3\":{},\"/nanomatch/1.2.13(supports-color@5.5.0)\":{\"/arr-diff/4.0.0\":{},\"/array-unique/0.3.2\":{},\"/define-property/2.0.2\":{\"/is-descriptor/1.0.3\":{\"/is-accessor-descriptor/1.0.1\":{\"/hasown/2.0.1\":{\"/function-bind/1.1.2\":{}}},\"/is-data-descriptor/1.0.1\":{\"/hasown/2.0.1\":{\"/function-bind/1.1.2\":{}}}},\"/isobject/3.0.1\":{}},\"/extend-shallow/3.0.2\":{\"/assign-symbols/1.0.0\":{},\"/is-extendable/1.0.1\":{\"/is-plain-object/2.0.4\":{\"/isobject/3.0.1\":{}}}},\"/fragment-cache/0.2.1\":{\"/map-cache/0.2.2\":{}},\"/is-windows/1.0.2\":{},\"/kind-of/6.0.3\":{},\"/object.pick/1.3.0\":{\"/isobject/3.0.1\":{}},\"/regex-not/1.0.2\":{\"/extend-shallow/3.0.2\":{\"/assign-symbols/1.0.0\":{},\"/is-extendable/1.0.1\":{\"/is-plain-object/2.0.4\":{\"/isobject/3.0.1\":{}}}},\"/safe-regex/1.1.0\":{\"/ret/0.1.15\":{}}},\"/snapdragon/0.8.2(supports-color@5.5.0)\":{\"/base/0.11.2\":{\"/cache-base/1.0.1\":{\"/collection-visit/1.0.0\":{\"/map-visit/1.0.0\":{\"/object-visit/1.0.1\":{\"/isobject/3.0.1\":{}}},\"/object-visit/1.0.1\":{\"/isobject/3.0.1\":{}}},\"/component-emitter/1.3.1\":{},\"/get-value/2.0.6\":{},\"/has-value/1.0.0\":{\"/get-value/2.0.6\":{},\"/has-values/1.0.0\":{\"/is-number/3.0.0\":{\"/kind-of/3.2.2\":{\"/is-buffer/1.1.6\":{}}},\"/kind-of/4.0.0\":{\"/is-buffer/1.1.6\":{}}},\"/isobject/3.0.1\":{}},\"/isobject/3.0.1\":{},\"/set-value/2.0.1\":{\"/extend-shallow/2.0.1\":{\"/is-extendable/0.1.1\":{}},\"/is-extendable/0.1.1\":{},\"/is-plain-object/2.0.4\":{\"/isobject/3.0.1\":{}},\"/split-string/3.1.0\":{\"/extend-shallow/3.0.2\":{\"/assign-symbols/1.0.0\":{},\"/is-extendable/1.0.1\":{\"/is-plain-object/2.0.4\":{\"/isobject/3.0.1\":{}}}}}},\"/to-object-path/0.3.0\":{\"/kind-of/3.2.2\":{\"/is-buffer/1.1.6\":{}}},\"/union-value/1.0.1\":{\"/arr-union/3.1.0\":{},\"/get-value/2.0.6\":{},\"/is-extendable/0.1.1\":{},\"/set-value/2.0.1\":{\"/extend-shallow/2.0.1\":{\"/is-extendable/0.1.1\":{}},\"/is-extendable/0.1.1\":{},\"/is-plain-object/2.0.4\":{\"/isobject/3.0.1\":{}},\"/split-string/3.1.0\":{\"/extend-shallow/3.0.2\":{\"/assign-symbols/1.0.0\":{},\"/is-extendable/1.0.1\":{\"/is-plain-object/2.0.4\":{\"/isobject/3.0.1\":{}}}}}}},\"/unset-value/1.0.0\":{\"/has-value/0.3.1\":{\"/get-value/2.0.6\":{},\"/has-values/0.1.4\":{},\"/isobject/2.1.0\":{\"/isarray/1.0.0\":{}}},\"/isobject/3.0.1\":{}}},\"/class-utils/0.3.6\":{\"/arr-union/3.1.0\":{},\"/define-property/0.2.5\":{\"/is-descriptor/0.1.7\":{\"/is-accessor-descriptor/1.0.1\":{\"/hasown/2.0.1\":{\"/function-bind/1.1.2\":{}}},\"/is-data-descriptor/1.0.1\":{\"/hasown/2.0.1\":{\"/function-bind/1.1.2\":{}}}}},\"/isobject/3.0.1\":{},\"/static-extend/0.1.2\":{\"/define-property/0.2.5\":{\"/is-descriptor/0.1.7\":{\"/is-accessor-descriptor/1.0.1\":{\"/hasown/2.0.1\":{\"/function-bind/1.1.2\":{}}},\"/is-data-descriptor/1.0.1\":{\"/hasown/2.0.1\":{\"/function-bind/1.1.2\":{}}}}},\"/object-copy/0.1.0\":{\"/copy-descriptor/0.1.1\":{},\"/define-property/0.2.5\":{\"/is-descriptor/0.1.7\":{\"/is-accessor-descriptor/1.0.1\":{\"/hasown/2.0.1\":{\"/function-bind/1.1.2\":{}}},\"/is-data-descriptor/1.0.1\":{\"/hasown/2.0.1\":{\"/function-bind/1.1.2\":{}}}}},\"/kind-of/3.2.2\":{\"/is-buffer/1.1.6\":{}}}}},\"/component-emitter/1.3.1\":{},\"/define-property/1.0.0\":{\"/is-descriptor/1.0.3\":{\"/is-accessor-descriptor/1.0.1\":{\"/hasown/2.0.1\":{\"/function-bind/1.1.2\":{}}},\"/is-data-descriptor/1.0.1\":{\"/hasown/2.0.1\":{\"/function-bind/1.1.2\":{}}}}},\"/isobject/3.0.1\":{},\"/mixin-deep/1.3.2\":{\"/for-in/1.0.2\":{},\"/is-extendable/1.0.1\":{\"/is-plain-object/2.0.4\":{\"/isobject/3.0.1\":{}}}},\"/pascalcase/0.1.1\":{}},\"/debug/2.6.9(supports-color@5.5.0)\":{\"/ms/2.0.0\":{},\"/supports-color/5.5.0\":{\"/has-flag/3.0.0\":{}}},\"/define-property/0.2.5\":{\"/is-descriptor/0.1.7\":{\"/is-accessor-descriptor/1.0.1\":{\"/hasown/2.0.1\":{\"/function-bind/1.1.2\":{}}},\"/is-data-descriptor/1.0.1\":{\"/hasown/2.0.1\":{\"/function-bind/1.1.2\":{}}}}},\"/extend-shallow/2.0.1\":{\"/is-extendable/0.1.1\":{}},\"/map-cache/0.2.2\":{},\"/source-map-resolve/0.5.3\":{\"/atob/2.1.2\":{},\"/decode-uri-component/0.2.2\":{},\"/resolve-url/0.2.1\":{},\"/source-map-url/0.4.1\":{},\"/urix/0.1.0\":{}},\"/source-map/0.5.7\":{},\"/use/3.1.1\":{}},\"/to-regex/3.0.2\":{\"/define-property/2.0.2\":{\"/is-descriptor/1.0.3\":{\"/is-accessor-descriptor/1.0.1\":{\"/hasown/2.0.1\":{\"/function-bind/1.1.2\":{}}},\"/is-data-descriptor/1.0.1\":{\"/hasown/2.0.1\":{\"/function-bind/1.1.2\":{}}}},\"/isobject/3.0.1\":{}},\"/extend-shallow/3.0.2\":{\"/assign-symbols/1.0.0\":{},\"/is-extendable/1.0.1\":{\"/is-plain-object/2.0.4\":{\"/isobject/3.0.1\":{}}}},\"/regex-not/1.0.2\":{\"/extend-shallow/3.0.2\":{\"/assign-symbols/1.0.0\":{},\"/is-extendable/1.0.1\":{\"/is-plain-object/2.0.4\":{\"/isobject/3.0.1\":{}}}},\"/safe-regex/1.1.0\":{\"/ret/0.1.15\":{}}},\"/safe-regex/1.1.0\":{\"/ret/0.1.15\":{}}}},\"/object.pick/1.3.0\":{\"/isobject/3.0.1\":{}},\"/regex-not/1.0.2\":{\"/extend-shallow/3.0.2\":{\"/assign-symbols/1.0.0\":{},\"/is-extendable/1.0.1\":{\"/is-plain-object/2.0.4\":{\"/isobject/3.0.1\":{}}}},\"/safe-regex/1.1.0\":{\"/ret/0.1.15\":{}}},\"/snapdragon/0.8.2(supports-color@5.5.0)\":{\"/base/0.11.2\":{\"/cache-base/1.0.1\":{\"/collection-visit/1.0.0\":{\"/map-visit/1.0.0\":{\"/object-visit/1.0.1\":{\"/isobject/3.0.1\":{}}},\"/object-visit/1.0.1\":{\"/isobject/3.0.1\":{}}},\"/component-emitter/1.3.1\":{},\"/get-value/2.0.6\":{},\"/has-value/1.0.0\":{\"/get-value/2.0.6\":{},\"/has-values/1.0.0\":{\"/is-number/3.0.0\":{\"/kind-of/3.2.2\":{\"/is-buffer/1.1.6\":{}}},\"/kind-of/4.0.0\":{\"/is-buffer/1.1.6\":{}}},\"/isobject/3.0.1\":{}},\"/isobject/3.0.1\":{},\"/set-value/2.0.1\":{\"/extend-shallow/2.0.1\":{\"/is-extendable/0.1.1\":{}},\"/is-extendable/0.1.1\":{},\"/is-plain-object/2.0.4\":{\"/isobject/3.0.1\":{}},\"/split-string/3.1.0\":{\"/extend-shallow/3.0.2\":{\"/assign-symbols/1.0.0\":{},\"/is-extendable/1.0.1\":{\"/is-plain-object/2.0.4\":{\"/isobject/3.0.1\":{}}}}}},\"/to-object-path/0.3.0\":{\"/kind-of/3.2.2\":{\"/is-buffer/1.1.6\":{}}},\"/union-value/1.0.1\":{\"/arr-union/3.1.0\":{},\"/get-value/2.0.6\":{},\"/is-extendable/0.1.1\":{},\"/set-value/2.0.1\":{\"/extend-shallow/2.0.1\":{\"/is-extendable/0.1.1\":{}},\"/is-extendable/0.1.1\":{},\"/is-plain-object/2.0.4\":{\"/isobject/3.0.1\":{}},\"/split-string/3.1.0\":{\"/extend-shallow/3.0.2\":{\"/assign-symbols/1.0.0\":{},\"/is-extendable/1.0.1\":{\"/is-plain-object/2.0.4\":{\"/isobject/3.0.1\":{}}}}}}},\"/unset-value/1.0.0\":{\"/has-value/0.3.1\":{\"/get-value/2.0.6\":{},\"/has-values/0.1.4\":{},\"/isobject/2.1.0\":{\"/isarray/1.0.0\":{}}},\"/isobject/3.0.1\":{}}},\"/class-utils/0.3.6\":{\"/arr-union/3.1.0\":{},\"/define-property/0.2.5\":{\"/is-descriptor/0.1.7\":{\"/is-accessor-descriptor/1.0.1\":{\"/hasown/2.0.1\":{\"/function-bind/1.1.2\":{}}},\"/is-data-descriptor/1.0.1\":{\"/hasown/2.0.1\":{\"/function-bind/1.1.2\":{}}}}},\"/isobject/3.0.1\":{},\"/static-extend/0.1.2\":{\"/define-property/0.2.5\":{\"/is-descriptor/0.1.7\":{\"/is-accessor-descriptor/1.0.1\":{\"/hasown/2.0.1\":{\"/function-bind/1.1.2\":{}}},\"/is-data-descriptor/1.0.1\":{\"/hasown/2.0.1\":{\"/function-bind/1.1.2\":{}}}}},\"/object-copy/0.1.0\":{\"/copy-descriptor/0.1.1\":{},\"/define-property/0.2.5\":{\"/is-descriptor/0.1.7\":{\"/is-accessor-descriptor/1.0.1\":{\"/hasown/2.0.1\":{\"/function-bind/1.1.2\":{}}},\"/is-data-descriptor/1.0.1\":{\"/hasown/2.0.1\":{\"/function-bind/1.1.2\":{}}}}},\"/kind-of/3.2.2\":{\"/is-buffer/1.1.6\":{}}}}},\"/component-emitter/1.3.1\":{},\"/define-property/1.0.0\":{\"/is-descriptor/1.0.3\":{\"/is-accessor-descriptor/1.0.1\":{\"/hasown/2.0.1\":{\"/function-bind/1.1.2\":{}}},\"/is-data-descriptor/1.0.1\":{\"/hasown/2.0.1\":{\"/function-bind/1.1.2\":{}}}}},\"/isobject/3.0.1\":{},\"/mixin-deep/1.3.2\":{\"/for-in/1.0.2\":{},\"/is-extendable/1.0.1\":{\"/is-plain-object/2.0.4\":{\"/isobject/3.0.1\":{}}}},\"/pascalcase/0.1.1\":{}},\"/debug/2.6.9(supports-color@5.5.0)\":{\"/ms/2.0.0\":{},\"/supports-color/5.5.0\":{\"/has-flag/3.0.0\":{}}},\"/define-property/0.2.5\":{\"/is-descriptor/0.1.7\":{\"/is-accessor-descriptor/1.0.1\":{\"/hasown/2.0.1\":{\"/function-bind/1.1.2\":{}}},\"/is-data-descriptor/1.0.1\":{\"/hasown/2.0.1\":{\"/function-bind/1.1.2\":{}}}}},\"/extend-shallow/2.0.1\":{\"/is-extendable/0.1.1\":{}},\"/map-cache/0.2.2\":{},\"/source-map-resolve/0.5.3\":{\"/atob/2.1.2\":{},\"/decode-uri-component/0.2.2\":{},\"/resolve-url/0.2.1\":{},\"/source-map-url/0.4.1\":{},\"/urix/0.1.0\":{}},\"/source-map/0.5.7\":{},\"/use/3.1.1\":{}},\"/to-regex/3.0.2\":{\"/define-property/2.0.2\":{\"/is-descriptor/1.0.3\":{\"/is-accessor-descriptor/1.0.1\":{\"/hasown/2.0.1\":{\"/function-bind/1.1.2\":{}}},\"/is-data-descriptor/1.0.1\":{\"/hasown/2.0.1\":{\"/function-bind/1.1.2\":{}}}},\"/isobject/3.0.1\":{}},\"/extend-shallow/3.0.2\":{\"/assign-symbols/1.0.0\":{},\"/is-extendable/1.0.1\":{\"/is-plain-object/2.0.4\":{\"/isobject/3.0.1\":{}}}},\"/regex-not/1.0.2\":{\"/extend-shallow/3.0.2\":{\"/assign-symbols/1.0.0\":{},\"/is-extendable/1.0.1\":{\"/is-plain-object/2.0.4\":{\"/isobject/3.0.1\":{}}}},\"/safe-regex/1.1.0\":{\"/ret/0.1.15\":{}}},\"/safe-regex/1.1.0\":{\"/ret/0.1.15\":{}}}},\"/readable-stream/2.3.8\":{\"/core-util-is/1.0.3\":{},\"/inherits/2.0.4\":{},\"/isarray/1.0.0\":{},\"/process-nextick-args/2.0.1\":{},\"/safe-buffer/5.1.2\":{},\"/string_decoder/1.1.1\":{\"/safe-buffer/5.1.2\":{}},\"/util-deprecate/1.0.2\":{}}},\"/upath/1.2.0\":{}},\"/debug/3.2.7(supports-color@5.5.0)\":{\"/ms/2.1.3\":{},\"/supports-color/5.5.0\":{\"/has-flag/3.0.0\":{}}},\"/ignore-by-default/1.0.1\":{},\"/minimatch/3.1.2\":{\"/brace-expansion/1.1.11\":{\"/balanced-match/1.0.2\":{},\"/concat-map/0.0.1\":{}}},\"/pstree.remy/1.1.8\":{},\"/semver/5.7.2\":{},\"/supports-color/5.5.0\":{\"/has-flag/3.0.0\":{}},\"/touch/3.1.0\":{\"/nopt/1.0.10\":{\"/abbrev/1.1.1\":{}}},\"/undefsafe/2.0.5\":{},\"/update-notifier/2.5.0\":{\"/boxen/1.3.0\":{\"/ansi-align/2.0.0\":{\"/string-width/2.1.1\":{\"/is-fullwidth-code-point/2.0.0\":{},\"/strip-ansi/4.0.0\":{\"/ansi-regex/3.0.1\":{}}}},\"/camelcase/4.1.0\":{},\"/chalk/2.4.2\":{\"/ansi-styles/3.2.1\":{\"/color-convert/1.9.3\":{\"/color-name/1.1.3\":{}}},\"/escape-string-regexp/1.0.5\":{},\"/supports-color/5.5.0\":{\"/has-flag/3.0.0\":{}}},\"/cli-boxes/1.0.0\":{},\"/string-width/2.1.1\":{\"/is-fullwidth-code-point/2.0.0\":{},\"/strip-ansi/4.0.0\":{\"/ansi-regex/3.0.1\":{}}},\"/term-size/1.2.0\":{\"/execa/0.7.0\":{\"/cross-spawn/5.1.0\":{\"/lru-cache/4.1.5\":{\"/pseudomap/1.0.2\":{},\"/yallist/2.1.2\":{}},\"/shebang-command/1.2.0\":{\"/shebang-regex/1.0.0\":{}},\"/which/1.3.1\":{\"/isexe/2.0.0\":{}}},\"/get-stream/3.0.0\":{},\"/is-stream/1.1.0\":{},\"/npm-run-path/2.0.2\":{\"/path-key/2.0.1\":{}},\"/p-finally/1.0.0\":{},\"/signal-exit/3.0.7\":{},\"/strip-eof/1.0.0\":{}}},\"/widest-line/2.0.1\":{\"/string-width/2.1.1\":{\"/is-fullwidth-code-point/2.0.0\":{},\"/strip-ansi/4.0.0\":{\"/ansi-regex/3.0.1\":{}}}}},\"/chalk/2.4.2\":{\"/ansi-styles/3.2.1\":{\"/color-convert/1.9.3\":{\"/color-name/1.1.3\":{}}},\"/escape-string-regexp/1.0.5\":{},\"/supports-color/5.5.0\":{\"/has-flag/3.0.0\":{}}},\"/configstore/3.1.5\":{\"/dot-prop/4.2.1\":{\"/is-obj/1.0.1\":{}},\"/graceful-fs/4.2.11\":{},\"/make-dir/1.3.0\":{\"/pify/3.0.0\":{}},\"/unique-string/1.0.0\":{\"/crypto-random-string/1.0.0\":{}},\"/write-file-atomic/2.4.3\":{\"/graceful-fs/4.2.11\":{},\"/imurmurhash/0.1.4\":{},\"/signal-exit/3.0.7\":{}},\"/xdg-basedir/3.0.0\":{}},\"/import-lazy/2.1.0\":{},\"/is-ci/1.2.1\":{\"/ci-info/1.6.0\":{}},\"/is-installed-globally/0.1.0\":{\"/global-dirs/0.1.1\":{\"/ini/1.3.8\":{}},\"/is-path-inside/1.0.1\":{\"/path-is-inside/1.0.2\":{}}},\"/is-npm/1.0.0\":{},\"/latest-version/3.1.0\":{\"/package-json/4.0.1\":{\"/got/6.7.1\":{\"/@types/keyv/3.1.4\":{\"/@types/node/20.11.19\":{\"/undici-types/5.26.5\":{}}},\"/@types/responselike/1.0.3\":{\"/@types/node/20.11.19\":{\"/undici-types/5.26.5\":{}}},\"/create-error-class/3.0.2\":{\"/capture-stack-trace/1.0.2\":{}},\"/duplexer3/0.1.5\":{},\"/get-stream/3.0.0\":{},\"/is-redirect/1.0.0\":{},\"/is-retry-allowed/1.2.0\":{},\"/is-stream/1.1.0\":{},\"/lowercase-keys/1.0.1\":{},\"/safe-buffer/5.2.1\":{},\"/timed-out/4.0.1\":{},\"/unzip-response/2.0.1\":{},\"/url-parse-lax/1.0.0\":{\"/prepend-http/1.0.4\":{}}},\"/registry-auth-token/3.4.0\":{\"/rc/1.2.8\":{\"/deep-extend/0.6.0\":{},\"/ini/1.3.8\":{},\"/minimist/1.2.8\":{},\"/strip-json-comments/2.0.1\":{}},\"/safe-buffer/5.2.1\":{}},\"/registry-url/3.1.0\":{\"/rc/1.2.8\":{\"/deep-extend/0.6.0\":{},\"/ini/1.3.8\":{},\"/minimist/1.2.8\":{},\"/strip-json-comments/2.0.1\":{}}},\"/semver/5.7.2\":{}}},\"/semver-diff/2.1.0\":{\"/semver/5.7.2\":{}},\"/xdg-basedir/3.0.0\":{}}}":{".jscsrc":{"checkedAt":1708590302446,"integrity":"sha512-JMhV8CU+HhUp2qev/wPRIbZ+yVj/T8QomExGHcRjfi607RtDIV2e7qVLlGaUWjVBf5UOeNnOobduikaTfZL+hw==","mode":33206,"size":363},".jshintrc":{"checkedAt":1708590302450,"integrity":"sha512-CanVvZs69gAYdmYNV3TQPHvMas/uZkhNH3CRwH3KdlVafmo0pSuWpKTwZ3JDrNSxtVbCQ24NMOFyQrKqUjXRcA==","mode":33206,"size":239},".travis.yml":{"checkedAt":1708590302455,"integrity":"sha512-0VH+HL/jnbC25Cg74xhB5OattLPsuskx+mBNPs68iSryqBtnlTEC9QqSqhpZtr3bqAgw2vhKcEWv9JBBN4PbQQ==","mode":33206,"size":360},"bin\\nodemon.js":{"checkedAt":1708590302456,"integrity":"sha512-hLgvahMvsrlu8nNCnMInbI5Ng8WFQfNXoWN8Sj3KUG91wvxfZy7Ph5b6cperykvj2rd2mmfUK/ub3WvKuTu6og==","mode":33206,"size":438},"bin\\postinstall.js":{"checkedAt":1708590302457,"integrity":"sha512-7Gviyi2Rf86YUse7yGQ4T7JaPFH+iVxEDM4rKuo0PUdTUfSViVdwlZ7Sd0VQTN/iFpWxt6NunMKyqeoKUK739A==","mode":33206,"size":982},"commitlint.config.js":{"checkedAt":1708590302463,"integrity":"sha512-GU9Z0YwC/cWb0G7EV7fwwflqEEPL9dXuozupXWYedYlIvR7Z82U7sVgdwzLKfQIqGxwntAoLca6uw9KxHsIBvA==","mode":33206,"size":133},"doc\\cli\\authors.txt":{"checkedAt":1708590302467,"integrity":"sha512-/xPJQW0p2aP+Y24U/WPlQkEppucjZsBrG648Wgb2DLvzUg2GjEktRyRQ415UeIG+k5VbKe7WPmaXlZLaV2+L7w==","mode":33206,"size":236},"doc\\cli\\config.txt":{"checkedAt":1708590302471,"integrity":"sha512-x7mkv03n0Tu0W024V1EctBGnkn7k23Wa8mOQXgHP2o2VR30uLWrWxRyfMBcQ4g72S1Sk0VCC9QVGgNqc+8oRRg==","mode":33206,"size":1158},"doc\\cli\\help.txt":{"checkedAt":1708590302478,"integrity":"sha512-pZn8kuUhNYbLgT8GWBH67d4Jyldeyj/lhpjDCGwMhxoqKIZSY1B4LS8t+ZXvMGoh2vqhLrdHxhHbdkPWGnEGHA==","mode":33206,"size":1268},"doc\\cli\\logo.txt":{"checkedAt":1708590302482,"integrity":"sha512-UF1CfG0K3WGODFT4B55DA/7nPgzNnE7fpntEZgzl1d6rT6wJYBAC9zz9APRFZAppzp/po5uKDzA5sgD1v/BY5w==","mode":33206,"size":799},"doc\\cli\\options.txt":{"checkedAt":1708590302487,"integrity":"sha512-zg1UHdAL2ufoXEn4sCDbDqVAO9u+4wUdINjUjQZTinH1dWlxiV/vm/Pkvdajn2szupt22JllsfPiP6TIfUC14w==","mode":33206,"size":1869},"doc\\cli\\topics.txt":{"checkedAt":1708590302491,"integrity":"sha512-TAXJXyEiW+eTBRv3mSVfbgIRReF8o4RpeHeqna1mMD2L225HdRQz6vF7Itx2Z1jLeZA0o04eeFGoMoqVtnhCcw==","mode":33206,"size":325},"doc\\cli\\usage.txt":{"checkedAt":1708590302494,"integrity":"sha512-4U5Bch7ku6be7tzFeGoRMELNWVAk60Eep9h08oJUfFlD298et2dNdS67rBasThyYFJuVftXPNiPoWlYaQjVORQ==","mode":33206,"size":88},"doc\\cli\\whoami.txt":{"checkedAt":1708590302499,"integrity":"sha512-6QbvRP8Cc+TfM5e6cZwXPIepkZt/nSWA4sM1T7oi9psMCgIOsEnSdpNNvGb0l7J50VwTX6DhLgSs05gC/F3+/g==","mode":33206,"size":1223},"lib\\cli\\index.js":{"checkedAt":1708590302508,"integrity":"sha512-fHUm8rTmhcx+IGievlq/djC3ONLRWre16Udl4ObyIUkungKfcV9bOsFW09Ef/ZB+Bw0tf5aLX1+0AaqcfshOpQ==","mode":33206,"size":1089},"lib\\cli\\parse.js":{"checkedAt":1708590302519,"integrity":"sha512-H1a7xIVvvv0h9t4HOHEhV7kfE4inGpV8N0RLYX7hYYhYIrIfz05+/hTVr1S5cG2Bgay7KG29dSXJGla1PcORvg==","mode":33206,"size":6039},"lib\\config\\command.js":{"checkedAt":1708590302533,"integrity":"sha512-Tudm2nZlMLs3LY4EsFjt1rKMpdd/YDsXUzbptej1xnfnfg6kr8B6ZCwHxI4MIJcW29nO9Parl4ZKnqUa8rSbvA==","mode":33206,"size":1249},"lib\\config\\defaults.js":{"checkedAt":1708590302543,"integrity":"sha512-TBavk88GYWirFM+P5VcogDXRcmzgK+k0+NYc+7ZCddXoBat9EVPOvDSvlcXQPjpqVd1+5O9J+7MWBtp1AiXivw==","mode":33206,"size":815},"lib\\config\\exec.js":{"checkedAt":1708590302561,"integrity":"sha512-6LIiHCnfd3HsZ97oFST8ngDxDjgZdsH4TlEXQu9ppKomVdyOmZjlhQxhYUrEq+lajKmsnjfgNhhgbQ0vxKZqdQ==","mode":33206,"size":6859},"lib\\config\\index.js":{"checkedAt":1708590302570,"integrity":"sha512-o4oSkkw5Urd4BjeujefIESo0epiVxICZGn8t4+7khDqYYzKkd9PMzjn5JsKCtQE6FKFuaCTfUFAzf4EUVz0G0A==","mode":33206,"size":2498},"lib\\config\\load.js":{"checkedAt":1708590302582,"integrity":"sha512-oaYShQdo4xK9Q5H5eYpPjDlS8QFyADAC3OP9DxWAPDSn2mey2VqF7gZusz2+/eowtef0f7dQ4y6PL/OeZRsk/w==","mode":33206,"size":7567},"lib\\help\\index.js":{"checkedAt":1708590302590,"integrity":"sha512-P44Q0J/LUn4cF1PVDJvO8rj7cFhvNOYAwNYO0nopXwd/OA4d8v2tx4sNRopU8ypTUftcTLY44wEsljWAlNMd6g==","mode":33206,"size":733},"lib\\index.js":{"checkedAt":1708590302595,"integrity":"sha512-SdyYntq3tM50d7vFxnjhsfSsoPd+CtYyPTwlEWTtKLWfTRjVsCgNUxCLk+Ez6y2rVGkJPsuy8f4rsyt1j1nnKQ==","mode":33206,"size":38},"lib\\monitor\\index.js":{"checkedAt":1708590302599,"integrity":"sha512-gJR50LB1ybyz7vZnDN1lKmyvOex/k/HX3eDu6KeS1RgjjPqfeKLsGhHrv+sA0qEX0lsZhxivZox/NWvD+T68HA==","mode":33206,"size":82},"lib\\monitor\\match.js":{"checkedAt":1708590302608,"integrity":"sha512-msQO+zRSWDA1Fj1txsdUMiWXDxWS6uN5h9S8l1dsKn6GSwkPJtehq0xTUVwK9m71zRZ8Z8YMko3S1hAkP3A61Q==","mode":33206,"size":6527},"lib\\monitor\\run.js":{"checkedAt":1708590302620,"integrity":"sha512-hfe+xRW3c93zavC5xGn7mrekH2u04aa8a8hp8ViRpqbpU1tW9Jx3+yK9zG/Pf7RM5JJmQWvnM44XUyafQYI3BA==","mode":33206,"size":13027},"lib\\monitor\\signals.js":{"checkedAt":1708590302625,"integrity":"sha512-laOCkHrEZdldsMxBBVA46DntkWTUAQADwI5rpEVsGbUBWMkIuNKH7qCaFT44/cx/mowAUvNesGkkNijglodQ+w==","mode":33206,"size":488},"lib\\monitor\\watch.js":{"checkedAt":1708590302635,"integrity":"sha512-GBc2XsGcCSce+wbF+jvnQ0lB1JLY+rdFxwEtnWHxlCCAvIXwiOVt37ATI55MS2dkrwnEI5kdXzWvyxd7LdEqEw==","mode":33206,"size":6424},"lib\\nodemon.js":{"checkedAt":1708590302646,"integrity":"sha512-Oq8pqpBXfP1gWv+Jg1hbejPQ+56NcfHyAuoqDgh88O+fvBLtVSjpbb7avK4MGu3wQHhZvbHx62zprOghgCpWVA==","mode":33206,"size":8736},"lib\\rules\\add.js":{"checkedAt":1708590302657,"integrity":"sha512-eAABCV8z/koY+gbDMR81BZSd+nYtpfHAxmZbVQEZC25sRetpYzyZ4CuLWdAYE6v84rqmEVCfKg5lNkzPcZZbxg==","mode":33206,"size":2662},"lib\\rules\\index.js":{"checkedAt":1708590302666,"integrity":"sha512-hayCB0EN66UtO1j88w5GjuRrEHNUS2E3a0sBXliKUpc/76GSoCe/6AGbbP7e/DxMHLT7DuiOfC74jaHH7Q+esA==","mode":33206,"size":1260},"lib\\rules\\parse.js":{"checkedAt":1708590302675,"integrity":"sha512-g+p6bTGEVULPA/Sye+kgh+QXul+ZXsdAgkRA3fkpMtNiNXa3oQIq3iDe7/LxdB1hfjLf7aUu+1+4XpvijeJ99g==","mode":33206,"size":804},"lib\\spawn.js":{"checkedAt":1708590302684,"integrity":"sha512-FfzyvOK6jY8vDjGSzwltMl3eDBxk98kQc2zMDfDnY1tcFWstGo4jexUPVypElU3IJweT/s1/OvyJMZaiyX6/aQ==","mode":33206,"size":1236},"lib\\utils\\bus.js":{"checkedAt":1708590302693,"integrity":"sha512-kj7P1RA/xuJm5T27HTXhH0BYiTF3+gDMOSpihSTc2+YWyQAVok4VuYf5ccXqvg5To7EHh4vEG8c6rPHjcNZg8g==","mode":33206,"size":946},"lib\\utils\\clone.js":{"checkedAt":1708590302701,"integrity":"sha512-7KTAeEaV1DQ1Vzcl9llAnsM6Os06VpVmWTVDnMooEiptj9werrisb725IYk61CJkZ3d+jDXjubC2crIZb04S1g==","mode":33206,"size":829},"lib\\utils\\colour.js":{"checkedAt":1708590302708,"integrity":"sha512-sy9vfBvXWjojql8XDlNWy+G6frAx9uztcGrv+MFdizf8dxwpqCWApIqVxlM02OQbDdtVFAkWSkO/8p3vcnfImw==","mode":33206,"size":690},"lib\\utils\\index.js":{"checkedAt":1708590302718,"integrity":"sha512-q93cEL73ii974hNo6LBsoXzYaEejWusGWCpJCUVvcV9iInGM/Af7B+cxl1E4L1C3H1s09symKGf3W3TjppKc7g==","mode":33206,"size":2580},"lib\\utils\\log.js":{"checkedAt":1708590302726,"integrity":"sha512-cM2uHhmD/HvtO+4k9QGW7CgXUudWfVxNWqKFkXIUFCLz62p//pFlxAjV4zVNfBOf2QOCxz96wN4WpYQCId7jmQ==","mode":33206,"size":1738},"lib\\utils\\merge.js":{"checkedAt":1708590302734,"integrity":"sha512-z1Zf6nwLJFO4J2/CW14LVGsO957r3qQCKu3P3reGZofJJdlctNVt5BPVPbUdAxaLgwI4PKn4sEw7XlAf074Pqw==","mode":33206,"size":1186},"lib\\version.js":{"checkedAt":1708590302744,"integrity":"sha512-kWdpCwrXLIFcPYxyJ7qNNXSsurlSNt4N3qKMc/aiiZ3XAO+Qg7BtK62tGcIWWak6sQHsxDmkIpLSVA7Ywv88Xg==","mode":33206,"size":2465},"node_modules\\.bin\\nodemon":{"checkedAt":1708590302745,"integrity":"sha512-/7XVIbEyOtuWwkaMCgAs61hr8bucwlg5/zO4JNATi6KlioqCroBIxrPxX4XxfPqvzqhuE/oK+lujv6YwXysmMQ==","mode":33206,"size":286},"node_modules\\.bin\\nodemon.CMD":{"checkedAt":1708590302746,"integrity":"sha512-RRUboy+tGLZiaCYO/8hbflPgM/fJNytpLVO1fKr7muvDlussAVU5zxF3RObHbi321xDj1glXdsHPrEVqdruHXA==","mode":33206,"size":182},"node_modules\\.bin\\nodemon.ps1":{"checkedAt":1708590302747,"integrity":"sha512-mll7IkCpGt8X67IFKZOX8976+je2EaD7v55oG/+ab5WBXJAYATEehEiaQTAZqnDEz6m/lwNQ8Ez+gZ7F35ov3Q==","mode":33206,"size":793},"node_modules\\.bin\\nodetouch":{"checkedAt":1708590302748,"integrity":"sha512-XUHPEHA+ujTqzIT1Jjo/pFsnZPHd3HyOeOAL+7Q0MENr2dHOWprwb2QYp4TzxPA8cROPSc3ZJK2sZ3pODhq66A==","mode":33206,"size":370},"node_modules\\.bin\\nodetouch.CMD":{"checkedAt":1708590302748,"integrity":"sha512-vbO3JBpMVtW9iGUmD3eZd8TDHKgS3+wC+rPj92KFEP64J0jmcXsR3Lwf/WDtTzZOia+AeRpVQAuhgb0an9c2+w==","mode":33206,"size":266},"node_modules\\.bin\\nodetouch.ps1":{"checkedAt":1708590302749,"integrity":"sha512-aT08Vx1pmXP82FF9oupxeTSR0B2XQqnz/souoygJMIVOolk5Vk+DF42RWeoQC8IIza6j8nyuby2+ZjUxONhY5A==","mode":33206,"size":961},"node_modules\\.bin\\semver":{"checkedAt":1708590302750,"integrity":"sha512-x0e5XjrWpTRrogmotp14XVszLfPVR+l5PdEs4CLcNZ6P6Fxn5dzYpnT0VWb5nYS5puyXR82oSoYR89SeQ1GKeg==","mode":33206,"size":362},"node_modules\\.bin\\semver.CMD":{"checkedAt":1708590302750,"integrity":"sha512-2BIt4HZaL72Rn5aUNugeN/3MpREAtpFrbBccF6RRSE/R0RmJYpBdcyUzQ/JLhUCSfypxH2Kjm+ZhN/9HWPzjqg==","mode":33206,"size":258},"node_modules\\.bin\\semver.ps1":{"checkedAt":1708590302752,"integrity":"sha512-VtmAaVlWpVU5cpKChK0VA60CgSR/l8hvd+JrwACyYA5MdiWxNpdjMtMf+RYPrRZebE5KNn5VnN+KThWC1vCYbA==","mode":33206,"size":945},"package.json":{"checkedAt":1708590302752,"integrity":"sha512-gRrur3A4awcnwmCi3L96GANEy0D750OTqbR5eu1uejL8ypfv0QchmhJ/7qxfLZPePJ6uEgZCHDQo4ZV9DgpBcQ==","mode":33206,"size":1739},"README.md":{"checkedAt":1708590302759,"integrity":"sha512-eEoQv3cu/CZwSozwEy/GRL0X+3EhzernORHxDq6T5XJMhF6WQnLlXHKNfMMADn3VvrdgxKv5V9uP+ROGl7uTCA==","mode":33206,"size":14908}}}}