{"files":{"package.json":{"checkedAt":1708590287855,"integrity":"sha512-XfdGIRRICX6yypze0m1Dm7QJms1etD9A9vIsCMFZPA7H7oU8ynJEflAl4w9JL3qcNZqPbgwjbJ6/7UWHjufvqg==","mode":420,"size":788},"index.js":{"checkedAt":1708590287855,"integrity":"sha512-oJ0f3ko/zaWleHUUNL++83a5rQRvl/aTC0IzP9ECqeyfR9S1WhGO42dNNfUiubZmU1qZS6pByOlagyNEatYlTA==","mode":420,"size":1393},"license":{"checkedAt":1708590287856,"integrity":"sha512-rnnnpCCaRRrva3j3sLiBcOeiIzUSasNFUiv06v4IGNpYZarhUHxdwCJO+FRUjHId+ahDcYIvNtUMvNl/qUbu6Q==","mode":420,"size":1119},"readme.md":{"checkedAt":1708590287857,"integrity":"sha512-vd3fDeW6XaCkyVCtf/wvy+omtW6GnN+yTGOs7eWW2X9uByx8830q/rxw5u/E3wITaLxC3um72v84KEUuGdIDEw==","mode":420,"size":836}}}