{"files":{"package.json":{"checkedAt":1708590292202,"integrity":"sha512-cOtN4llfuosaNMyubWxE1+n9JqNmMQBQKq6L/2iDi3nyT2V79sBBvLfdca3GquKvvv/ntjdLhU4TvBQqmnzb5w==","mode":420,"size":958},".npmignore":{"checkedAt":1708590292203,"integrity":"sha512-jWCdZNTj97kubLBHssQWkC9Z9ntxbPwbAw/0p0X3jiy2XKq4+jjTnPKOOZf+NczCTC5rHALeejnoIUZ73ucFYQ==","mode":420,"size":13},"README.md":{"checkedAt":1708590292204,"integrity":"sha512-6aLFFeNpc5NaIzUsBbE44RzouW+BNJ/b28PohNwKzVOh2MKj2W5cdNLD+58R9Sv/iV8wujyXSuKaw2mHfQ98nw==","mode":420,"size":1890},"index.js":{"checkedAt":1708590292204,"integrity":"sha512-C7ocRFcqFHF++0lOjwDWfqn/QMxJ2c3bJtpiCUWI7dD1fiWtU7K4t5j/8G2BaJu1Coe96HcbB3eKhW71Fct2rw==","mode":420,"size":132},"test.js":{"checkedAt":1708590292205,"integrity":"sha512-8kDQvvftGKxoxn/TU4qebZRdYMyocYlt/iY7ii/E6yV4osjKA920LjOTI9bQRH7Y378to+4WOiTEHeTVRDfLWQ==","mode":420,"size":320},".travis.yml":{"checkedAt":1708590292205,"integrity":"sha512-G+4vN/bNPR0azSHZo1UnPVGWGpOvlA4p7IB/UtRUf1BGXLZpPHiBX4nQH25am3P3SN1wLxGWAjpWpnVOP/lmag==","mode":420,"size":48},"Makefile":{"checkedAt":1708590292206,"integrity":"sha512-20/AUB4glTr4DF2J/o6Nwh3W2SKkZ+lG/LlPNAS0nF+HIEQc+ML/dKNwEG7OyYTZqzcAtH84kZkJL5owNEHsWw==","mode":420,"size":55},"component.json":{"checkedAt":1708590292206,"integrity":"sha512-tLtQHZUz0LeHM5qBrH4mebljphIsURws0WxTiaK9RRk9NjeNWzbsJ+TzSUDDqNmYKHIOzcLFE7oNHYVe+AaWiw==","mode":420,"size":470}}}