{"files":{"package.json":{"checkedAt":1708590260675,"integrity":"sha512-0Q2lYOY7unW5x70IS6Eqwjr++6BFvBlwk1OC7XQPoMP0Q6c9wqDw1SyvcWM0/wiHI0R8+ILI7pGlowbk7zOmgA==","mode":420,"size":987},".editorconfig":{"checkedAt":1708590260676,"integrity":"sha512-gD3iQtgC7ZgFS97pyZqR0FPjMNyRAfat8dipbSL28iiJ6B1MP5dDeDYeEnP5sYMTz8whQIk3E5vltk2kcyJJEQ==","mode":420,"size":286},".eslintrc":{"checkedAt":1708590260677,"integrity":"sha512-Wx0DQjEEvb+kX794v+tljf0sDDZb/Tmn5pppYK6sslNL3AFk8Skt4VwYhTwpSohzXTc5ekkqxYwdL7CtiUljgg==","mode":420,"size":397},".jscs.json":{"checkedAt":1708590260677,"integrity":"sha512-UU0f7yRzEncJOxFL8/hQhiLrNi7BYvWpSQ+G/DnVX6CBeCel31tushxQZp0iJH8qhdU8qZvS68ozs7+gFWOMfg==","mode":420,"size":4096},".travis.yml":{"checkedAt":1708590260678,"integrity":"sha512-3Mvk6kidr4d0o5EzuzkLi+5tCksLBotRdaNDW3x0fRnpcE0J+1SBboQNGnqiueDHOMZoOXi2ZdSm3yz8HVtQxg==","mode":420,"size":6899},"CHANGELOG.md":{"checkedAt":1708590260680,"integrity":"sha512-bL08/g3s+npHGt0NSej82io1LvpvTbIF347KymMPWmXOt1D5IY4cQloJsd4YzyJKWZ8I/UxJX3uprY7UC7Cy/w==","mode":420,"size":2779},"component.json":{"checkedAt":1708590260681,"integrity":"sha512-TK8xK2XUv3srcL8whtZKKcBrOFr2DbHXxQ8ge4i5yW6TYvUxB9uiauUPxAF4wAe/cDk6OmmE2qWoOnY+bcfOkw==","mode":420,"size":581},"index.js":{"checkedAt":1708590260683,"integrity":"sha512-qoA0HbnZ323EtBdQ9C2FrBxi3i3AEvwZ0PBlJyJlrn/bPjeeoeUE5euDl/Xn0wyI95o+WNn0M9gZ4CEMzvOTug==","mode":420,"size":3321},"LICENSE":{"checkedAt":1708590260684,"integrity":"sha512-xArDUU0YzWMOTLf/NSNcke+appEQOZb+QL0714DjdywNiXM+c9dHHEZOAC9+MVqKTV27Xy17rjNOrQWfUpqnDQ==","mode":420,"size":1081},"README.md":{"checkedAt":1708590260686,"integrity":"sha512-ZGVbHcgH3vPwPw0+VeEPEiwc+x+apRBLRQ24R2EIjDKFbkomRUzG/w8vIQtzPvsxpxRaLvU11hZHixT+7AocLw==","mode":420,"size":3034}}}