{"files":{"package.json":{"checkedAt":1708590286981,"integrity":"sha512-O2hJWNoFSyzzTBFioHa/NWkVXXsUvClNSK4wC8HkpPuM3/wXsAdq/lnXIVd+tSbT67nxZg1FJhpX/lbHZ9yrkw==","mode":420,"size":2714},"CHANGELOG.md":{"checkedAt":1708590286982,"integrity":"sha512-wqE57kbkViTI0BWfc/vvkY6bS1Sncq/3WNeEda5stf605sYpDFZi4SW7S9p+X8uV3vzKBGSQZImhj9hMgoTVfg==","mode":420,"size":1490},"index.js":{"checkedAt":1708590286983,"integrity":"sha512-zDfyS/A8irzZ5kbze9UXAX+zQzDNCC2grXXY+hfLKwP/KJwl74BLY6IwlTRTaEBMzREcmxWKLU+RyETsOtrSFQ==","mode":420,"size":22642},"LICENSE":{"checkedAt":1708590286984,"integrity":"sha512-KT53DzWms3nr5OvRwAxR8BjGBJYKqh8CDqSIiWqS05iW4e/1ZnnVqFxT6XY1xdQcn+ZytMy2vqezoe0TP3RfPw==","mode":420,"size":1088},"README.md":{"checkedAt":1708590286984,"integrity":"sha512-BU15qqJDbpMaaPRxy/aRQOFtiIb757YEJ9xhUfjZla+5B0xUfJxtSmcT5l5+4LTUPLX0KWGYMN1IFAZ8TmWa2w==","mode":420,"size":33388},"lib/cache.js":{"checkedAt":1708590286985,"integrity":"sha512-x7fZ/pccHgkVWycYVASyV1Nl4SqOH/7KzT4a5FfXPo5EJeqt5hjlvxSGvXCSylJKUy36C82g7pP41m+Kct6xkA==","mode":420,"size":52},"lib/compilers.js":{"checkedAt":1708590286985,"integrity":"sha512-Ee91+EiSreim0aCXWG8hiMUniwjVYC3kjM5Zf8uawdkzvxjpiwOWjqZ0wV5hnv2lxkIdn46+X22jvAPb1WBZDA==","mode":420,"size":8449},"lib/parsers.js":{"checkedAt":1708590286986,"integrity":"sha512-5w6jFrrLHfFFlRcQEt9mQmb6YO1HJ2YYjHMcst9GaQSHH12y5tPhtbQp8sMyw8+UrvIQT+G3f1e6ALTWIqbh9Q==","mode":420,"size":7627},"lib/utils.js":{"checkedAt":1708590286987,"integrity":"sha512-H4VJTLBU5iF3OA6qNDknhMlCn3ZxtzxCW9P/ZJNpHQPNOxGKOMSX39RWHAbQSVvURuGBYaopCcdWXDjv088RFw==","mode":420,"size":8808}}}