{"files":{"package.json":{"checkedAt":1708590274519,"integrity":"sha512-IykYR8Wc+Rad8bMC6nm12dDYF3jdbQImeWePCJxqXoOUTUYrsgoMekgXuNwJeZ4Q6j/tQoIkNUoeLSsKrz/Wyw==","mode":420,"size":828},"index.js":{"checkedAt":1708590274520,"integrity":"sha512-kkzalH8b4WPqHTRwpyYE6H0FNpkjIB0LPeRutW/TBhGBvXdunoYsMw9QogFIlm7CT5mKYp+Ofg2bTVKb6gue9w==","mode":420,"size":1676},"license":{"checkedAt":1708590274521,"integrity":"sha512-nIst73auX/5NY2Fmv5Y116vWnNrEv4GaIUX3lpZG05rpXJY2S8EX+fpUS5hRjClCM0VdT2Za9DDHXXB5jdSrEw==","mode":420,"size":1109},"readme.md":{"checkedAt":1708590274522,"integrity":"sha512-wBv9IttcPZ/LQcMVfSW+mtvWoWonCdgnBdySBX1gFrYY7Wmf9cfDU1uAFxssEzjBD620Au5gwPG95YtBaxklZQ==","mode":420,"size":3621}}}