{"files":{"LICENSE":{"checkedAt":1708590265913,"integrity":"sha512-Kjx8dPeNVSCpBi2GdWwCpODx+qcD5g10uw8A2oStnM9AZHM+49g7ZKagqEUveoko4Cn5tGXb9oybauA0S59WKA==","mode":420,"size":1063},"index.js":{"checkedAt":1708590265915,"integrity":"sha512-Xkliq56gWytdYvNxgjsrkxTOSDUw+vzalUMgNS+rDcki/W7CM77CA4l+CC0HDj9Ju88cIctTaNuBKAoyQOT/WA==","mode":420,"size":1020},"package.json":{"checkedAt":1708590265916,"integrity":"sha512-HsSDCz7jLxiVeow1Ee39W1H6RYeWelRMihMWCn6AmoYptE1YsGC4Yf/8QWzlob47aQzJ2+otnDNtH7j8zsUTHw==","mode":420,"size":1061},"HISTORY.md":{"checkedAt":1708590265917,"integrity":"sha512-ryb/sSSXjAIIZE479J11Bg30Z67qvdfu0g8R8pwJ7I07iR5ETfWLgvMki9bJ+C1vA9KXRgf0r5Y7CYPsMN7Yqg==","mode":420,"size":1789},"README.md":{"checkedAt":1708590265918,"integrity":"sha512-k6fdX7PPz4ku772bcOuexi2fz4srzJBCO3rc+96KaVsVjTlb8mGA1mNuTrpTsH4OU6EUsY6dtM7JkHRQ+obXpA==","mode":420,"size":4203}}}