{"files":{"package.json":{"checkedAt":1708590292595,"integrity":"sha512-EAvU/7V3pi5+FllpPPClqVbzPkDPtcwnFS7nyDakCy++giXDMkAAhtaKElK9yW2z6rM/rUbJaRjBfYFzGFPGcw==","mode":420,"size":484},".npmignore":{"checkedAt":1708590292596,"integrity":"sha512-zPQfEQcIGPy43bJYA2zNc/JTjjWYb0AZN7w7eu5TwQptHzygwwlwQjJ4pK8Z2hh/TbfcN+LfzYWsOgnIhQaSJw==","mode":420,"size":26},"README.md":{"checkedAt":1708590292596,"integrity":"sha512-QFiigM81M65g0tq8I46YvPQ6Y1AtqBoLVlZESGhBve19X/fnhjDz1ioJgUPf6ltY9Xj5SZVaKDZ4AhV4DNJ82g==","mode":420,"size":1101},"index.js":{"checkedAt":1708590292597,"integrity":"sha512-JwOC8ayW7oKgNV0iQ1TkpvyWKk15vguyllto6GcILfomZOgyHG02vBfd+rBltBASN8Dk2kgTfG/4LWsWS3/Kbw==","mode":420,"size":1045},"test.js":{"checkedAt":1708590292597,"integrity":"sha512-8fgy2FCWbvQ4G/4uXc8hEv+VyAhaxSr5y9GkN/BQ/u14ggu5OTEMrwUFTz9gn2mrzZ+DKU6FFOJ/GwjuS/+g/A==","mode":420,"size":1013},".travis.yml":{"checkedAt":1708590292598,"integrity":"sha512-rgz1Rj8lL0uv6A3TxwztpCO7uzT3RYMFtZ55ewMbxb7eGPScOWUGYNH4Flgj8+ef67qBJT3C2Noe0G/cTzkMDQ==","mode":420,"size":45},"LICENSE.txt":{"checkedAt":1708590292599,"integrity":"sha512-KuEj4fZd+kyKIRwqPXd3osYwJh46aAqv8+smfdjjenn7YBW9O0qGsIu7Lr1MqYYzE4kNfOBim4kkIv52iKnl+A==","mode":420,"size":1518}}}