{"files":{"package.json":{"checkedAt":1708590288339,"integrity":"sha512-sAttlt7upusEsogJ6iv7P9fnw3JvHTUiuxRSYSzX3edbU5Nsji3x4TWCgDKI9N5R22d74b9m6YHCbR8teEgTNA==","mode":420,"size":733},"index.js":{"checkedAt":1708590288340,"integrity":"sha512-KnJsyOkcnBGVEP9CyHfQKj64NATTMvdEVw2M80qvcN/NzRrMr17sRS2v349X7FpBTq4z6fEmJ6xTr3/gztZ1Xg==","mode":420,"size":1419},"license":{"checkedAt":1708590288341,"integrity":"sha512-rnnnpCCaRRrva3j3sLiBcOeiIzUSasNFUiv06v4IGNpYZarhUHxdwCJO+FRUjHId+ahDcYIvNtUMvNl/qUbu6Q==","mode":420,"size":1119},"readme.md":{"checkedAt":1708590288341,"integrity":"sha512-/dWEGofiqL4pelkaL1zCoj4CwE/o1E/+NCisDjuZNv6mSbp3dmHMHc4o0SCWygZnFWOzJkrhcYX8d1qs5loWwQ==","mode":420,"size":1046}}}