{"files":{"package.json":{"checkedAt":1708590295744,"integrity":"sha512-iHCP1EKmkkUQTVEML+OcqU+NlORuCM2FImsgxSYdzsUjcb4024PKuGYoYjdFIR09vQsSNxlDeK9hLhtf/JPJYg==","mode":420,"size":2556},"README.md":{"checkedAt":1708590295745,"integrity":"sha512-ssgzBeQfadwE3TFjBHZl46vwdSSa3zn4x0AbzetHF0Y97BwvgKZP1Ww3xqqeSyJdNlw4naPOBeqdIEeTT3EzEw==","mode":420,"size":23480},"LICENSE":{"checkedAt":1708590295746,"integrity":"sha512-a4quda6qIVBUjYbx8AJc7J3bx9+jwfUeh96Hch7GTvMbYNorBIcYOMqVHOobuDrw3FGKsW0I5TNBGdEq703iew==","mode":420,"size":1526},"source-map.js":{"checkedAt":1708590295746,"integrity":"sha512-C+oUuncUn7WIh8JI4Kvc24krlT3unZRwf7QZT7rsPmr6E7qcWEblKXbDRE/dEqJqepjNjH+r3BZv+MmOKUw6TQ==","mode":420,"size":405},"CHANGELOG.md":{"checkedAt":1708590295747,"integrity":"sha512-6I6dkJk40cTYYZCGqR30R8Xc+LGIUgU37p9PShUBfUfJMMnd4PsA1HgS+d0F7qxmdPKrchPlfzWe9BV1Iydz+A==","mode":420,"size":7884},"dist/source-map.debug.js":{"checkedAt":1708590295748,"integrity":"sha512-QQp01NF1mA181UoQUBJvRdIudxz7v6yYmm5H872KHLBCalw3eebeI9fjhzM6+fiJNguzMDJqO+059ffisr/wqw==","mode":420,"size":260210},"dist/source-map.js":{"checkedAt":1708590295749,"integrity":"sha512-klQBlR5a6REoj7cDXzLiTqBVY0cf//H9GDmnMjp44PUuM4OdpjwP3HTufeij7vnLFjj3UwpqHMVHa4k22R36PQ==","mode":420,"size":101940},"dist/source-map.min.js":{"checkedAt":1708590295750,"integrity":"sha512-E4hhFH96lCuOHrsKoBcdOxr8xhgwKGQXz3mYIy0nDnwJaxqzGZ3fUlldSVnJ0YD8gD0gT+QsCa3sS14DgGByGw==","mode":420,"size":26270},"dist/source-map.min.js.map":{"checkedAt":1708590295752,"integrity":"sha512-JDJaOlSMq2EPOlpWBleiHjKWRdeiUrHUeNyVnsxdO2W4W5lPUwbVswihrRugTgEOy85H2hhfw7Ng5aUdiKHa7w==","mode":420,"size":245774},"lib/array-set.js":{"checkedAt":1708590295753,"integrity":"sha512-/Ou0vVc0wZWT/wWuMPXJbSv3GHGF6gsYKDtzs/ej89xwTeuExiZakM8lbyeM9qXo4Vw+j3nyjQOLbVoTqBKr6g==","mode":420,"size":3197},"lib/base64-vlq.js":{"checkedAt":1708590295754,"integrity":"sha512-4iW04DK4voFlS0PnPjjRYsxEn4D16ha5f4d1mAgxfAIsm2DNwMEZ7WvX5p23u4NZt0K/APdoGXtbiMRhnowm4g==","mode":420,"size":4714},"lib/base64.js":{"checkedAt":1708590295755,"integrity":"sha512-+JZQPKYAvOuuLKlL9dQZPekes34WSJ3fPddKQ6ljF2muTTs8W5UvvmkgSOk/hHSAlD7C0wDum6T5OCh+uDoBIQ==","mode":420,"size":1540},"lib/binary-search.js":{"checkedAt":1708590295756,"integrity":"sha512-rJG62wV+zBLl+zcBJBTbBRyNnDU4npBQeZEfibzxIokkn241CAyLp7MjCGXFG9YhB8ggUROfm7xcsN8FkjtuDA==","mode":420,"size":4249},"lib/mapping-list.js":{"checkedAt":1708590295757,"integrity":"sha512-IGMtpwSL9QukmC3s3uaNHg7NHaUql5+bXdCJHPutUrs0tLyS30Zsbbf6WMnAEbnner0g5oA+LuG4TPuP0JnHew==","mode":420,"size":2339},"lib/quick-sort.js":{"checkedAt":1708590295758,"integrity":"sha512-R/zhtorikAAALM/ShyeSLBOKPyFrH7QRUorMli/shQSS47G8jHs2N0skejQnZ+1JmBYg3AsGX2k9zeyWF8S+bQ==","mode":420,"size":3616},"lib/source-map-consumer.js":{"checkedAt":1708590295759,"integrity":"sha512-pQ2Qw+NEoLnEOrORtjuS1N1lOfkodanobHkxN6my/LxkfZpFsutKDy82IfbaM8ShXGj7bwo9Lu3GFQfJswneRA==","mode":420,"size":38390},"lib/source-map-generator.js":{"checkedAt":1708590295760,"integrity":"sha512-X7TWBXRpaY2js+sFf8OY/sPGa7xWUK9EqBnXX+0nyyZYo0Bt53FTsAY0DYEjWVX2P0DF3H5WYKFI+teClSgMOQ==","mode":420,"size":14101},"lib/source-node.js":{"checkedAt":1708590295761,"integrity":"sha512-/ntOGnkfQEbRgQcl1tZtdJQ+mLkY0PLcficYToR5gWV4fNz3O80v9CvzvcRtl/Tu24Upw6YnOXTZuqsE/qlXtQ==","mode":420,"size":13796},"lib/util.js":{"checkedAt":1708590295762,"integrity":"sha512-cxOmayhXaTKdvYNXKvwCcC92dj+kRCaQxSkRRzlLa27cUmYVDpG5kma7aahvBk96LqoiiJZeZjleNEVAdUi9EA==","mode":420,"size":10484}}}