{"files":{"LICENSE":{"checkedAt":1708590263892,"integrity":"sha512-eP8iR3v4NHQpf3rwyus7x2AowkRQvY0JFpi8lJQRajB7LTa9AQO5uE51YYG814MJm8lwMV6ui7C/8wh+AShYFw==","mode":493,"size":1080},"README.md":{"checkedAt":1708590263893,"integrity":"sha512-5x9zfWYsLgwLovou2tpPD0xPaDDSKp4jDsNZTavVPQLIqjYagtMmssa11OD59lvEibC0fVmZlPMuq207n3AwDw==","mode":493,"size":402},"index.js":{"checkedAt":1708590263895,"integrity":"sha512-BCBRZ5nMy8PzNJTWc0XgiwcNiNMHaWHv/htOunZ9s6tOZCQG/4SZ0GJvoqfiNnjpCgWnzzJPSYfoBYBp5HYCkw==","mode":493,"size":1832},"package.json":{"checkedAt":1708590263896,"integrity":"sha512-kRgH9rMIlpzzk9mIAyZ3YanzZ92xCfiP4eoumE5LA1Hc0FHHqZiQf4j88iZeHbBOCAtsVj04MSVvyG3niuNdDA==","mode":493,"size":841},"test.js":{"checkedAt":1708590263897,"integrity":"sha512-xHpO2QMjp2llLm314w1d9sL2CJKfaFDy8Hs3F6lZI/2MVLxp9QuQBP+X3bqt3tGTHtO2d1p9fDlEEMN+E8+sxw==","mode":493,"size":682},"lib/LICENSE-jsbn":{"checkedAt":1708590263898,"integrity":"sha512-E02WdZgZnEkPgxhKAFeQPFIrG5dQ7yxHEr/nFmM6cEtebUrOWJ3zIXi0W8MXldpzr4j51kaA2GtIeOy10nt1Ag==","mode":493,"size":1544},"lib/ec.js":{"checkedAt":1708590263899,"integrity":"sha512-EQx0BoYUwPYmdTu70N5umtC/pGPqjgOIkK6WmkfFwjk2fPLVWDs1KpAT//CCmSBVxaoX+9juAhFr8L1swCLZSQ==","mode":493,"size":15318},"lib/sec.js":{"checkedAt":1708590263901,"integrity":"sha512-UPe8Fu4d1JXdQmQrwCmVCeh2RmuNART+cJ7bcKTSLqlJJ1q9uzHXT2Ox4BEUGz0CRuaX/PQMqZ+qf7OYYk/sGg==","mode":493,"size":6100}}}