{"files":{"LICENSE":{"checkedAt":1708590265249,"integrity":"sha512-3J2pv8C7bmFzwyeWIqijY+Z7399qkIqkjuXRAUBvdQWTzDA3OnsqH5XDKGjzlD7xKk76VboiWnevQMfk4exYPg==","mode":438,"size":11583},"lib/links.js":{"checkedAt":1708590265250,"integrity":"sha512-P2ySVSaPUSeQSGjPr4U/sUeu7ZoUWSsxwPTp7lHCR3TKmsHWYmRYq9CqldodrPdqPVTEsyM7Qw4Eo4z6m2G97w==","mode":438,"size":2126},"lib/validate.js":{"checkedAt":1708590265251,"integrity":"sha512-rLPt7XBoAmjnnWFER1H8w1/ulnleWxqO4RENp+u4cQYCq5uUk7lnP1bkAgPcmp+gZWGt0Vp/bqmx/DXNNJaSzw==","mode":438,"size":10952},"package.json":{"checkedAt":1708590265259,"integrity":"sha512-gty7BxyZOBmF1on+ifQT9+dolMzDLWrYisEIlsEuskH615Qe0QyVy/N4v3314pkEcmwlTNPdantTc27yVNFK/g==","mode":438,"size":597},"README.md":{"checkedAt":1708590265284,"integrity":"sha512-STdObDkycSd2hYwbXGx2CFCX+ALBv7jJe8rsBc1o6kWvtSCZzKsfkARjpVZVW+jjLkYlxjrhMY4O+1ANbDIGeQ==","mode":438,"size":821}}}