{"files":{"dist/cjs/browser.js":{"checkedAt":1708590275486,"integrity":"sha512-3SfJCa1rjMFb/xa6UQ5nL42kFgNAi/8aewzAyTbndKC82AjNX5FDSOdK3qOI6CcOxk71NPJGfysT/Ul7LIWnyA==","mode":420,"size":322},"dist/mjs/browser.js":{"checkedAt":1708590275487,"integrity":"sha512-/cG1zwxvxcpeTpb/Pf0iht5WXPvg7xitTB8y/UYwpc5zZ5It0Bla6G7VbFFFgPeNcV6Wb7VL5eSXjTMvZbZwog==","mode":420,"size":138},"dist/cjs/index.js":{"checkedAt":1708590275488,"integrity":"sha512-UWAGrKfRaNW7YoDSGuYQYE5NFUYGV9CUjmm7Au2fMhzjJmfqXQqt2AYcT/e2ujUw9SmGR08rnwXaa4s7XYPaMA==","mode":420,"size":9435},"dist/mjs/index.js":{"checkedAt":1708590275489,"integrity":"sha512-Y1t8DLqM50W+mUK8kYVD2qupGCf7NWQapk5uMs+m6v2ZomCMahtSFToGaccWEQ6rL7pynTTANlS5d0PqRX4adA==","mode":420,"size":9090},"dist/cjs/signals.js":{"checkedAt":1708590275490,"integrity":"sha512-HN1r9o/vRfs692vGbm1PbMsve4SGWsDG6m7umrvOZnFVf57oCvhHZ092LHfszbCSMNd1/Upc/TKxxaB+3uZgeA==","mode":420,"size":1560},"dist/mjs/signals.js":{"checkedAt":1708590275491,"integrity":"sha512-4cwxYvFmc+0MI7y9WsW/y+T2CP9X+mZ/fiFjd9sWLSZnh04nNI5CsZBKhd5TtUWLG+R6RmoamBuqiFBpAouOZg==","mode":420,"size":1438},"dist/cjs/package.json":{"checkedAt":1708590275492,"integrity":"sha512-bFiTnaWPm3Fik6gyj3o2SbbiQr8jX64ABVoMx5+yeI5Kmd+qQi4M+tvoTg1eM7g29oYn5qQJZUh37cRDuU0ExA==","mode":420,"size":25},"dist/mjs/package.json":{"checkedAt":1708590275493,"integrity":"sha512-nTI0IMxjxr7nncxdtfDxj2uOBz2q+P+lRZ4R8t5ZqfXowXjXf6kq/J3dNSYj3sNixi//hZxxovq5Px4hcsSYfw==","mode":420,"size":23},"package.json":{"checkedAt":1708590275493,"integrity":"sha512-Mo5u2e2f7H5P8wof8uAGHNR/qwUuK46hfo3wq1LnrgdJV40z8YkK/l8TclsM79ZdeOU9ALzTtu1ltNaEUlsM3A==","mode":420,"size":2573},"dist/cjs/browser.d.ts.map":{"checkedAt":1708590275494,"integrity":"sha512-n3tQ/f4PCxzD8B/HZ9iKjXayA1MVMXuINi/q1YFS/hafcCpKoBOtDG/0SczNLan+CZjd1JnUDVJfq8uUtUA2bA==","mode":420,"size":349},"dist/mjs/browser.d.ts.map":{"checkedAt":1708590275494,"integrity":"sha512-n3tQ/f4PCxzD8B/HZ9iKjXayA1MVMXuINi/q1YFS/hafcCpKoBOtDG/0SczNLan+CZjd1JnUDVJfq8uUtUA2bA==","mode":420,"size":349},"dist/cjs/browser.js.map":{"checkedAt":1708590275495,"integrity":"sha512-29H6X6dso3WYkjKp82DSv+cg4ruOJ4C8IatlsJkgRDepzyP+d1TB+xXR9cv/76ecS/KS2gQ9LbEZ9Lj59sHV8Q==","mode":420,"size":703},"dist/mjs/browser.js.map":{"checkedAt":1708590275496,"integrity":"sha512-17g6DCVOjeNxISzuwF9scGGMiEFp3iJOGcsl3SxlCF+6AQg6uc0VSL7nBIsdhuGSvKnvYcfkCUbDku4vYJZoUw==","mode":420,"size":668},"dist/cjs/index.d.ts.map":{"checkedAt":1708590275497,"integrity":"sha512-4olNyuVTu9wMqmvzn9/tJhKf4MYEWYfR9C0yaesWQ9UqKEplKOJM8cC35gtAzC//4OBPSD8igFCNV3pXpY65oQ==","mode":420,"size":460},"dist/mjs/index.d.ts.map":{"checkedAt":1708590275497,"integrity":"sha512-4olNyuVTu9wMqmvzn9/tJhKf4MYEWYfR9C0yaesWQ9UqKEplKOJM8cC35gtAzC//4OBPSD8igFCNV3pXpY65oQ==","mode":420,"size":460},"dist/cjs/index.js.map":{"checkedAt":1708590275498,"integrity":"sha512-bxH278PZdR0Rkg1vktPJg85AAilB+JrRjsZBLNcqDpcodWKxfuNLS5qjzMurbn04PknNmKWdvo92pyf+Ck1X/w==","mode":420,"size":17544},"dist/mjs/index.js.map":{"checkedAt":1708590275499,"integrity":"sha512-1johmptpWz41u1xU2BVP2aFnBWixruq99vYDRnebN8HzAYrN6Jyw+ons2sRoHl8iplfhcoishdnGHfcgTfjDlQ==","mode":420,"size":17592},"dist/cjs/signals.d.ts.map":{"checkedAt":1708590275500,"integrity":"sha512-SxYI6pcPZ6vpkLPdkw/NVhWM+7iy0M7XQmUWi1oiRCOcc3eSWTTOX/13Ml0AnbzshNACuSSAdrafdbJWSf7aug==","mode":420,"size":196},"dist/mjs/signals.d.ts.map":{"checkedAt":1708590275500,"integrity":"sha512-SxYI6pcPZ6vpkLPdkw/NVhWM+7iy0M7XQmUWi1oiRCOcc3eSWTTOX/13Ml0AnbzshNACuSSAdrafdbJWSf7aug==","mode":420,"size":196},"dist/cjs/signals.js.map":{"checkedAt":1708590275501,"integrity":"sha512-qPLbe71ltZPtcei4tnUPp3Tj9V5B6+Rjk9Qzz7YH9139jfIAwDkBwOGNsvnsl9+PT628dPDkw4483czXMSmy3A==","mode":420,"size":2091},"dist/mjs/signals.js.map":{"checkedAt":1708590275502,"integrity":"sha512-0HicSJUUVvnyGepnpPAnh8p6sEpT5qxCznFWU0b8yOeYCbe0HyuPmtzW8QwLSILV7NCpn07KwGQmnbEnawWG2w==","mode":420,"size":2098},"README.md":{"checkedAt":1708590275503,"integrity":"sha512-CjAEvs3/fo+cuTXzJepjJfvOsYI5Emuefmd4jjUQbVI5b0XfZfRY3877pbgTHUQasLolG19bXbHwBZTLZrxQTw==","mode":420,"size":2426},"dist/cjs/browser.d.ts":{"checkedAt":1708590275504,"integrity":"sha512-L653jmqkB90F7gm7NM94m3M5yoocThq/Fj6iHaqLJtxNeLP20xrVOg6SntzI52T46kQy9Utc2FizlZlutYD+Kg==","mode":420,"size":393},"dist/mjs/browser.d.ts":{"checkedAt":1708590275504,"integrity":"sha512-L653jmqkB90F7gm7NM94m3M5yoocThq/Fj6iHaqLJtxNeLP20xrVOg6SntzI52T46kQy9Utc2FizlZlutYD+Kg==","mode":420,"size":393},"dist/cjs/index.d.ts":{"checkedAt":1708590275505,"integrity":"sha512-i60BtfYnZM86lQTs+vt/eD4hOZ+xQTr8fkHEEAEbV2FGI4+XZn0+CyCYqyNftUNb/uPJb/krg/Mh2g1swZU2cg==","mode":420,"size":1744},"dist/mjs/index.d.ts":{"checkedAt":1708590275505,"integrity":"sha512-i60BtfYnZM86lQTs+vt/eD4hOZ+xQTr8fkHEEAEbV2FGI4+XZn0+CyCYqyNftUNb/uPJb/krg/Mh2g1swZU2cg==","mode":420,"size":1744},"dist/cjs/signals.d.ts":{"checkedAt":1708590275506,"integrity":"sha512-l4g53GM/WMWG6b6f2TyQUkdsWFBfNmEJD1ZIIYeZRNevr11VwTIosSHRb27B7FUhc+RYCKIUzoSSCZjIdSCMrA==","mode":420,"size":1083},"dist/mjs/signals.d.ts":{"checkedAt":1708590275506,"integrity":"sha512-l4g53GM/WMWG6b6f2TyQUkdsWFBfNmEJD1ZIIYeZRNevr11VwTIosSHRb27B7FUhc+RYCKIUzoSSCZjIdSCMrA==","mode":420,"size":1083},"LICENSE.txt":{"checkedAt":1708590275507,"integrity":"sha512-mcyrVuZihFP2vOfrRoxcavVinX6CX16ZZpT+eV2cuffEhC9mCFR7sfd3k/WdjBSK7rxu4KqH7AmZNRk80g9w4Q==","mode":420,"size":790}}}