{"files":{"package.json":{"checkedAt":1708590288742,"integrity":"sha512-w/0x4zcJbQVw7C9tm36vSCppk6o9MxJULZdVUEKNz88ZUaYEbCrvkJh+otWex+4DDRkis3JQYsTFzLGyOvpZnQ==","mode":420,"size":683},"README.md":{"checkedAt":1708590288742,"integrity":"sha512-jkb6vwp7I08hSMFHi2HSlSPhLlPyhgjPmorV7xqlD2T9N3g3FBK69LBtdKk5BvmqYAmpSgCsWstN0dWHAmySsw==","mode":420,"size":2163},"LICENSE":{"checkedAt":1708590288743,"integrity":"sha512-P6dI5Z+zrwxSk1MIRPqpYG2ScYNkidLIATQXd50QzBgBh/XmcEd/nsd9NB4O9k6rfc+4dsY5DwJ7xvhpoS0PRg==","mode":420,"size":765},"map.js":{"checkedAt":1708590288744,"integrity":"sha512-73BNZDqzFcStxdkUYFQBQXzyf2a8PmPoqHWZIdq0nQyDBKaWDsvySA/Pfh+QfgxUjl2iPvh5qMc2jruqkBMDoA==","mode":420,"size":280},"pseudomap.js":{"checkedAt":1708590288744,"integrity":"sha512-XZzA0w6njAvzMPmwm6pKdpby03R1xAVXevnPMhCg/FCRFGiz3MFUxx1wyHg/1B9eKQm0ZYH5wQjFWm07Th/NtQ==","mode":420,"size":2437},"test/basic.js":{"checkedAt":1708590288745,"integrity":"sha512-E/Q7KTUFwlkhRY4Q/9LB/TpNZ8Bl6rvTVwYi7FY+xvZcPWDIkbr7oXPsRKYRPhUIhtpLgIdX0jJNVzwQz735TA==","mode":420,"size":1884}}}