{"files":{"package.json":{"checkedAt":1708590291832,"integrity":"sha512-3yRiG/2ISOk2fmpew56pS8Yin+BU4VHSExL3ELKhx59gyLXPFt4m0Jl8Jge0ebAWA6RH2obWjt8WSL68GUGaQg==","mode":420,"size":695},"browser.js":{"checkedAt":1708590291833,"integrity":"sha512-ZWM1JvxL78LqogC3zd5yxRLph0df6beyKNyZ7zclt+nLdoGQXkYTsFiJkk/w8nLK26WRXXCtsJ/EYwHjYOfIYg==","mode":420,"size":137},"cli.js":{"checkedAt":1708590291833,"integrity":"sha512-kznuSmIW4/8j1nM2II94/eprxnI8AOervf6R0zZyjHoGAwoyjqtICxp1KnpgGgG41X7KGTp3WjnsS9q0CtAskg==","mode":493,"size":109},"index.js":{"checkedAt":1708590291834,"integrity":"sha512-MgJfYBlqtexZ6Qq6kPsNz3WqAaqhDjsFMEtfdawbelB9ky5/Bj6ItJd4vtkkWJavQVzi9lvfQsFEACUGoqNG2A==","mode":493,"size":1503},"LICENSE.APACHE2":{"checkedAt":1708590291834,"integrity":"sha512-cSQG0iQrnQ1857NzYCk8Zdx0ZqRMloUCN16BCM7f3jatchV3UugZBdO8TSqTtMBmOOfFzACQh0WQgAPJYoht7A==","mode":420,"size":586},"LICENSE.BSD":{"checkedAt":1708590291835,"integrity":"sha512-dZTkHTuy+WL9JQXA/c+S39uFTFMkOIlabRwVtLenGWKfKNRfXDxhQI5+kgc+NcPurWY88vKV5NW71wREKFWcXg==","mode":420,"size":1516},"LICENSE.MIT":{"checkedAt":1708590291835,"integrity":"sha512-0XVzfm5qtEgZBVjuJNzYLrZXBkNVRJ2bSZihqDDMUXfpcIn0wI/HJBmWTAdII/9fAtR58L0egNxoUAybbupaYA==","mode":420,"size":1088},"README.md":{"checkedAt":1708590291836,"integrity":"sha512-ao3tpLJQBoe6geHTW/lq1oKB6RBMPih2HFAl0lQ5YKmmsEt1ALHm80mO1Wxy6LIH0EncjRTERcuYhmJtZbqgAQ==","mode":420,"size":5982},"lib/utils.js":{"checkedAt":1708590291837,"integrity":"sha512-EenaftT1iO5gqcN/2rrFIafqWgxLPqE7aD9XxpchV9UWGKkmI1vgy2vruAqLREY0lk+0+PeTKWrP0OVL3bwA1g==","mode":420,"size":2759},"test/ini.js":{"checkedAt":1708590291837,"integrity":"sha512-GzC4A8svA93zZ16drfJaQT3IKPcNM5bBfzDRLP5tTQyXt0sGsJJEgMGwaUIdx8e2Tx4HTvXysWAS+QQdZgux6A==","mode":420,"size":312},"test/nested-env-vars.js":{"checkedAt":1708590291838,"integrity":"sha512-7mTcnU5IfIaumBrl9A59SqpzufNXjc26hVtqtwpQpc4J5UbYNe2wjEjx/YAgwewEBQnqXtAvqU7CY/y3v67g6Q==","mode":420,"size":1392},"test/test.js":{"checkedAt":1708590291839,"integrity":"sha512-cAXwsqWB1744KpGSdPrrbyGwc4wsUXuBAez/OWJZxTQ+oykDXJ2YhcXD6i7E7QXtF6B+xtZJMlCoTdKuUo2izQ==","mode":420,"size":1176}}}