{"files":{"LICENSE":{"checkedAt":1708590275008,"integrity":"sha512-SDdrYzWbAHFUv6ezmT7KCw4dXk0rQ182bnDDY6OEHwa5HAn++psEhHqcpE43xVNcgYoCvGZWWiTsFe+cYQOYZw==","mode":420,"size":1098},"lib/argument.js":{"checkedAt":1708590275009,"integrity":"sha512-2+HPRKYEb2yY5NGUztOL/GQZpdH6ExSUAOM+4C8wcxjQ2QBYaFXolVMbBRS1l1EAogM+EN+rT73yf6KTg41tjQ==","mode":420,"size":3174},"lib/command.js":{"checkedAt":1708590275010,"integrity":"sha512-oQzHfvuHhCQzu15aKyZDReZe/OtmGOwZrG+XGrB8nTHlOKINmRKhlkBFRxsgf7XujtL/oizcZ1KbPdjYIvivAA==","mode":420,"size":70043},"lib/error.js":{"checkedAt":1708590275010,"integrity":"sha512-MuDfoI3KPkJIHuZJqoihwadSM3icHkLtjH+wWo5p2a0lkXqNgcoWbVMC6sBA8QJZH/hUEg4qnuyAoRfT+slGcA==","mode":420,"size":1240},"lib/help.js":{"checkedAt":1708590275011,"integrity":"sha512-kq4YnvJk7CyJZUCNlvoVKUcwsbqWiaIYWZronyUds/LPJDasmmbJBnWMZ62dtopH2Bhpm45IZIcwId8JWGI1oA==","mode":420,"size":14281},"index.js":{"checkedAt":1708590275012,"integrity":"sha512-iE5nM+g8xkLrTi4TQ7ujFNIY4B/skKKXtnIetp3hhSAeOg27OmVwlw8pcwFcTLts6+1nXmulLJ5K3fujtPjqYA==","mode":420,"size":798},"lib/option.js":{"checkedAt":1708590275013,"integrity":"sha512-0N+jj5aR0EvwMOn89w2Z4OZ4yuTfrFiwJ5Y7wipe6x+hmBOEdW1v8XTdwSBshH5NsxwElOqaV/wpdJXfpW6HBQ==","mode":420,"size":8651},"lib/suggestSimilar.js":{"checkedAt":1708590275014,"integrity":"sha512-gkjiehLENESPPF2eu3uC5SI4AokbE9eDNneqeESuit7H7KEJBNmtgoPu21WOikBwiYP7ZYP/y9t07WNQNnNjwg==","mode":420,"size":2765},"package-support.json":{"checkedAt":1708590275015,"integrity":"sha512-HRmhkZ1wDiq8+jsuamJlhonlxc6xph8kC0FqqsVtnuI6C5xzeTalpyo+dY++lpJ2IrFat0YpiJlB6RbWoyLubg==","mode":420,"size":231},"package.json":{"checkedAt":1708590275016,"integrity":"sha512-TglFqME7WIp1ods05JXHxCen31+D3RKFv1ePmZyaCRtveQpcYLKL9B22hzNi2Anob0qaLkq9X09KsPCyNls3RQ==","mode":420,"size":2116},"Readme.md":{"checkedAt":1708590275017,"integrity":"sha512-rrxo07NMqH3JWQPsgGNONUnN9GEySbL2e2BCYEvGIfRLHwR2Qbp0z8zsIB2LFmnUcoxTOq36XPNXGCLH6wHgww==","mode":420,"size":41693},"esm.mjs":{"checkedAt":1708590275018,"integrity":"sha512-mbYu+N2RmeN9E0eDrx8HVnYjSMW3WnVvmhIJY+bDS89FyhzT1wpBt1sKJ7r8KRl/3HpUpZNBzHWvXOkx9BdITw==","mode":420,"size":309},"typings/index.d.ts":{"checkedAt":1708590275019,"integrity":"sha512-2WYXw7Sqa/VtM6e8BYyM7fLt/8gCZT42KaJp5eQetcHZTjzxXrE6iiWPRlB8qk85EBWvWrGL/AOxZRNkZ4DBeg==","mode":420,"size":27884}}}