{"files":{".jscsrc":{"checkedAt":1708590287642,"integrity":"sha512-YH4xRaKDqeHDZ0GY/iy05vyIXL0igrWJmliWoXsRNPWVVopsRgOdzDh5ouW4K3rDyLKX9l4JfFI54gOAdxLsyA==","mode":420,"size":364},".jshintrc":{"checkedAt":1708590287643,"integrity":"sha512-90ZZ9vo8AvdwyXmxHyNfzgYBVbrxBQM9fBbOGKT77qQ1lIW2cIZW0yb59wB3T3Dme+N2oOURGY/ZYjYGIHRS8A==","mode":420,"size":240},"LICENSE":{"checkedAt":1708590287644,"integrity":"sha512-u7a41YlGshEr/5xsANalQYzKtW0wRcBolAbH7PZYjTxxCJHF88o5KEPZWHwxQRyoD0pabVgnT5zEDqObM53Zvw==","mode":420,"size":1119},"example.js":{"checkedAt":1708590287645,"integrity":"sha512-OV6p1cjZFrFiQ8spGrJiYlTdLfttN49mQidgekVGqQ8h2CZ7xsyjhpI111n4iptFUuI7vbhHP3PWBj3y7lTv1Q==","mode":420,"size":245},"lib/undefsafe.js":{"checkedAt":1708590287646,"integrity":"sha512-MwDiB816CE7AlmO3IJ+jyeX3UaqGNj4SLJk0kxFOUISgliN1Kpo6xuSDDVmXIdWIrbAxAQpnBVs7sRjp14vTiA==","mode":420,"size":2595},"package.json":{"checkedAt":1708590287646,"integrity":"sha512-l9XUFxtbHmBoPei6diZnHK/IlHalQBU9zdXmoYPS7Jy2nWleoIErkXZEk0G0bPCu/yevmZjcFsaUe81ow/DnqQ==","mode":420,"size":784},"README.md":{"checkedAt":1708590287647,"integrity":"sha512-Vd6BwbnCsW7uY6uHci4zYOAWycWvNiyr1+wqDfRxY+g2LA41RHnO665Ln1vWqu+BtZBcwlUI75oFYFYHdlKp4w==","mode":420,"size":1414},".travis.yml":{"checkedAt":1708590287648,"integrity":"sha512-pgRRVtcO469HrzcLIkhUkmVm0aRqccRoKuToEmsmDiwDKkSaKq3Pz/0XzX9EyTqvCmAbrgEMHwZwroMSbH8qOg==","mode":420,"size":283},".github/workflows/release.yml":{"checkedAt":1708590287649,"integrity":"sha512-1I4YKz4k6HRr5FU8C/fhoSe5MhwHfY+dbtovIJK4/oYpTVcrcdShiaw1echZGii6mioC3AiM56KVV7FjcYoUQg==","mode":420,"size":556}}}