{"files":{"package.json":{"checkedAt":1708590270172,"integrity":"sha512-8AO8TUPradWbsPsvGNqp2f6xIWdBdE2ZoDxh2kyh/4qWAPrvxC+hZybGdGCYm50yY3ljM5qlSAiXLXVAF37XxQ==","mode":420,"size":671},"README.md":{"checkedAt":1708590270173,"integrity":"sha512-Zmy/QazwdHATaQqfQjZ5KIO71AUi559X1Mg56dOxunszf4gAmEU06ZkJl7CzEFMPS11omqerbsDl+97HHTU+Yg==","mode":420,"size":1903},"LICENSE":{"checkedAt":1708590270174,"integrity":"sha512-qbTTHg8PhqzVfhOClGbRLEokINJxfk+zFQxFuiPlO3GUlP4lbGhfAvVl2lJJJEth0910OJQPsJI5w8HIFYM98g==","mode":420,"size":1102},"index.js":{"checkedAt":1708590270175,"integrity":"sha512-K7MQ8VBw20QQ9/dRyWVDtGGifp4DnIqozbZG9KdniMftcyEYaN/yv0dleoqfWU4qrFlliMi+8423eVdGk9X3FQ==","mode":420,"size":414}}}