{"files":{"package.json":{"checkedAt":1708590265246,"integrity":"sha512-U2LdV2vX0oEX72SCgYiqsdYhihIG8gNw/gHwZX6PW0zo553Mw42r3M/tL1TljeRD5M2LjezoaTcn3YNoElv3+A==","mode":420,"size":749},"README.md":{"checkedAt":1708590265247,"integrity":"sha512-YKw39kTrLTpucEUfA3iwvigLan6kiDHrO49PjVc8LqBAH9Cat/+hFx2DJGTiyt0DlBMs8dgs7qixQXqoAZw2pg==","mode":420,"size":467},"LICENSE":{"checkedAt":1708590265255,"integrity":"sha512-t/YCqTo2Om0BuHE/C+C/HnDEMbbFc+Iw7HdZ5m3+Ixv6eAFUYHuaWfDgMyL3zt9X0qvXoIPA8u8qq8i8IVvbMg==","mode":420,"size":1951},"index.js":{"checkedAt":1708590265256,"integrity":"sha512-HkLjN/F1kyBT0uUrMZ6z/mMrfdYyJDtK8subA2mharmSDTlHjuMR5GyCmfJ1bivchNhZYB2nzIe6CPwEj1kIEA==","mode":420,"size":18716}}}