{"files":{"package.json":{"checkedAt":1708590264400,"integrity":"sha512-cMLGXhH/n1k01TXSuZGz3tsCvBRyDS3a41cQqAcz67norYCpt3Gb/K3crPjGV1psMuFir/mmiMwjZZn+CwSfSA==","mode":420,"size":796},".npmignore":{"checkedAt":1708590264401,"integrity":"sha512-7DlrfPiCEPsZVIJCWtGLstLLPJgS01KipkrLVNzeW1O2gQmqrb/Z+r1//GziDpr8fhZ/gRkZD7mm/ghBjOBIRg==","mode":420,"size":7},"README.md":{"checkedAt":1708590264402,"integrity":"sha512-mB9+t/vNqyY9Vf9Tr+b3mfy+ADfPZTTKGZbxrWIAwrEiwAZ2b5au5J0NgIhPk9vgtobmVc+EwXrwaVFgZvye3Q==","mode":420,"size":1261},"LICENSE":{"checkedAt":1708590264403,"integrity":"sha512-P6dI5Z+zrwxSk1MIRPqpYG2ScYNkidLIATQXd50QzBgBh/XmcEd/nsd9NB4O9k6rfc+4dsY5DwJ7xvhpoS0PRg==","mode":420,"size":765},"stringify.js":{"checkedAt":1708590264404,"integrity":"sha512-eNS4rPJjiIWXjl0dBtdRc4g50+ThrGd3VnTDj7KKkdDh3CeBQuq2aRQyuBEucQgZeNeZd5GJ4N+dDHYesi4+Cw==","mode":420,"size":907},"CHANGELOG.md":{"checkedAt":1708590264405,"integrity":"sha512-am41PXjE5KXZSc7F8+toGkmC27k5fbRysciSh9+lFbwpdrzG1MkqYROc5sBBUzj3rfx48GZ/qPPQ9FmEGwSNmQ==","mode":420,"size":734},"Makefile":{"checkedAt":1708590264406,"integrity":"sha512-46fLXPwmAKMyxPdnuex2ZZhYn3SMzmMY0Jv9YTy7APyJeQyWLCad4ZeViGvDnEyhurjOFmQfuK7sSv1TN2eq9g==","mode":420,"size":675},"test/stringify_test.js":{"checkedAt":1708590264407,"integrity":"sha512-PIYftpkvcKLCvnEUK3aUa50SaXjFq5urNm/39zk3VYz50NrOV9XRUKgzekdUCL587CK3/dxtxb0UNu/jOkie2g==","mode":420,"size":7550},"test/mocha.opts":{"checkedAt":1708590264409,"integrity":"sha512-gu31JufSZsM6aBjJL1W6KffrK+VRmMfBWSd4QbuIZpxDuYTJMDxqRG0Ooz6wpECrUkhbc24D5m0bfUkEtp3tfA==","mode":420,"size":27}}}