{"files":{"LICENSE":{"checkedAt":1708590260712,"integrity":"sha512-oaKT6wCX/oeHXzv5CMwLDujxXplcaOmEtqJOJHsulUQH15QeqWq9f+ACob37cT/fsNODnZSKM0YD8F5kSCn2Bg==","mode":420,"size":1167},"index.js":{"checkedAt":1708590260715,"integrity":"sha512-wkid43nvph1ozqfx1M5AWTpIqG9iyL4doJmkRi3wcFwyTOImCxmY6b3klNKoFYxg11F76ESNJyUjedZ12Zrhvg==","mode":420,"size":3663},"package.json":{"checkedAt":1708590260716,"integrity":"sha512-5rWjObB9Emuhyx9d8758o2x9wl4/BbSkysoJYTJSjgXVUgC0GuPTMrS48KQOyt/9kJAhZ9jdASmQ2ADlsUkkQw==","mode":420,"size":1149},"HISTORY.md":{"checkedAt":1708590260718,"integrity":"sha512-uTmDdX0THV9YPxTzIP15WP7vPkTDRm00Dl2WsE1Ka+gSP90MygNc7TbVAcGKHsXRUZVkNFT0HKTgEXQ8kvTthA==","mode":420,"size":8812},"README.md":{"checkedAt":1708590260720,"integrity":"sha512-k6Rw/FmqpVF3vT/SsGdjK9xkoyVLNZBHzownj+sVNA71Uqb83RePzRAmsWHGk/TIS0JnY6iIHc8C504TRcY5QA==","mode":420,"size":3481}}}