{"files":{"package.json":{"checkedAt":1708590283024,"integrity":"sha512-Muig72on6SWhPT/U8VZSlO6ZJSJjqiVRErvc/Gg0Rp25/hO5AmeaawA87jO9H+XWzLMdXkBV7rvAlJlofU4cgA==","mode":420,"size":1498},"README.md":{"checkedAt":1708590283025,"integrity":"sha512-4/nJFtQ4q05ytDA6n50S6zSgks1Ms+YAVCh91U9Y55K+jn8XA7t1kQKyO7BBomvpjoy0bvjURlnX6RaodIQ7ZQ==","mode":420,"size":3962},"LICENSE":{"checkedAt":1708590282248,"integrity":"sha512-5RjdeO+H/e3I5WJnPiCTF+RB5+aI0KUMXv1/8BAm6A4AnRjR1EWIdoOjKUvgd/xwiFIHrYZUvsTxSyHvNPMD7Q==","mode":420,"size":1087},"index.js":{"checkedAt":1708590283025,"integrity":"sha512-q6C9pSqCr6T/kuxci+K6Sjk6MuUfIGoMjKiFQmIEn0dI1sK9xnpkp8bV/eVZ7alLqM6MWKQTZRu85ai2LFELPg==","mode":420,"size":288},"index.d.ts":{"checkedAt":1708590283026,"integrity":"sha512-O64/iI3qtnEqFuLBzPlGTIcgCMQssC3FxpaPvMUmSrSZKrjTcwGQ2o5zFp8g57H2Dbr4auP06yw/y4mSrkXHxQ==","mode":420,"size":97}}}