{"files":{"package.json":{"checkedAt":1708590286490,"integrity":"sha512-Viv4joa6Ep0BO/22nzDINILPmrIZ/mhLuwAN9/xeAzETf3QUilUlSDbrP9LojH5ha73nqMEdCioqyTDFLfw7+g==","mode":420,"size":585},"bower.json":{"checkedAt":1708590286491,"integrity":"sha512-PLk0N4xMugAlMT2cX8qALHLpnSrQwdvgk7kH1k6rXTP20kDbSg8smDnJWezqW/XkEYjWSBiK4eimXoZi+nu56w==","mode":420,"size":463},"browser-atob.js":{"checkedAt":1708590286493,"integrity":"sha512-UpOnCPu5dpvuvQHcgWQJeNRw5XFCNEBvTO8PBLjpSAkgscDdwUfL7Rp+tZzWYosRaYL85ckrj4SWhwoSAqjgyA==","mode":420,"size":1362},"LICENSE":{"checkedAt":1708590286494,"integrity":"sha512-aUAYwBjDueIPswpexdOMBdaG+Q8jyETH5QOclPyTS/G+uNaitvXLnPhqQsPAa7VDeM3MyaXFbpObnLoStcqkdg==","mode":420,"size":12548},"LICENSE.DOCS":{"checkedAt":1708590286495,"integrity":"sha512-8QgHov30tiUD51peD+dJBuwwH4x0SFxYunfUx/y+ZEftcYOxgD1ZKp4TmKF9XtTeYkWbTVgHfS4lIV5yeJQAow==","mode":420,"size":19466},"node-atob.js":{"checkedAt":1708590286496,"integrity":"sha512-4dHIRD+SjKIqxDLh4F7QiHqfu1qUkZmm2YWthAsBd3hBBBPRP/n0/TKHzhr3j2LjsCvqBtpyzH4cp+Dum42WnA==","mode":420,"size":130},"README.md":{"checkedAt":1708590286497,"integrity":"sha512-HgJ+/7rYeJMEHKtKKOdi2obHmoHQYyqzOXIMpyW655lzoDuxKl5TxLlMXqkliFs8Q1r8yJWRlsB/ZzVDUytdXw==","mode":420,"size":1162},"test.js":{"checkedAt":1708590286498,"integrity":"sha512-NgGoCQyTiyRSLHrdIlELOYZv3ptx1VIb2t0Bo2QtB6VWad6GhSENfIPPw9IFlTj/FObLNnaiMNkna83RI0EuXg==","mode":420,"size":362},"bin/atob.js":{"checkedAt":1708590286498,"integrity":"sha512-rEsF/vd8SEz4Sa6IscUttOel4vQTdzhHFC0VjlxylTWGb2067ZihzdyaVJaT7fO2F5lMsAoVHJ7jl6NK469o/Q==","mode":420,"size":122}}}