{"files":{"lib/.tsbuildinfo":{"checkedAt":1708590272206,"integrity":"sha512-BXnO9jUHoeTnDoDJGM9zuuz4pwr6/dTueUj/5KCVCyETAWJ2+mg6xUxVic5ccOkJZPZw/+LWp0kLDwI3Fe+2OA==","mode":420,"size":81585},"lib/explode.js":{"checkedAt":1708590272207,"integrity":"sha512-1TPYkfFvkSN6yE/WV2NIR/mQ1NZdL5PkVqho/Kk4T2jtlvG9vs6w7DFfp7bqSVw9sxPn5k+fUIN/vl4D0wFB3w==","mode":420,"size":4311},"lib/index.js":{"checkedAt":1708590272208,"integrity":"sha512-E4p5LmujTxYhB6ammQwvVtuVf6mamnJE/FekKmhYhgsZHHsftw9LDcFmpLnJfPzswsErqbRNZ/sqF5qXQweoqw==","mode":420,"size":5030},"lib/test.js":{"checkedAt":1708590272209,"integrity":"sha512-9v3vvw6rfjIZrI7vsWdh29GYxdj0Ys5Q/16kEl84YlBO5ZZjhdwnFU0OQPSGSUPSLCE4dzyXkqeSaQQcD+3b4A==","mode":420,"size":1275},"package.json":{"checkedAt":1708590272210,"integrity":"sha512-cpiYzsg4X3cnCd61hDPYvuqXc6OuJt1O6EjG889ugXj58hiRqjpOYSVTEnWa/Cb9HyzjSsxC4ruBBSijV/4Vfw==","mode":420,"size":1002},"lib/explode.js.map":{"checkedAt":1708590272211,"integrity":"sha512-b0xUF6B6ackj7FZXYHaNv6Pe28P5txB3thFxDLWZnSxJnqgGE8YKa1vLAeqXJtArwNu/0ZNN++JXtMzuhZY2dw==","mode":420,"size":3008},"lib/index.js.map":{"checkedAt":1708590272212,"integrity":"sha512-lhCBLN1hgSAN+rqR2qXBA9zsraKgPSo/Q6/oU2g/kGLaxsACp8YSou2ChTHPKETJO8qRXEoCH4yPFkWm1yQV8A==","mode":420,"size":3375},"lib/test.js.map":{"checkedAt":1708590272212,"integrity":"sha512-INYeu7xcIay7ootJfgfYht9muOFeZA6yDWf38/tBYCAREWgP4Z9kLQ/dyOXMx8hRjB+aa8Fshs6QCGFucIyMNA==","mode":420,"size":551},"LICENSE.md":{"checkedAt":1708590272213,"integrity":"sha512-Z1SmUc+682TsV+16TyBNu5rXR0+WywG7dmvcZuf9FcuCsVxnxfE52Ti6SJpG1W3Po66bPCGW9kTnoMReNA1TAg==","mode":420,"size":1066},"README.md":{"checkedAt":1708590272214,"integrity":"sha512-uRCGk0GbGAMsJEKfXlQ6kQ4XnwRHRjvON7hj/x7U0HpMpFcDTc3mVVaxzD/GRlviR2Q4PxE3DJ3A5grTD7pMMQ==","mode":420,"size":7130},"lib/explode.d.ts":{"checkedAt":1708590272215,"integrity":"sha512-C0jSV5/lY1DkUgkzHtQyfUgvVvwhuegK/57sEu1FFDwUZkx/qRzBZZ3r3acSct1AAldlR3Ak1df13ykC9CkMDg==","mode":420,"size":341},"lib/index.d.ts":{"checkedAt":1708590272216,"integrity":"sha512-5dJl/QBqy4FKU5snp3hydbZVbmfUG3qXf52OVxATLpzwzGaPlQtAO7B2AirBUcg4O3YCg6Phtz9OxZhzU6AO0A==","mode":420,"size":1452},"lib/test.d.ts":{"checkedAt":1708590272217,"integrity":"sha512-TuHIj4w/TkzTTLbAAzm/nW0Db/St469J6HHMiWa4THKdi3VJKsxkE8mmZKwApXlYIjrBPEIp2oxi6+alPk94Pw==","mode":420,"size":11}}}