{"files":{"package.json":{"checkedAt":1708590282508,"integrity":"sha512-6iwIRv6NWFtyPizo9HJGQbfFS1DV9zlf83ini+gG/T3heYC4LN++kw75ltgChARi6G8Jlns5kgwmf3ObFY1htg==","mode":420,"size":1267},"README.md":{"checkedAt":1708590282509,"integrity":"sha512-LBBN0QCQTK/b8TLSLAc4VaKur+nrDFfbECeQpuOvzSA/S5YwYp97jYHNwyL8rdauQ6OTBc3BCdjST43uMdNeyw==","mode":420,"size":3538},"LICENSE":{"checkedAt":1708590282510,"integrity":"sha512-k5yaeclgrtMAXo4WduTJKbEFgallOoV5i9ZXUuAfGDmY5W2h+asbhbS1U2YqXwH3wKWtXlawnFlvOernEG0CfA==","mode":420,"size":1088},"index.js":{"checkedAt":1708590282510,"integrity":"sha512-1+wYdEv/1XB259Xn3jrJ9DhueEVq6PqmBVVaEIqTibRL7E1wWgLqqohJhWfYwnUSEodsGpKMVco2jLO70+KkFQ==","mode":420,"size":806}}}