{"files":{"package.json":{"checkedAt":1708590264547,"integrity":"sha512-8xNDtQ4iDmUnntPWRwpG7/1UnXbC/dR+3R6nGviGn6pSfsRWDk51CXpsBVPH7BIXAC1DkdZL5EFAYZRoYfwHtA==","mode":420,"size":558},".npmignore":{"checkedAt":1708590264548,"integrity":"sha512-8kcQae2muvA9mAX0mPplW3lYDMoLiz3G/XmUAmkEWH2p3IOeWAj8PHv2oCxMFBymwr9nEicBqh65sufHTp5BOA==","mode":420,"size":132},"README.md":{"checkedAt":1708590264550,"integrity":"sha512-gKW5x4X3R/5Zgbg6Ds21VNNt6z9fiFzE7XP5Nt6fHeUu2tf/UasOe/BIbICmGbzIv6/sCJzJE6maxORb2hg5hg==","mode":420,"size":1229},"index.js":{"checkedAt":1708590264551,"integrity":"sha512-fTJUXv+sOOyKx/VHAEXMaUIvkb7yCQwscVEFqx4jt89uJhHxfU7qn+E1zLEH6F5T0yv7ptO+G1juSXHB0QY9RA==","mode":420,"size":2507},"project.sublime-project":{"checkedAt":1708590264552,"integrity":"sha512-99hzvAfc4O1IA9ewJPAvZjLJQ5rqcmBvTv5nBE8wAVOV0vvJ4uxiP30MUczipt/a4dZ34WTvxgIYD2ERw+Yd4g==","mode":420,"size":437},"test/fb.json":{"checkedAt":1708590264553,"integrity":"sha512-nJXrnUzuFxu5LNToVl/CBx1dszNaeRZjbKNdpBPTrbB/9nzyGbjq5qwqwEVQcj+sxxVGk1Z4vn0y7RvL4d1jig==","mode":420,"size":4566},"test/headerless.json":{"checkedAt":1708590264554,"integrity":"sha512-A1vdFQxC2lRJLt2fBd8D1yML7Gt+GAhFWPYB+cKnI6lhc0sDaAolUpHKdKL0VzCU3uSkoKtGM3L3o4ioDZ+5dA==","mode":420,"size":63},"test/headerless.ssv":{"checkedAt":1708590264555,"integrity":"sha512-FCkanvHV90EBAbjxxVfq3x4EsLocrElStMG5fIn+Un9uBh9HQJBK9D/7BOY1S4XLtqSZwtCtowTmgZcIFw5jRw==","mode":420,"size":17},"test/mocha.opts":{"checkedAt":1708590264556,"integrity":"sha512-KSON46Rok50UYWqWjxdYgGXOdL2jWUJHjnsEmFN9Jq4wg0ndEO+Jkb82h6w7+47lNCFqwjWZ/NQevRz98Q62rw==","mode":420,"size":74},"test/spec.coffee":{"checkedAt":1708590264557,"integrity":"sha512-My3B0MHaROjzM9luxy1iQML+XWo73mwfTuejSzCH45RqIj2Oj06sCkITJGExFbm5SF53qaynz2mJY3Lu7Xoxtg==","mode":420,"size":1764},"test/test.csv":{"checkedAt":1708590264558,"integrity":"sha512-jn3px0hSnMZ2AKR6dK4OPkM6pN4/FpKdvv8MUEp8FGsrHva3an67UL2MJelOgzOiolqHw7zFb03Uuh7ms9Imsw==","mode":420,"size":128},"test/test.json":{"checkedAt":1708590264559,"integrity":"sha512-CYI9nNK8JF30T9+P+pvMN7JIUI9zHrFGQSTUSQJFz65T5/ZmdpYSWqEvhcywVCuLlNWsBSoheDBA4bqzT22kVw==","mode":420,"size":415},"test/test.tsv":{"checkedAt":1708590264560,"integrity":"sha512-57//foCkP/NfnEQN9CywMlOnQuoM06oXyDdyQKn8/thxtIvvekgElR84OKXi23NJGIjQZns11IocQLREFRcb5g==","mode":420,"size":130}}}