{"files":{".eslintignore":{"checkedAt":1708590268581,"integrity":"sha512-VLhEcqup3IHXtZJPt07ZYoA9JNRjy1jhU/NU41Yw4E8mEyea/z+6bw5hL3lhCO09pji9E0BH2Q3aDXdc3i9zBg==","mode":420,"size":10},".eslintrc":{"checkedAt":1708590268582,"integrity":"sha512-SlyY+WrFA82PiEAPhN94Dx+dm3a7RRQt+PAj4+UjcaMCcesSUjt5AmhD1uLAycSXyuXlE9iSRj1b+/yff/IErA==","mode":420,"size":208},".nycrc":{"checkedAt":1708590268582,"integrity":"sha512-2vm1RFz8Ajl/OYrfoCWPJIm3Bpnf7Gyn5bha/lZx/cq+We3uMy9xj15XeP6x4wF3jf/pO7KMHAkU9mllm605xg==","mode":420,"size":139},"LICENSE":{"checkedAt":1708590268582,"integrity":"sha512-EqKjvyq6+l4/ZpJ47jMsh+ShZM/lTvYBnKi189QfOPECJNUvRx0CVqrWYA3sn7Oh7fPITzjMnxz9Trmir4oAZg==","mode":420,"size":1071},"callBound.js":{"checkedAt":1708590268583,"integrity":"sha512-sHRsnckLtRPn1hkEcM4Ky7DCBZuXGEuTkfWB6aSQcpZpyEebqOqvwZgPTgWKOWutEQMdBIOHtSI6e0ueaksdrg==","mode":420,"size":413},"test/callBound.js":{"checkedAt":1708590268584,"integrity":"sha512-jdZlQzK1Zg14dhYlLKIxKDpkBtrpfo8H6I/6zC+KCzjAv+Gu5cWnNLTLUH6lE1fO8r/iJvTKsJ1Xx00FP4DBJg==","mode":420,"size":2349},"index.js":{"checkedAt":1708590268585,"integrity":"sha512-0wipG0lsn70tt9i5B9ZgFCFyNC6ZB1UJPYks8rg4JQQRlZO7g4gvN9tx6SWAPDe5sJjtx0jwnrbcP4S43MKPmw==","mode":420,"size":1037},"test/index.js":{"checkedAt":1708590268585,"integrity":"sha512-r19vTkDqAw/GRb8RZ93wFXyKrRsGDfOpmx6jIutOc55o5nz5SCEx6doHcb+qFeSQP2lr6JE3cMSp2libdzTDUw==","mode":420,"size":3839},"package.json":{"checkedAt":1708590268586,"integrity":"sha512-k/IycVTlmx9vovVWWf1ai64dpstNwupe9zbtarvLsoQChr6TRr6iKj3VI3GshChwvTiNzB5bZzaWvAythoQi2A==","mode":420,"size":2304},"CHANGELOG.md":{"checkedAt":1708590268587,"integrity":"sha512-PsbpPxEmlJLqjb91qr2AhjUtY8iDSjm1wMkau9pnCM+DqU5Itmh4LjSerVz883QVWhhh9a+WRMxvxnRUtN+6+w==","mode":420,"size":8142},"README.md":{"checkedAt":1708590268588,"integrity":"sha512-nZLw1U3jWkWwQdU/HR/Jvyq0dWJgk5IZUKLIHwUqzJ0Nvsbwk3bdE4a4Dwi0JS8P9v4CSm97TpSkNxKOWJauhA==","mode":420,"size":2026},".github/FUNDING.yml":{"checkedAt":1708590268589,"integrity":"sha512-ZMiaLOke56GhLQbcpNev/nMsGDpkuxH4cB0E82tlff4Lhd2UiBhSl1zkS9b5GB/k4u8TR+atMclg3xdFqNgv/A==","mode":420,"size":580}}}