{"files":{"package.json":{"checkedAt":1708590286862,"integrity":"sha512-nD7tlYIsbXoKI2MUF2vIhUR+S4WupW1fUkjfiKyTu2zpS0u8TaMvhYYHMnDwCj5DrbLiL9pQeWfo6yuJZ/3MiQ==","mode":420,"size":1158},"README.md":{"checkedAt":1708590286863,"integrity":"sha512-xFt/H/rgCky3ffRtodOXKFppx5QnOfyyVmringVt1gebiWsuGgOGUVaTNgacdNEdJyklAIL14Jtzia7RgvMrHA==","mode":420,"size":4585},"LICENSE":{"checkedAt":1708590286863,"integrity":"sha512-WZd1MN1iNKWR6Z0xtZj7LtJ6m0OcIz/NVJQzJpP5op5MiS2zSsvivEBTgNeXiKtih1NkCe3yjsX248ZCTu1Csg==","mode":420,"size":1087},"index.js":{"checkedAt":1708590286864,"integrity":"sha512-ylLXCmBCQRWPjr2QgM8Md8dnDSzK1Wm+KSRtn7sn07PVOT9l/LM7e8K3VW/myp0c8W2EGASbrx5DAIFUJ7PBiw==","mode":420,"size":3075}}}