{"files":{"LICENSE":{"checkedAt":1708590272985,"integrity":"sha512-5HycIj0/VBX8kQ4Xg9xMr8DtZL0DBVx2HAenWEoxkxtsqdJCPXD6rFGInPgJB9zjUw02sjYjSWEGivRstWSK4Q==","mode":420,"size":1058},"index.js":{"checkedAt":1708590272986,"integrity":"sha512-WHdCyCw6rF07wVAKNHPp6NTf6bdcQXSkEXp3sWDjlmt39L6ceXKjJdSkEFTTh/ta+8/3SH3Tmu18JzDNKt9SdA==","mode":420,"size":5733},"package.json":{"checkedAt":1708590272987,"integrity":"sha512-wWz/9kWmXq/VPf6Qm+F/BgjN4/buDQWZrQtm8s9JDh75CMwWk9hWYszlrTF1zIp0WgwZX8eNf9rN9UQxaZMysg==","mode":420,"size":539},"HISTORY.md":{"checkedAt":1708590272987,"integrity":"sha512-ZJ1Jc2UjwNAQCxRfGVAbwDGDMQVSKJOmKL9O3GcP36ZedwamNhVB+4mX/VODDL/1xCThew5gfBB6LjTqQM7D8Q==","mode":420,"size":164},"README.md":{"checkedAt":1708590272988,"integrity":"sha512-zvvb0sxMoQrrH1wUwxw3BRwNRPPJqjZKQmJzK3R7VtwrQOzeuhlv9xydDNnCklmjsbdIL2SxbEyLhrP+Uo5Wlg==","mode":420,"size":1076}}}