{"files":{"package.json":{"checkedAt":1708590284071,"integrity":"sha512-cUV1+a1WLzkz6iAkSgO4OJKg0mE+M8NX8HJdBh2GGb2Ua7kAgn1OHXtYwTz2Y3kqIsh7+3QJf8b6WbbSxHriAA==","mode":420,"size":1475},"README.md":{"checkedAt":1708590284072,"integrity":"sha512-xEXlyZbFUuguPfGLMi+Ojyrok+pdxlnx2si0C+8dsOCMVm5xfxE3RTAtb8EEPPv+lWdWsuPrZ4ic+P84b67cYA==","mode":420,"size":3244},"LICENSE":{"checkedAt":1708590284073,"integrity":"sha512-CnFEd+zu5cIdcJwcKPQ82LYbZN4zpDGBC4DxyXXSoxyA6Nq6K9d6CCYXQdosU9Fq96xELj21N/ZtmeEGcqlDPw==","mode":420,"size":1088},"index.js":{"checkedAt":1708590284073,"integrity":"sha512-7DLjrodYq+dLUiOd+sE4hmO5ik5MRD3agTKwQJ/Mbp0lzfFKEKciuyR7lkgmMy4PsNYgywpec3tXQA4emq6PHw==","mode":420,"size":426}}}