{"files":{"package.json":{"checkedAt":1708590283541,"integrity":"sha512-SedLxTtwf8PB3uc4w24hp1zTBXiZ6K2lJLm6v8ex6+b8a99FxQ1nHTxxs52iZl5tdbNG/5PL78j65GQ4v/9aUA==","mode":420,"size":3202},"CHANGELOG.md":{"checkedAt":1708590283542,"integrity":"sha512-J+9m217JSUr7FdBVmePZIqZ1iXgwIUYYFHcOoYEenNcyUaaVeWd8ibBQPujMdiIL51ktfUBckg6dVwDeJMfdKA==","mode":420,"size":1129},"index.js":{"checkedAt":1708590283543,"integrity":"sha512-daMKgxJXvJzw1NzM2Rf2Jb0YY3zAF2jA7bP7vjRuY2WHwVWQw3MvYRXoELh5UDH84543Brepv7ja+2vjKtqb7g==","mode":420,"size":23853},"LICENSE":{"checkedAt":1708590283543,"integrity":"sha512-n8vl3Ia8M7208SVVnnZ8OqrZTHxLIbgLaU2bAVjuDxDuU7Enwr8F25dor9rx+2d4/QihlBL7PBra1lWGPmw1HQ==","mode":493,"size":1088},"README.md":{"checkedAt":1708590283544,"integrity":"sha512-7iLEJMdm/GIejL3Lg0MoiFquMe/vD/JWHgtHA40JkOioJ7qz/pdH61f1OsPfb2UdKVLv7n7k3GhkG7Y94bON7w==","mode":420,"size":38227},"lib/.DS_Store":{"checkedAt":1708590283545,"integrity":"sha512-WJQSFKgzQzHlIRSquFH8PY1dpd0UmD+TPahzXCSw3crBNOjxNpJVMZnE2aFKSzGItih4owudaW7doSBGZrYINw==","mode":420,"size":6148},"lib/cache.js":{"checkedAt":1708590283546,"integrity":"sha512-x7fZ/pccHgkVWycYVASyV1Nl4SqOH/7KzT4a5FfXPo5EJeqt5hjlvxSGvXCSylJKUy36C82g7pP41m+Kct6xkA==","mode":420,"size":52},"lib/compilers.js":{"checkedAt":1708590283547,"integrity":"sha512-HBKGPMvrQWStxXyloPDOkhfApfj4OKUehIKf5AUUmdpkOEVwu6e0NiLhFtjQ1USLe6FzQmavfWBL4eBpwh4uJg==","mode":420,"size":1827},"lib/parsers.js":{"checkedAt":1708590283547,"integrity":"sha512-2OukAnEYsTwFeOTklwR/H7/w0cauDP30PKycgshDpKVHMKzQb9jK59pcSMza4f2VthvAX1+zwEuHcld5ho8//w==","mode":420,"size":2027},"lib/utils.js":{"checkedAt":1708590283548,"integrity":"sha512-XuKXCIV40ySa6Arbl02V0NyUFs+xegsHbbBrZ0iNksBNpOJOd++y5BWa/3hqxebkQnE6pMHiodaW4PJu81a5Cg==","mode":420,"size":7258}}}