{"files":{"package.json":{"checkedAt":1708590264799,"integrity":"sha512-ibM5hPdx+tXHStCwRsAAPykDdp2T3Y9HhvjqnmjbzX5a3hw+4HOyI9QOj/lMAn09TwXXHPlEazSf9ig2Ro7jqw==","mode":420,"size":542},"README.md":{"checkedAt":1708590264801,"integrity":"sha512-ZuupwcKjgzKj3SreWWLC8kFzL51fvl72axriVFgL6p22y+e1FK9cNszXxnWMhNjUiGO1wnVrJAMxrpYOZlewXg==","mode":420,"size":113},"LICENSE":{"checkedAt":1708590264802,"integrity":"sha512-1S6tAynpIj3OPVT4PJ6MqreXQ1XCSOLoWhqKoxmK9AJQd2HCK60xMHrjvaBlKO0LNIfprJ9qbDxBPgmlrKyRXQ==","mode":420,"size":9140},"index.js":{"checkedAt":1708590264803,"integrity":"sha512-juWDC32WNYn6K1OtdmqdBGHkhBXQd4+m1zPbNHn30Kffg7PVsOWJzURgiKazeXnUDwbsEiK219WSuoGCCBvUWg==","mode":420,"size":6884}}}