{"files":{"LICENSE":{"checkedAt":1708590282887,"integrity":"sha512-Ql1YsuHK02f2d5Li7tDPIDoM7O0buirg/rI/PDIv+FNerjXKT2dyOJzaxIkbMrf3chYcEzb5FRWQsXhAS0bSqQ==","mode":420,"size":775},"dist/commonjs/index.js":{"checkedAt":1708590282888,"integrity":"sha512-SJ3axHqmXV+MftLHC+eg8Z1Xaeja5LE+oCKtZMEjsc8832o3L2HvoyOzhSB9rDXvdF9WcdLR0saXf0OfIeZH/g==","mode":420,"size":50990},"dist/esm/index.js":{"checkedAt":1708590282888,"integrity":"sha512-RYu+OEABrf2IrI/px5Aq+1751kkrnthpFOE8nIlzULfvt8644pIbNFf8nf+dzr96y+RIwpCMVtp3PkUJcdDC4A==","mode":420,"size":50864},"dist/commonjs/package.json":{"checkedAt":1708590282889,"integrity":"sha512-bFiTnaWPm3Fik6gyj3o2SbbiQr8jX64ABVoMx5+yeI5Kmd+qQi4M+tvoTg1eM7g29oYn5qQJZUh37cRDuU0ExA==","mode":420,"size":25},"dist/esm/package.json":{"checkedAt":1708590282889,"integrity":"sha512-nTI0IMxjxr7nncxdtfDxj2uOBz2q+P+lRZ4R8t5ZqfXowXjXf6kq/J3dNSYj3sNixi//hZxxovq5Px4hcsSYfw==","mode":420,"size":23},"package.json":{"checkedAt":1708590282890,"integrity":"sha512-1rWUgULZJp4IktMCNnDk3xv6NVKK0BA6+58gR/maXZDeIXc6jDSN6eNFjk8cNyfwENnJCfuZYXvUB9SOmq8Erg==","mode":420,"size":2868},"dist/commonjs/index.d.ts.map":{"checkedAt":1708590282890,"integrity":"sha512-1vmVR+rI/BaiswrJgjOsTeMlM0b7VluH/b+hKrBRA6IR/qWo32lY71AIh8SOcSwu5xxsa2Mvzvva3b0EiwGfng==","mode":420,"size":10853},"dist/esm/index.d.ts.map":{"checkedAt":1708590282890,"integrity":"sha512-1vmVR+rI/BaiswrJgjOsTeMlM0b7VluH/b+hKrBRA6IR/qWo32lY71AIh8SOcSwu5xxsa2Mvzvva3b0EiwGfng==","mode":420,"size":10853},"dist/commonjs/index.js.map":{"checkedAt":1708590282891,"integrity":"sha512-uG3x8/dbBc1iD8FivLyQDnoWQa2MK7ppCYUc6EFXNe1ZiYtnQ0x6PpSjgJiS7vwh33Hvwhkjd69udzvIrM5OMw==","mode":420,"size":112273},"dist/esm/index.js.map":{"checkedAt":1708590282892,"integrity":"sha512-vQz1ImFqAE/EDxFh3oENV1XXikW38F9pkSdTvS0/GqGZtC9ypZCR2cw5vRaDJz4lcSq7wAgGSuPg6JLt3ZczXA==","mode":420,"size":112260},"README.md":{"checkedAt":1708590282893,"integrity":"sha512-B3k/4WD0yrrV7Q1N1u9bWAaAbK/vNiO82+P3hdFIq2hP5+aI1T2Wm2Fc5yY9rw0eJnx5Yz3dE2oMu9s5RmLm6Q==","mode":420,"size":39426},"dist/commonjs/index.d.ts":{"checkedAt":1708590282893,"integrity":"sha512-gnPq6u/NYPekFJny8zqdZngFCddLFyWQDuJMGhqSHi3wAbFkK6i/mKEAsLahFrGCJLe6H3YFYZgVwRkWHKYEzg==","mode":420,"size":33342},"dist/esm/index.d.ts":{"checkedAt":1708590282893,"integrity":"sha512-gnPq6u/NYPekFJny8zqdZngFCddLFyWQDuJMGhqSHi3wAbFkK6i/mKEAsLahFrGCJLe6H3YFYZgVwRkWHKYEzg==","mode":420,"size":33342}}}