{"files":{"package.json":{"checkedAt":1708590283626,"integrity":"sha512-dfIO9YdjmEgXY9mmYRHeHWJw1b5IeXi/bo0J4Nv9JkktYel3do2Ma/DnQTnvLhz0BnuSYQw2oD9Ilq6XyJuaVg==","mode":420,"size":1598},"index.js":{"checkedAt":1708590283627,"integrity":"sha512-jDaO9L4ZgUkD1F0QT5kepwzEwU38p/7GD1kl6tjRzSz4gR2FJWaH4ZC1Jd6k+Jv4CaeMcqwSvdCx/mcoQdOiZQ==","mode":420,"size":1188},"LICENSE":{"checkedAt":1708590275706,"integrity":"sha512-tvfTdJiWJDiFPpsR/I9WZSs0oBmhGFXq7UhlakT0rx9viP394eXYZoTSYAH9KLC6LQkxkGWAeqY2WHVWHwxwPQ==","mode":420,"size":1087},"README.md":{"checkedAt":1708590283628,"integrity":"sha512-WOOX6vxgVxiVQBNC+Z3Fz5rnBKypMIHd0VxK859W9Z7+eco04tlNMdD065McQCDgs9kyNzi1ed0765GI/BSNMg==","mode":420,"size":6449}}}