{"files":{"package.json":{"checkedAt":1708590285450,"integrity":"sha512-ZEvy+CtZDmwmMIb6XB9fKws27cCf4gMUWeLFdSt/iPgIv0evGQL13MYWyGE8VPoH1+LMdQVHpmxJ6UbRasty/A==","mode":420,"size":1214},"index.js":{"checkedAt":1708590285452,"integrity":"sha512-Qhbq20YRoh3ilf61FxiION4v0Jbj1qrrF04P04UEnccvY7yx9X+f46RAVGGjCWqMxwSaEHE9tDJSDAv/g5Lt6Q==","mode":420,"size":1665},"LICENSE":{"checkedAt":1708590285452,"integrity":"sha512-jnvaSjIA4hSV5eN6eLua9B10EPLRT30fzj0GIOSx5AvgPO2YTE13RpLbguqJpULNjolUrq8lkuw3MMz8FbWcbA==","mode":420,"size":1089},"README.md":{"checkedAt":1708590285453,"integrity":"sha512-ir/R92YmZjzqTcb+/WOZ4/UfmBTJNUazTKbiX8cEqG/ZE7K0MzSOEyWElCcNKOi5N+ink1MdAMTpVEbrQVDg6A==","mode":420,"size":4491}}}