{"files":{"package.json":{"checkedAt":1708590283689,"integrity":"sha512-yjPtF5tSQWGXUWsQj0RzZiQvcrMsvdwT426J00lYleIoYDymbHdZmeyrXwI7qoRjgiBgI6HjpCCpm6BwvjcYTg==","mode":420,"size":1381},"README.md":{"checkedAt":1708590283690,"integrity":"sha512-Bge7KkZSkR8xmT9MIfIv30nu4jCAlUKB+YlGJKHHCVbU0phYXc4/xO4xLuMh6RanfAEFGe4CCofOd8tKQuPnrA==","mode":420,"size":2821},"LICENSE":{"checkedAt":1708590283690,"integrity":"sha512-CnFEd+zu5cIdcJwcKPQ82LYbZN4zpDGBC4DxyXXSoxyA6Nq6K9d6CCYXQdosU9Fq96xELj21N/ZtmeEGcqlDPw==","mode":420,"size":1088},"index.js":{"checkedAt":1708590283691,"integrity":"sha512-US4oHtDvMEg0YO+F3OE2ZOCuwQg52PWCMEJQppH9Hzm6qZeP1mjH6/F0Nw97lNYORNAb2LAKZBkFGzQ8d9yHxg==","mode":420,"size":615}}}