{"files":{"lib/async/.eslintrc":{"checkedAt":1708590298202,"integrity":"sha512-S8DtE0hvGnkw/IsxQUVQqtPOSZWSkro9q8c+OjO1P02g1/I8Ldozh/AdNm9ChA1fwNSS+fYmLSMOHjPnjucgew==","mode":420,"size":53},"lib/operations/add_user.js":{"checkedAt":1708590298203,"integrity":"sha512-5En+V3qyG1FULINsmsyIoQCN3tIcv+bFvWpG1ARUHQ1x081IfHBZO1Jzrf4Y+ww8SLVEFlzoq5cDogZWKMXsTg==","mode":420,"size":2693},"lib/operations/admin_ops.js":{"checkedAt":1708590298204,"integrity":"sha512-AqEHZcRGpY4m3yRVCehWzmD6oIew6t/WfQXEm4hQ1neY+67Ir3VM8mnzQNwqNUarSKITr81EYA3jPcvTLzn0sw==","mode":420,"size":2411},"lib/admin.js":{"checkedAt":1708590298204,"integrity":"sha512-bIh01TDDZV0nujJWfyrokYb5msU0Rmkq3wvUfxA8+WCJaRBwUdX5RAkyx6SKWQQX007Zh8g2CCLvcKdV3JP2kg==","mode":420,"size":11669},"lib/operations/aggregate.js":{"checkedAt":1708590298205,"integrity":"sha512-4fWHF7zG58IqfrdSrgK8oPiwAbCDQxgv4YOajoWDGnuO/CCqzPqd4f9Akmi7byVglBnkoxGOadIcnLpKr9DYTQ==","mode":420,"size":2975},"lib/aggregation_cursor.js":{"checkedAt":1708590298206,"integrity":"sha512-5tucKINygh2Fe8VzALTVNNt167B/t+62y303YmjTPmoasOzhkG8XgXJth9RJ+4hkiZGCyvS0lJhVxw7vMPMGyA==","mode":420,"size":10785},"lib/apm.js":{"checkedAt":1708590298206,"integrity":"sha512-Vh8SDQtFyw/ozOW9YQ2kbgZB+2fGQQQvCkifORFF2TUO5XbOefhXgxsliIXPyFTqmlYf0gpCshHWTy90329SLA==","mode":420,"size":1002},"lib/core/connection/apm.js":{"checkedAt":1708590298208,"integrity":"sha512-FBKN5FVN2iHbQkP+K3JjVRs0A1GSp2M0WmMvhaEo8E4MRpg/Gd4VnCxaoNUnX42+vPePBvzBijG1zX621ytXGA==","mode":420,"size":4134},"lib/async/async_iterator.js":{"checkedAt":1708590298209,"integrity":"sha512-dKDZttI4BfzcNdH2e1Lu+I/2hqwlk3BULZWNrLR9iuJnEpX5BgJz4dzy4/BidsPnV3yMz8bPZDYid41LSYtStA==","mode":420,"size":670},"lib/core/auth/auth_provider.js":{"checkedAt":1708590298210,"integrity":"sha512-N/nzEI80p5KPTgNpv/eYFsZFCooD/nBKo18hUfmPEz0PIr2O0/MlIQ7Ix7cu5PrqcUZulX8dLUFOP8xbGqsMww==","mode":420,"size":1677},"lib/operations/bulk_write.js":{"checkedAt":1708590298211,"integrity":"sha512-DOKRFLEK0Up5bsFq6lBpRi/6ulesc4wlEpnIBTBS0z76qBUbqzPW3haWHohg5BQh/+DNFDQ+Co3/56uQRBQWNw==","mode":420,"size":2446},"lib/change_stream.js":{"checkedAt":1708590298212,"integrity":"sha512-CwlF539TZpV+mF6bRnj23YYSGq1gEICzUfJb8SsNxMOgBLxoMg6ImMssWyedzgA3l02mtyCe3XfBZvSgl8QM/g==","mode":420,"size":20706},"lib/gridfs/chunk.js":{"checkedAt":1708590298213,"integrity":"sha512-QwSiZq/ubUH6pbSOj+a+27lWuM9EnLM4DhV1XCmsiGSjGHS4u3uOeG3GIqdzXTQL8aO5LTfx0nCuyN9D/mHBag==","mode":420,"size":7205},"lib/operations/collection_ops.js":{"checkedAt":1708590298214,"integrity":"sha512-YwVZ2/y5lSSRja6VROeTbZ249QV2h/ZVIHfGjoyU2M3/0h8lKb6Daz6Wc8Q7Krxu1Vfp6j+1Am9zxynwOvlhAw==","mode":420,"size":12929},"lib/collection.js":{"checkedAt":1708590298215,"integrity":"sha512-LwbPMBmFZM6V4WQHWbWiVZszqNAvpeZ56FRsUlZDiEfSdJ2nnKXvdZd8Q5jatxK5gX3cati7SrOWN3YtqCiBSw==","mode":420,"size":114508},"lib/operations/collections.js":{"checkedAt":1708590298216,"integrity":"sha512-ObMOeW0YXnTwUEu5d0vON/xSIT9EDIDciM2Rn7rzMD1Wltkd+GxMRmr7l22qCPFYTl2Yi6eY8FfBK7rED6rr8A==","mode":420,"size":1288},"lib/command_cursor.js":{"checkedAt":1708590298217,"integrity":"sha512-faQK5/6xw62M07BUDnSJ92PqONZuuhkYmLFNz3D8g5q0G+GtC/rULvEVtqkSkI9J+Y2LXr2WpvV+XfcOOqHNsA==","mode":420,"size":8005},"lib/core/connection/command_result.js":{"checkedAt":1708590298218,"integrity":"sha512-BmOejWOMcsY/bo5OCNC3TwaZYfKYAW0I2Lfo6S8N4hdy757jhnBP/RMMLMNUMVPWoxBBzPgUoeh3y531SfM12w==","mode":420,"size":825},"lib/command_utils.js":{"checkedAt":1708590298219,"integrity":"sha512-pTUN7VImGKdkG1jjF7ua+kKzcUfBkwVYSdXdAzPPUII3PH/iUOPQ8vNzSEHKti9wBq/D9lLmYLWimT9ajbHZyw==","mode":420,"size":3327},"lib/operations/command_v2.js":{"checkedAt":1708590298220,"integrity":"sha512-vrmbE0kh838lQj1X+QFqUhN3zOgEzWU60+jHEFMrfONp2sxX5Z2GZRNBbA/KakW0wvu7qI6vJKjBkkTIgMC+Yg==","mode":420,"size":4317},"lib/core/wireprotocol/command.js":{"checkedAt":1708590298221,"integrity":"sha512-dbfN+ZvSoEDOnJ/0Rly+hZFHvTTww1cGMkXHNqg0OELWED2+2i0hcUQAu5A13+g7i/7IS6jYff/AIsLzQS9rxw==","mode":420,"size":6028},"lib/operations/command.js":{"checkedAt":1708590298222,"integrity":"sha512-/f4O1tjIcJvrP5uEDOb7dHrHFz6raMgE6mogOLCFQTubX1ZocOfUl0kgBv745GHGNJfnEWuvae9Mm4Yg8inm5g==","mode":420,"size":3445},"lib/core/connection/commands.js":{"checkedAt":1708590298223,"integrity":"sha512-RO/neFjE2vin+Tk9SYuUoB1+CoXVXQWgOeTw45Umu2FB2/17/gEuxXsSQyh0tRgTC+PDhPpjKGFsDfD12DbfWA==","mode":420,"size":16304},"lib/operations/common_functions.js":{"checkedAt":1708590298223,"integrity":"sha512-k6GzzRRVvFx6igxbsvrtebZyLioK1XHxWKcWuHzmRIhjvG/9XmufsmLq6QsRO+1UrmV6XSHzkK+x0uoVy8sPgg==","mode":420,"size":13491},"lib/bulk/common.js":{"checkedAt":1708590298224,"integrity":"sha512-Q6vTLYx9tMjMD7qYjcUdphV55GhMWFKp8vzBUHPXrkqj7Lxwg8hou/obcATWXBN1DzbDJx9ajlOM0kZ6Nhud1Q==","mode":420,"size":40339},"lib/core/sdam/common.js":{"checkedAt":1708590298225,"integrity":"sha512-SpCXAqZetaOgDqUsleIfIf352K+MlbykXotvRTUY6Yog1kT8hLn64WA4QdE6Ah7905OOMuZM7dTPhkYcrlfo5g==","mode":420,"size":1604},"lib/core/wireprotocol/compression.js":{"checkedAt":1708590298226,"integrity":"sha512-uyQWIS8JexdcPE4DB2n4+JazD5l2lyd8RGhyWxVqYjyk3CpjIiGLbobacLCkppIwQFsJO/SOExGdWBcx3Hy30A==","mode":420,"size":1773},"lib/core/connection/connect.js":{"checkedAt":1708590298227,"integrity":"sha512-7bRYWBnscNIAJ2Ui0MXw0/0eShkksTudFDQRZ7uy2+N/DgsTlSJTErxYv/B7MysOtJbanrJXEtUKrbDSTejhmA==","mode":420,"size":12072},"lib/operations/connect.js":{"checkedAt":1708590298228,"integrity":"sha512-0oll40Dp4SHHejrclqA30ohMIqZDgYfFnaTlfDyA5VaQTTfqsYMt2kG9Uzi11nXnleEoplxAeabbEAc6N0F4zw==","mode":420,"size":22402},"lib/cmap/connection_pool.js":{"checkedAt":1708590298229,"integrity":"sha512-EdL65k62ndmGskkOure4VnzqqRqm1lOBFVcSp72IdW2sP2qHSdZx3x+k0WXEY4GBlHXWknr1chq/W9ikJu7aMw==","mode":420,"size":17741},"lib/cmap/connection.js":{"checkedAt":1708590298230,"integrity":"sha512-pcFMKFvwSpMpaKSOBMIU/bgyLLVzAKVxIDO5M14wJTYyhwltbinjyYrkAQGalkkV/bL+g7nAOjOrA4fKpEtKig==","mode":420,"size":12457},"lib/core/connection/connection.js":{"checkedAt":1708590298231,"integrity":"sha512-rZhLzrK2Xacw4LIciqFh6l9vn6MKTye9gvGkfZTIscHNfDaRopEenoz7fn2J1X3z2HAWsMROJiPmGqdv2qs76A==","mode":420,"size":21641},"lib/constants.js":{"checkedAt":1708590298232,"integrity":"sha512-LiXdDEAMPAUAveyJ75r1BUcPdYK8AG46fTERYoWewMclIda+gPi6IHXu0Aonl042pqsdf4AIBhaeYxLjlF4/cQ==","mode":420,"size":296},"lib/core/wireprotocol/constants.js":{"checkedAt":1708590298233,"integrity":"sha512-eK8Q7j2FEvFlKtDB+ux+1GjIBaBZVV8QGOYs/sbQpS7iej+3lUpgSmcvCWPGi38N9rPtKg715NUSbUXl30Dr7g==","mode":420,"size":326},"lib/operations/count_documents.js":{"checkedAt":1708590298234,"integrity":"sha512-v+K424VXF3wGhuzSAK2bfWfVDHmd5FCPPCZfSDdsh08sTBf+NzcQyr06kz9FbcqR3qVx1tzqxUeiAtQfecsKUw==","mode":420,"size":1060},"lib/operations/count.js":{"checkedAt":1708590298234,"integrity":"sha512-ZtOQFosOLXGGeEE0vOjIT7r+Be2biYVEDYKhBPKFSfKI0CMkmmzKXk0eDmxSLWLeDwd4MZkdPKMGDPE96KLyuw==","mode":420,"size":1839},"lib/operations/create_collection.js":{"checkedAt":1708590298235,"integrity":"sha512-MQuDalbvpJucAHxExz2IIPkSJUyGioY+w9dfQCbYR5ALQ7y7JJbOkjtStXvbTCKEdvH2grXu/O5GrTg42i/5dw==","mode":420,"size":2495},"lib/operations/create_indexes.js":{"checkedAt":1708590298236,"integrity":"sha512-c6kHuWFZONhFkny6ORRM/qBs7fvvnYm1hBkf7r4hFBeB8FAziCLifXiDjopUhQ3bFWPm7Lgpk3tKuVNInOm7eg==","mode":420,"size":3774},"lib/operations/cursor_ops.js":{"checkedAt":1708590298237,"integrity":"sha512-fMomPPc5WY1DBhQgKK/KyAsgxt/D1mQ5rAkCESMI0YwsfXmCbVrBzXU65WsED9qXltb7kngpvIWSjNrbgYwrnA==","mode":420,"size":4820},"lib/core/cursor.js":{"checkedAt":1708590298238,"integrity":"sha512-2KXRjue9dey2dHcbcPOo7G/YoFwO95b5YeBr9aMN5c78kDCK8bp2fG7Yhl5PneROFT4VJSJqCliqBLu5dyKOlg==","mode":420,"size":26285},"lib/cursor.js":{"checkedAt":1708590298239,"integrity":"sha512-T3O5dJ+xuq77PRCCDzBrxucrCEpNdoYvIa+3xqteHsudMMFi1tHA0z5TkCj2pJLBawX4M5Sk/J1FBSAHzhuRSA==","mode":420,"size":37182},"lib/operations/db_ops.js":{"checkedAt":1708590298240,"integrity":"sha512-lwcJANerzvD4KCq5Qq0/ddZB+nHrd2kvaWA/kDqaAJUfjGYoNL7p93pCsMGsNc/UrZyMS+iFW73oz6R6hYqH9g==","mode":420,"size":16937},"lib/db.js":{"checkedAt":1708590298241,"integrity":"sha512-ZP4An6mbO6iVnK9Rb4u0LvIyLiwxvqiXtkzAd+BhiUfaCM3Qxsz0yjxklEhviDQzTvanbkcqO8gqAYouFb3N3A==","mode":420,"size":49501},"lib/core/auth/defaultAuthProviders.js":{"checkedAt":1708590298243,"integrity":"sha512-Heb9/nvUsaWU/RvWJPzzX23dWeZ7cYcMXsJctUo8+SDj8xnlGzMuoXgrsyvp/ssx7H5P6o2/08wEg+4H5evTxA==","mode":420,"size":798},"lib/operations/delete_many.js":{"checkedAt":1708590298243,"integrity":"sha512-+S1SutHKReD5s3dctDCI5gEp4IsrZZZIsmBHG4SvUvQkG+SMG5NfzLvqodr55Sqm4jI10IXgw3XIGi+AmcmEfw==","mode":420,"size":1110},"lib/operations/delete_one.js":{"checkedAt":1708590298244,"integrity":"sha512-ct8xh/mXcv+mCJD3OiCaiumjtXiJNObL8xWxkiFZnnVVTpU7zKLK3/vuFkqNBg+BKie/w4rznWpuv6MN+7kCpg==","mode":420,"size":1106},"lib/operations/distinct.js":{"checkedAt":1708590298245,"integrity":"sha512-bULTLlcVPXaj/E9XZQ2yp1Pm275Z/yZ2gx4rZ2erS0E4cMvuYzqxEVz5BQ7xGuUSOcMH3S+BsWvxR0iBuO8/yQ==","mode":420,"size":2820},"lib/gridfs-stream/download.js":{"checkedAt":1708590298246,"integrity":"sha512-eYjZhGscJ7XTANLaQ1SBZr0a7i0BL1cteV3Y39yRR+rIEl0owGQmds6cvfZbNHDvrYl3kWpoHS4vyrVL7GADGQ==","mode":420,"size":10941},"lib/operations/drop_index.js":{"checkedAt":1708590298247,"integrity":"sha512-aKNgcK8kwoSjBEFrTq8lrMHAWPUg2wCwPrVOoEquBG2D8R9aM0vFG8jvoRc3jA5HPgk/D5TAiuHYFZMPGePapQ==","mode":420,"size":1230},"lib/operations/drop_indexes.js":{"checkedAt":1708590298248,"integrity":"sha512-Q+ohXV2yB5cry2HpBlCGDxz80xcu8juH29vPqdCqtFlpgBiLOMgnqP7A/1BqE4e07T6BpWXpG1+7C7JlsIxZlg==","mode":420,"size":637},"lib/operations/drop.js":{"checkedAt":1708590298249,"integrity":"sha512-rk/eJqkJbh1mrieXohZSFG8RJA3Tui+F8cCID+gbND0ZQH4cOrAWMlK3bLUVnejGI2CgNzJ4i4pF8oeo9YyEKA==","mode":420,"size":1228},"lib/dynamic_loaders.js":{"checkedAt":1708590298250,"integrity":"sha512-249y+I0xUH6w5YIatbHdMMULXGy/6qZAMaMoWXZH0B6Tqt6Q3A08whdo6tKqgBaabYV74qK/46CEBqdhNOARpA==","mode":420,"size":412},"lib/encrypter.js":{"checkedAt":1708590298251,"integrity":"sha512-EM+HLucIV5XOdcyIzaYcDndxE5oPcC+gTJGEjB0P9P9P7cxsx4iOzijZcvEkVzJ6Zt4Qjmc2n0estI4EOnjo+Q==","mode":420,"size":4662},"lib/error_codes.js":{"checkedAt":1708590298252,"integrity":"sha512-P7ebTx0RLLKkjoXJpf1jTAQQ22F9tPO3jQtK/7Fhrx7VPOROrKFhCd+IWfy3AXTjhofJAE4CEZHmbqkFRVujCA==","mode":420,"size":929},"lib/core/error.js":{"checkedAt":1708590298253,"integrity":"sha512-vpXysjPEg10NIgN7dSq7aqvd5Ds1iXF92HiF/WwIPFZY0gv5M487L23bha88BwwJmDJNZA7mio89IrKWQlWxMw==","mode":420,"size":10021},"lib/error.js":{"checkedAt":1708590298254,"integrity":"sha512-A0S/WrndrP+j5CapucZW3QskvoWsk5Zpj/kT7g2hIGAfepZYeELcRk0ZVUd913Ml8zGM9OqOIWEWMyH4hNzaEA==","mode":420,"size":1679},"lib/cmap/errors.js":{"checkedAt":1708590298255,"integrity":"sha512-8rzS1gGwEEao92gpwaI7PNE6FuuIYyX3+SkD8HttAg/HSvzFJ0Y2q2KnpUpxg65/YLNp8L0AuRYxiR1TF7BV8g==","mode":420,"size":912},"lib/operations/estimated_document_count.js":{"checkedAt":1708590298256,"integrity":"sha512-tRay5x66Dc7F7NIA8xnByM+Up9dTrdXOxUA0crMeWakW0VYk6228CY8wq3RrsXkc0rWIt4MxToS045cjkM0xHQ==","mode":420,"size":2516},"lib/cmap/events.js":{"checkedAt":1708590298257,"integrity":"sha512-nZ0AKQcqj6QX56d1bfPS6RZrqTSmJ/TRwxCEndGLMPT6F8DRguYXM2W34YG6+9OIXFu+8fQsyVm3Hh+BNNKarA==","mode":420,"size":3836},"lib/core/sdam/events.js":{"checkedAt":1708590298258,"integrity":"sha512-rN1ohYnR3l3XGGPWDWjiVu9XNAxEE2Npzqj1D59GYaTrXAcxW47rqEi7hx6eptZ9MqEr61dVQxn/3RKYoSykgw==","mode":420,"size":3645},"lib/operations/execute_db_admin_command.js":{"checkedAt":1708590298259,"integrity":"sha512-+8KJyJREjtbVPMnUrVChZne4zO+223kaxdse+PLDDTsbyxh6SZJ8Rlwah6/uPVH9WyLhqno/+4mApVMSpm1Q8g==","mode":420,"size":1026},"lib/operations/execute_operation.js":{"checkedAt":1708590298260,"integrity":"sha512-1eiv34fHzNO+FZpnjlL4BF/JaLLFH0NK7E3fHY7JmI+kKBXWkPAP05T+ysZr5sk1O3mAMQviPSB+BobK0OebEw==","mode":420,"size":5378},"lib/explain.js":{"checkedAt":1708590298261,"integrity":"sha512-IklNmmYpc7We0h0FqWSudQe43Uq4NFUJLArFVnbwRk5ec1ggh93xqpjL3FS1bAUyQC9uB3zSal3Nl/oVLv1GZw==","mode":420,"size":1488},"lib/operations/find_and_modify.js":{"checkedAt":1708590298262,"integrity":"sha512-kD58yHYmNP4uLNVqd7zw7xbC6RdFXTYNEDkLzAdIbRp0m2w2oXoXSvBAC+q9G26phMIyURV7+4znSO75p5/fqg==","mode":420,"size":4092},"lib/operations/find_one_and_delete.js":{"checkedAt":1708590298263,"integrity":"sha512-UsTVAxJuWeDh37zez1z6c3LAJOQRRkS/T1xAHtPcrUnBW/h9ztMrcGRuQgp9MHd3HMlFY+6hpRkZhRnkjMbCTA==","mode":420,"size":613},"lib/operations/find_one_and_replace.js":{"checkedAt":1708590298264,"integrity":"sha512-tbulXBiGUzWqpZaZbXV0e2bJuPRzu88jw6Mu6HXb0xLyeqgjVX+4Ia6DwUOcIvt7ww7d5rrhVMtp8UimqMxVyw==","mode":420,"size":1379},"lib/operations/find_one_and_update.js":{"checkedAt":1708590298265,"integrity":"sha512-hJJSgDNbKHMde3xB5ZdOj5kxkXnOZmknGDjsqemPSvOIXq55FnyLDK7iNDNunTatN55YG7U7XF7bh+m8tiq3DA==","mode":420,"size":1334},"lib/operations/find_one.js":{"checkedAt":1708590298266,"integrity":"sha512-HMjbQDFOe0PyiEO6/5cr8xftWsmJnAcEObqLp8kj5PmF9AcZxp992F+2432gh4WIy/fiQ3RfLDkjkR4C4x3qAQ==","mode":420,"size":1026},"lib/operations/find.js":{"checkedAt":1708590298267,"integrity":"sha512-Mtrr70/+TBKqmsjlx2Q9c8JGsp50YMSI+TgOClAsXbEvDOOw4VW9w9eShwdE75sLO4rBi1N6f/yTNT/+N8z/wg==","mode":420,"size":1586},"lib/operations/geo_haystack_search.js":{"checkedAt":1708590298268,"integrity":"sha512-6DewOwEx0WOAmiIwUFfPeXjrktvEQtI3PzLgJ1qtcK9yNgzdzblDAPRLoQG0n5Q3fXl6V2pxB3Kt5/Xn/VXRgw==","mode":420,"size":2946},"lib/core/wireprotocol/get_more.js":{"checkedAt":1708590298269,"integrity":"sha512-qGgXHgsFtcDLtSgvbbwXqW8IKi/G2OPOkeCa0heN2tvbHjCr6nQXu3UYLvgX42t5SoEfgrvuBIjrNVKt2luEvQ==","mode":420,"size":2926},"lib/gridfs/grid_store.js":{"checkedAt":1708590298270,"integrity":"sha512-PIrpGzqsQNgCIi4a3X+VpeL5LtwqAlnwfFSTXeT3RYiMCt0qB/CtR9CX1NSwu8WYhqCYYyNH8crnVw5bdpwWEQ==","mode":420,"size":66583},"lib/core/auth/gssapi.js":{"checkedAt":1708590298271,"integrity":"sha512-mLMyx16oqIe40G5K0nuDVnw8GxWmOnqCyvnaXhRINb05orI68jzmQ2N6Cjk3pj8Wb1gdnKJInBKbqtHe4EioyQ==","mode":420,"size":4885},"lib/operations/index_exists.js":{"checkedAt":1708590298272,"integrity":"sha512-vrlkQF9w7XCRziU9UV8g3bYXl5ho6OjP9o3q3pE3hku6jrOF2BWIWi9TrCsZT4V5LqVQlIJGb3uReZ12e9Lpuw==","mode":420,"size":1215},"lib/operations/index_information.js":{"checkedAt":1708590298273,"integrity":"sha512-BSN6F1WSg8a0zDmbiEsnxeKF2JApuLPiPuLWP9UR8xlT9xbZqOT54tVpvZbvVFY0YooEaHRUw3w64LuavNat0g==","mode":420,"size":517},"index.js":{"checkedAt":1708590298274,"integrity":"sha512-8A8SfrTsHQ2btKik5dX72ihwKIz0auCN2rcdJNXd0+gTx9up9LQqStIkhDX1fEuXI+UBUv24IOd+EeQuQ1orPw==","mode":420,"size":2695},"lib/core/index.js":{"checkedAt":1708590298275,"integrity":"sha512-y6iB/NeqKCxhcZT4PO3DcA3HA5TCBs1TdGmGxvwe5XY8pJRGyMd7c/p/AaxSztwWq32nHlUP12JmXyT7Fajhsw==","mode":420,"size":2159},"lib/core/wireprotocol/index.js":{"checkedAt":1708590298276,"integrity":"sha512-pT1JoGuUCEr+CzkUFnOisP7bAjulIqX2UJ4aVQDgYCv8z9/+FEmwNu0mAhVZwMKc9/YD41AauibEEP0gcA9rpA==","mode":420,"size":657},"lib/gridfs-stream/index.js":{"checkedAt":1708590298277,"integrity":"sha512-o0z/SUyR4h3tD4zk8pN61lgW6CvHmNzFlovkecoGS8wV1X6RkrhVjYpxUQshWAeYXqaITB+kDxDamVOqpeW3TQ==","mode":420,"size":11750},"lib/operations/indexes.js":{"checkedAt":1708590298278,"integrity":"sha512-VMTa0mtcgwyZVHYPq104tPmBZaVMxkSFJi3bzTPe/eRx3vJE9e7HyX4OFP369q1skloOYh1XVn5Um+xFdjck4A==","mode":420,"size":555},"lib/operations/insert_many.js":{"checkedAt":1708590298279,"integrity":"sha512-WhCGZXrDas6eEXMRSfgMfzgTzhHnRXktTJ6Cw0Is7GGUvdg625OD0/lF+TB4ltlJp5uYiOe3qZ/W/2NJ4AnMlA==","mode":420,"size":1585},"lib/operations/insert_one.js":{"checkedAt":1708590298281,"integrity":"sha512-iKaMWmT7GXVjDpAdjrQumydowUhqjM+IiKJxErxRIe1F8ewl4HWLo2p4Y/ijK9tmCMX7htV25DVLZqT8EUPCvg==","mode":420,"size":1114},"lib/operations/is_capped.js":{"checkedAt":1708590298281,"integrity":"sha512-uYJ46jFbbUh4vjJ8E7zOBkUYBiENG+zc92+WLKBg92DenAGOEVg84FTSNFZAJeuCKhldLK0cuVXS0NYXGejfWA==","mode":420,"size":493},"lib/core/wireprotocol/kill_cursors.js":{"checkedAt":1708590298282,"integrity":"sha512-Ax1yt0kjJkFId+AbzEdXy24obDSMfeSyq9L+Tab35PFRL2CvZrqMOiZ4RibP65y4Bs0gUvv+fGbN8v06f+8QEA==","mode":420,"size":2131},"lib/operations/list_collections.js":{"checkedAt":1708590298283,"integrity":"sha512-iNBEbQouK5ZrvP0P8CEli5pMlYZCU2k5fW1QFrClysi8qoUkb5Hzh+6zTmWdhrIrBXVJZC5avbCqu1QXTViLkg==","mode":420,"size":2930},"lib/operations/list_databases.js":{"checkedAt":1708590298284,"integrity":"sha512-SCPr2nYl7mVyIKYoJJmwyJwtNgeaeSTVt2zwneA7ckCDU41Fk6hhS1d4WCgCqS/IolOoYJwiZwLWwyaGM2t37g==","mode":420,"size":992},"lib/operations/list_indexes.js":{"checkedAt":1708590298285,"integrity":"sha512-k0cyzH/6MGVgS3IzroLKjhvA0qSgKdOaFMnfsSXU1xoUKT+/K72QZkiWuLqOhAQzOicY7+i2s72+zOypviZtVg==","mode":420,"size":1295},"lib/core/connection/logger.js":{"checkedAt":1708590298286,"integrity":"sha512-TIlV85lSWizZGiZ3SozIuzQmIegNnWLLGWaM6sWkll7zwEGEEMNa2o08qzW9V5v7HP7o4iFqVqyv3EP1cLXr7A==","mode":420,"size":6793},"lib/operations/map_reduce.js":{"checkedAt":1708590298287,"integrity":"sha512-v4HjRQXX6IOst/Q5xB8+UW8BlQIsAwng16X57jhp0+RrxUhitwN/X0NoYQIXsOu3EUBppxJIux78/g7ue4iVqQ==","mode":420,"size":6693},"lib/cmap/message_stream.js":{"checkedAt":1708590298288,"integrity":"sha512-s54p96wCQgKyLylei1IJSoQZ6EH1oFy1NwZWcAOW+Ih/RKqy2r7SlMwwUuCK9HOETLNV9QbgS12LBlAFSep18g==","mode":420,"size":6690},"lib/mongo_client.js":{"checkedAt":1708590298290,"integrity":"sha512-Dc1ge3MMu7C3oHL5Xzclkf0D6gZv1WSs3shukx40AaleI1J8Kip0IA+XQIShf/f3NGxGr4fh9/dRJy9t+CoFEA==","mode":420,"size":28233},"lib/core/auth/mongo_credentials.js":{"checkedAt":1708590298291,"integrity":"sha512-KRWnnL3PKhuIOirz/Dfs08FzpPFNQIeaz04iSMwCTKwNRPSoE7U9HKu/sv5uM449CwV7n/hhWGMgR1QPw+QR2A==","mode":420,"size":3788},"lib/core/auth/mongocr.js":{"checkedAt":1708590298291,"integrity":"sha512-SgEc5eNbX4tbR6WRy6kbsJ9IebkSXcU+Hsiyye5wblzGRW6js+6LkvrZJqKkacW3CMgnUm3jkQYsrVvBPR/HwA==","mode":420,"size":1269},"lib/core/auth/mongodb_aws.js":{"checkedAt":1708590298292,"integrity":"sha512-iUhJS0wDhKNkhlTAUWd3ae5HsljNXLOPZ+AisvV783fDvYF96b9zAZb1IjewQXpoPPJA9D1pJa9I4gdi7wbhbQ==","mode":420,"size":7145},"lib/core/topologies/mongos.js":{"checkedAt":1708590298294,"integrity":"sha512-AQB3XRmu9mBMJ0RiRSjovlxXG4gzVCna1+sNQVufi2jo9gHuGf1nUapBqTFHsnO4DUDDe4yzlQcTTq/1DproZA==","mode":420,"size":42747},"lib/topologies/mongos.js":{"checkedAt":1708590298295,"integrity":"sha512-ynQtkHT7r5WSEC+G7XJQu88CpwNBjR3Yf513MBbiQkjNU5jMDIkqK1yJ9GmdL4IEIXNqWmVm6SxFEFaULNHdJQ==","mode":420,"size":14745},"lib/core/sdam/monitor.js":{"checkedAt":1708590298295,"integrity":"sha512-eNL18HxCP3VoQ5OsD9skS4hRgB4fKOuu2swig/t4a5ze4UYrGMWk7ppdQxnmwd+LhtX6C1CcIj6fZOP+VhRh7w==","mode":420,"size":12194},"lib/core/connection/msg.js":{"checkedAt":1708590298297,"integrity":"sha512-Hjw9MK5wrz3Nzz84Oraf0x9veK8IIuEcsbcIUFvHvzJixGv7FB8sGMlaUVbjYv48EFGbz29klihxZjzAaTN1Bw==","mode":420,"size":7156},"lib/topologies/native_topology.js":{"checkedAt":1708590298297,"integrity":"sha512-R1IPLVJ/PKsGuFZSLPZoEmGy5y1tZHJP3vM8t9udTVbkUuzZEbwXQLW+vhNyVG002776ploXXuRzsrHKbAOiuA==","mode":420,"size":2385},"lib/operations/operation.js":{"checkedAt":1708590298298,"integrity":"sha512-dEs9PI0ilBLA+LVb8+eZ58BjbrARbdKA6Q5b1v2QeAuJlkgsT4nvcWTFAeypZxMg3HUTx+XzzKvUva1RAt7KPw==","mode":420,"size":1844},"lib/operations/options_operation.js":{"checkedAt":1708590298299,"integrity":"sha512-cP2p+Hi8TicZxbfHtUpgmSLELAsk0sD1LwLlDAcUq4g99mpkBY5pwzUzLxSI4/5O/VuTdkV9GYe1oP35ITrIRw==","mode":420,"size":894},"lib/bulk/ordered.js":{"checkedAt":1708590298300,"integrity":"sha512-8L/RdYBbIsmhK+QU9RQffyLmYDUNu6aNyZ7I9IZ42btsDRb0rh+/IHtA8lOQqMqF8pu74B3lxCK7bbbUNb6zlA==","mode":420,"size":3755},"lib/core/auth/plain.js":{"checkedAt":1708590298301,"integrity":"sha512-OBmq8ZdBMqZHED6Oq9CShTxTVKod48fqGKntHjnFYSZsHr978By2xMG3lPB91p/ze1Uh7hednrbGu2TJi9Ol5g==","mode":420,"size":792},"lib/core/connection/pool.js":{"checkedAt":1708590298302,"integrity":"sha512-amKHUL5xAve6FkLnDrX4A2Nt3hImKEToi9NMNcSl9fzf8DwHJx9OZO6eOm/4tBVY1DJ3w8Bcwh+nUOm/gQLmvQ==","mode":420,"size":38040},"lib/operations/profiling_level.js":{"checkedAt":1708590298303,"integrity":"sha512-yLmoPn4pJDMJSLO8Y1/ENtslVYVij8MynNPWo6g7vjUUOUXMEz9SVHAULA5JAmCV+l3Rm62L9KpEjjOUZfnHZg==","mode":420,"size":831},"lib/core/wireprotocol/query.js":{"checkedAt":1708590298304,"integrity":"sha512-3GJlTptSwz+iikGx6fOPkeQRpqyEgdoW/2oLHymPTHUnv7Z0GSqcsZh6yhd0ubRGN7n27dZDy7w6nSdqh21Xvw==","mode":420,"size":7945},"lib/operations/re_index.js":{"checkedAt":1708590298305,"integrity":"sha512-n/KPx+FrBBQHySNT9KktpSwur7FDTsw8NDhdxkrgguB6RC0bkGykQqYo4eAW+hsfkojXg4zrZ5OlAeigALNX2Q==","mode":420,"size":1022},"lib/read_concern.js":{"checkedAt":1708590298306,"integrity":"sha512-pIwuuM2iIlhkQH0X4NarviWzugHK16h3ApOKZSbBTfr5heWYokL+t2qPoBZ5e7OnPSDcLESaWV4AW1J5nF+iIQ==","mode":420,"size":1333},"lib/core/topologies/read_preference.js":{"checkedAt":1708590298307,"integrity":"sha512-yrM/nfeZED52xEQjMp96ixYya2MRUoO13VGPLRkWwMzWcRcDeXfPNadj4xaLf+9TPPNz8/C8nN3H7E0h1iJsnQ==","mode":420,"size":8979},"lib/operations/remove_user.js":{"checkedAt":1708590298308,"integrity":"sha512-UMGcY14bHZhjEVvrCBBFuIcdXWzUzumPkxOvNXU578q4ToR+C0TL6BQcRu+6ZqHfCx/Ap9+qbHhWbJqYfOpZDw==","mode":420,"size":1336},"lib/operations/rename.js":{"checkedAt":1708590298309,"integrity":"sha512-+cvM4LUg5+1ZrjlYDKeFwNWt8QlUdUXeDwBoNR0Zzok9LJuSocFT5rAIxPda45I1pe+AX6pHg6Ssk1unywF4Pw==","mode":420,"size":2037},"lib/operations/replace_one.js":{"checkedAt":1708590298311,"integrity":"sha512-OodU61XOKQHdh3jsZ99F5XZ8Ng2iJDMH1vbTq14V6SLrOy0nZRKTKeGoQUREP1YHPLGaQuFnvEd+gpmmwerWmw==","mode":420,"size":1771},"lib/core/topologies/replset_state.js":{"checkedAt":1708590298312,"integrity":"sha512-s2GGHyz4ewzvICmfPS9fp/wItTulAsE+Sj4jGftNf75ZKYLGn5DQ+O6t5GuQAtLbcKfHrcb0JxYL+i8QgO/5QA==","mode":420,"size":32181},"lib/core/topologies/replset.js":{"checkedAt":1708590298313,"integrity":"sha512-JuqrEp1tccoeivCAjvpAqoBB/23UnvMAJvUs8FYmJ2LE4Fz457irAuc3dP9YfofI6bcogBdDhnYvCQXb+cHj4A==","mode":420,"size":49465},"lib/topologies/replset.js":{"checkedAt":1708590298314,"integrity":"sha512-3O50ykC/GNXWI8nBOILk1YDDYvN+uoRypbr4Tv+ZshQWQfSobeEZrFgWn9ytQfhnlmzgxOdAw0DOPzOkDm4DTw==","mode":420,"size":15935},"lib/operations/run_command.js":{"checkedAt":1708590298315,"integrity":"sha512-uKkut6FjE19wCdpj9vVuuMeWQirSOd9hNKVsUnyiW3buWMUqlUfYsPhwLsslTxhU3Hox5ixSGAbYDvozl3qZhQ==","mode":420,"size":588},"lib/core/auth/scram.js":{"checkedAt":1708590298316,"integrity":"sha512-ykTzx+jVxUVXDd702sUnwOc+BkJy1mCA1E+PNFsHkMlTwJzdxwcgoWUeS0vRD56L0l6SWxcrpjnmDWk7djkzDA==","mode":420,"size":9008},"lib/core/sdam/server_description.js":{"checkedAt":1708590298317,"integrity":"sha512-mkYJU7Yvu0DCz82qpxPmiZO0Dvrfc7eiZ3miMeEZ3zCfKvWzhp2hqhRysEXqPHCJZQf/Hj2C86tHsABfN1t4Sg==","mode":420,"size":6295},"lib/core/sdam/server_selection.js":{"checkedAt":1708590298317,"integrity":"sha512-zXL5QztOo+ZGLhtBsfNvXFLBZxK4KBNjbgRZpvAxMUXlnmkrGkZJGu6ulnoYzj3+jmzpAebZphZAelps2cd3Ag==","mode":420,"size":7710},"lib/core/sdam/server.js":{"checkedAt":1708590298318,"integrity":"sha512-U5N9PVm8xfarYtmxVLHNMuTBmuF/HRzua0NGJsXjQDdmUIM2w/6QB/x2wPqm/MJwdWj9VC5BeXaAPJPXgQptow==","mode":420,"size":18268},"lib/core/topologies/server.js":{"checkedAt":1708590298319,"integrity":"sha512-+aUa1zduNDy8MYUpC/sRWLGJEvCNouQUzC5y8+Qja2dvatlDn0tXNDvt5ACDjFD8BpuAAzY47B3Blhx0dwuyFQ==","mode":420,"size":31752},"lib/topologies/server.js":{"checkedAt":1708590298320,"integrity":"sha512-CBL/Yv85Xb4K0rxAFVnP/9tEoPajhXexDxg9Puwdb8vi+tHKKH1mUPRp/SelJoK3LkaXS6PaAze93+uurZ8yzA==","mode":420,"size":14727},"lib/core/sessions.js":{"checkedAt":1708590298321,"integrity":"sha512-2VyTmVyAbj4fj3lsNeaBLMqMgAaS1vNCg/mBIeGgVCdiLZCiTlp1TM4It9gDaJJtCF2LzZ7CHqahqZjsLpFjMg==","mode":420,"size":23913},"lib/operations/set_profiling_level.js":{"checkedAt":1708590298322,"integrity":"sha512-JNDC2dU+5qEmGMnjJ7YCQivIcROESPDc85tc1gn2eAOlEzx8vT4h1Bp31oKg5mmhcaEK47BS1gZ1rC4e546KCA==","mode":420,"size":1095},"lib/core/topologies/shared.js":{"checkedAt":1708590298323,"integrity":"sha512-PaB/yby4QmSlabBUZJTvrxPQIRessepR6X9rt4AD6wdX7eNBgJM15cJNxg6e2dN/OTGz5MSrvFifAykAP7jc9A==","mode":420,"size":11963},"lib/core/wireprotocol/shared.js":{"checkedAt":1708590298324,"integrity":"sha512-XMN1P8x543bz91iZacyibJS+ZjDoMatOl0by/27jj33+lrK33Oicv6PnF+4B5dKQtQuwQ3Mk+6xl1UQDMH3g2g==","mode":420,"size":3596},"lib/core/tools/smoke_plugin.js":{"checkedAt":1708590298325,"integrity":"sha512-8HXmGFrGs2LIiMAtocR3CvekhhbfzjOfnXGIaD2Ea9H6Sc/it7rwffJOVbv/go3NxR5RIJqxF+I+xOVNteS+xg==","mode":420,"size":1691},"lib/core/sdam/srv_polling.js":{"checkedAt":1708590298325,"integrity":"sha512-YT2MTXzEoZb7Mm0ip7RqaZBcCWID4roLv4m1CCT9wfOMFIr5qBGW4Png88uvqi6e0c4rmtBETPUddPa0oL6TRQ==","mode":420,"size":3328},"lib/operations/stats.js":{"checkedAt":1708590298327,"integrity":"sha512-fgoejok0Da9VyfChnIg8a6iKfC9RzauRAO4pZxDZlSN74zNQdQ9igUIj0MvdXxKX6r07ZV1dtZAi7MYyqmq0kA==","mode":420,"size":1161},"lib/cmap/stream_description.js":{"checkedAt":1708590298328,"integrity":"sha512-ediU3yRcKj2kG9oXj4I93zy2i+PpcDncruSVdD3RvOWKxKhc9wo5DkEIzvY6Ets3A/bjYAa8D2NkuCns3LkdJg==","mode":420,"size":1161},"lib/topologies/topology_base.js":{"checkedAt":1708590298329,"integrity":"sha512-6L/KAvGn+SokZeUTcZMgfVUu3Uf0niBD+NoRWVJMpMUjfHZWeFtc3/hrXtUl7U3YHpLMIHd7p0vOuGa5zurRpw==","mode":420,"size":11067},"lib/core/sdam/topology_description.js":{"checkedAt":1708590298330,"integrity":"sha512-8MLhE9m1c+fdF2hVQ2f0Ok7hEotW/4F4jLs8OoN/XaRqLyNMvCWJhuR8SY4sPay9cs8Jhwenl2n47FuOBbM5BQ==","mode":420,"size":14930},"lib/core/sdam/topology.js":{"checkedAt":1708590298331,"integrity":"sha512-Ui25Jy8qalqwrJD1977/93aTRriFp/FGhdNBN6bncHjJvBYqDbfPiz/TNkX2/BWt/+PsMUB/1fXfBuWn0CQPWg==","mode":420,"size":37644},"lib/core/transactions.js":{"checkedAt":1708590298332,"integrity":"sha512-dhjUdE6fqFwki43+MwE3cM79FQKbViA/CmTe8yoyxJHAEOwazSLyKnQQdEyw7qmzgHIEEq/heOpYhJpefV4PAA==","mode":420,"size":5275},"lib/bulk/unordered.js":{"checkedAt":1708590298333,"integrity":"sha512-7desjYJ6QIm1tqcgC1iDIm7yCb0zR1Ra6SPJm79UYi1JPCkMHMfj7AX1V8P6pVtAYh9CRrYFVFUSO6AizvG4Nw==","mode":420,"size":4688},"lib/operations/update_many.js":{"checkedAt":1708590298334,"integrity":"sha512-7+VEmSaMvxrDjsjDDqPKtNxJ7KXYjSrfhYLsBFv4N3DbTuNthv0s/lPNtfW+9IIhRUB/qcv4SdJQn4ghppHVxA==","mode":420,"size":1900},"lib/operations/update_one.js":{"checkedAt":1708590298335,"integrity":"sha512-RC3OAdqnA8XTb5UGW0UqUERMF3dNLNdEXPlO5I7EH/Hvjr3JTL6wQEIObiDNz7yCgSDt04SZHqAVQdqORYFipw==","mode":420,"size":1898},"lib/gridfs-stream/upload.js":{"checkedAt":1708590298336,"integrity":"sha512-y7bi0UIgvhVV73W29c8lrbB2M3h7v2bLqUcNZB20lcRDB91/3oJf10/Qr5HFMfwYswEz40sz2QHkeZ1gvVbfUA==","mode":420,"size":14167},"lib/core/uri_parser.js":{"checkedAt":1708590298337,"integrity":"sha512-zDp5l/UPqV5wBWXKACbYSMuwBLhFqDPrO4fe/uLEfeajVlQahVncF1Ob7OWCzA8x3fQWrQzbSwt48ZPwHOGVtg==","mode":420,"size":24128},"lib/url_parser.js":{"checkedAt":1708590298338,"integrity":"sha512-x8XEc0XpfHTF2FMeDRQwm8F1/R69ykwCrkItPRuPLa2L1uP4IbV8qJfFwvHvO4G6vRNVJwGfKjERHW9xjmxe/A==","mode":420,"size":21367},"lib/core/connection/utils.js":{"checkedAt":1708590298339,"integrity":"sha512-8AbKkD/9wkeuKoKTbUdn08/YDtJlOgsHEj8Xo67sQt76HsfE4YM87BVvvGTU/Huge3atP6+qeFHLYhBUxj8XjA==","mode":420,"size":2264},"lib/core/utils.js":{"checkedAt":1708590298340,"integrity":"sha512-X7EQ94Vv7S3gQ5sbJ105+WqUk2WhM7n5oPxGn88xLse4lUlDhvP1jh26a9KhYS+2C/GnFf+nurW616JEWuc3JA==","mode":420,"size":7061},"lib/utils.js":{"checkedAt":1708590298341,"integrity":"sha512-Qs3BPYsCKpRf8x3oQmHKFIcOdKtFuZ3RyIG9tV72qrdbB1Fn7aWTJwz/YcH6l1LCvwBF37CI6eSOhQRxDw3Itw==","mode":420,"size":27681},"lib/operations/validate_collection.js":{"checkedAt":1708590298342,"integrity":"sha512-fUO+scYNoyujATuS4JnSCI5ROLzFegdYPgZxd/+767dk1qEz1SiXGRQzJ8NxYszA8AvP3xw/PI35a8XzHxX55A==","mode":420,"size":1374},"lib/core/wireprotocol/write_command.js":{"checkedAt":1708590298343,"integrity":"sha512-V2IxH44vnX0xHMCulqUTwH19C2gJ1WzoBu6nuUcbUNYbs5lH84i2maVdhUx0ETlDaWCpUDp53wHCfbSa9Y4gxQ==","mode":420,"size":1800},"lib/write_concern.js":{"checkedAt":1708590298344,"integrity":"sha512-Qwcji5AhPRjCCYURihUyp98jQYs+HEJiBYWTF9H4MAP4ZSSd7rL6aPzzcn+IQO2g8H8VC6wFYmjkMpZbpbykfA==","mode":420,"size":2878},"lib/core/auth/x509.js":{"checkedAt":1708590298345,"integrity":"sha512-WaqRQzJNae+slbub2eZwzhFgcSV7LS90AMXQ1Nu/nwNbkECCZopmryxUEdsfBORouvzVrq6VimL11H1Q3X4K3w==","mode":420,"size":961},"package.json":{"checkedAt":1708590298346,"integrity":"sha512-TfgqXxopKyxdX4PYZ4h2iL7HB0tSRfdtHc7aVVGOB1UzpXTppe6nYRcXcIYeU7OSVsXUjGgN/+zJeiMoNsxkfA==","mode":420,"size":3027},"LICENSE.md":{"checkedAt":1708590298347,"integrity":"sha512-XTz22RSlPSOe3k3ZDS9pNnhTdDQOJTrHq5jIu3JvVW5aqXqt6tuGGviuMIPX9Gvk26l+RRwkdIOo2UvFWkYD4g==","mode":420,"size":11323},"README.md":{"checkedAt":1708590298348,"integrity":"sha512-ldXK/PDW/Ihbjfv0fFhc0sG0b89p2Wup31S/dOgZNHjFr30SB9fuXmP9TkETp3daBOi8QaeeadGsaeIE5TTDqA==","mode":420,"size":15094}}}