{"files":{"license":{"checkedAt":1708590277191,"integrity":"sha512-0fM2/ycrxrltyaBKfQ748Ck23VlPUUBgNAR47ldf4B1V/HoXTfWBSk+vcshGKwEpmOynu4mOP5o+hyBfuRNa8g==","mode":420,"size":1117},"index.js":{"checkedAt":1708590277191,"integrity":"sha512-z9Io/phTK0ciZKm40efwODvwPor7G3jhPOTWt3iVlvaM4qYk2hCZzCnLLxLAaE4jY3iS2CuC+MEWZ1UnvOzJYQ==","mode":493,"size":5778},"package.json":{"checkedAt":1708590277193,"integrity":"sha512-bJPZII21JhD6Uxx4b1hR8APXazhwuKMzpOYQub2pY84Y7QCNei4Cxy4gA8fYUGhpimXS4jzh3WdkdxdkdAmGzA==","mode":420,"size":1148},"readme.md":{"checkedAt":1708590277194,"integrity":"sha512-QMtrByIBLBCW2+/ZVcyJEjYqSYzuxoAyF2IihgqnQy2W64duZF6U9vw0cODdvtqmpzP4dBLOaHlfTUuOszoAsw==","mode":420,"size":2466},"index.d.ts":{"checkedAt":1708590277194,"integrity":"sha512-uXvmNGiVRZ9ZiEtEq8c5mqmoEb/7WYFvDTRMY/ikJtkywbC6BA4zDNffSqnojdMu404X/PCRhizaK/uTD4aMBQ==","mode":420,"size":1268}}}