{"files":{"LICENSE":{"checkedAt":1708590272034,"integrity":"sha512-5HycIj0/VBX8kQ4Xg9xMr8DtZL0DBVx2HAenWEoxkxtsqdJCPXD6rFGInPgJB9zjUw02sjYjSWEGivRstWSK4Q==","mode":420,"size":1058},"index.js":{"checkedAt":1708590272034,"integrity":"sha512-EbURWNhYD3FOmzcEsO7CxqOLieDezftyp2zhfLvXH2+4gb0W5d7Yt8x+X9ARv18rZy99RVCkJQSriv8zEGBYsw==","mode":420,"size":1443},"package.json":{"checkedAt":1708590272035,"integrity":"sha512-9X0b/RvYLKTviHIP+TsKlPn7p+KgDa6TKOEzN6c7QRARVvfZtDRwbFQSJyoTnLWi8pTMcICD/y6az5hQb0UUNA==","mode":420,"size":329},"README.md":{"checkedAt":1708590272036,"integrity":"sha512-9d+7zTnDdjef66CuP/DW7uzU7+XvlYVjpVYmZa/ytPwRkaS5rjFvhCWinEP+T7FMoQ3NtI1qtS7bexG7cSS62Q==","mode":420,"size":1756}}}