{"files":{"package.json":{"checkedAt":1708590266104,"integrity":"sha512-b/gFuAV/j+9mc/SVcrHTZF3hMtoPD4Yf2kL4Qgxl+gMwIxxj07JNta8h6XVpUTaTKSg02uRGczVCaG/gsrTYGQ==","mode":438,"size":660},".travis.yml":{"checkedAt":1708590266105,"integrity":"sha512-CVoEZ0c5yN+H4pP6/v6yrqB4ARiVwBkiGuySf3YwZtVtLqQqDNx3tot57MV1fBIgnc6Snyv09Ef2Ntbzca0U0A==","mode":438,"size":197},"appveyor.yml":{"checkedAt":1708590266106,"integrity":"sha512-U7MkWzeiL29xdulraWloGN3KBbIOLGt8l6F5zO1ch2UxXb/eZR4Oh9aveUvOwFAWETa30AQ7TUg/zR3yALzPPA==","mode":438,"size":715},"LICENSE":{"checkedAt":1708590266107,"integrity":"sha512-gZ/2/e21CwryUCEn71srNDwikXYAzKLkkIeKLRtXvnZniuBDaCRF5cKw1nqxlu58HmFJDVqmHNoRR/7g3QbfKg==","mode":438,"size":1087},"README.md":{"checkedAt":1708590266109,"integrity":"sha512-YCcofkjx3R1cDB6BlGamK/PtIp6nY8alxgLQE8abC0Jz/BwyswFA9/kDfsSYhkaaPo+XynG3iO27ebOi6kkELA==","mode":438,"size":1975},"lib/index.js":{"checkedAt":1708590266110,"integrity":"sha512-1DYF3BaHRFrp5kYvainCj7mYh7MEg3CVZKvymQuPIP5QtX8y5zMnls/os1eVAUcmb/CDLDQPrMDeGCfWEWeyGA==","mode":438,"size":1176},"test/benchmark/index.js":{"checkedAt":1708590266111,"integrity":"sha512-D7SpogPT0iZfHoLTfp9Z30Ae7NA+y8ELSUacWddFH/bVOhcbUCSXs70vWT/56NrwrWAsHFYWqPlS+IUUaggUDQ==","mode":438,"size":726},"test/unit/index.js":{"checkedAt":1708590266112,"integrity":"sha512-1kYdu/CrIaw3S1srKvQYj1j80sPWy5HoE4Wqjm7iUJWXR50HZ7P8Sq75GILvFPmAhfQzaFlsXzTV5p/tON5acg==","mode":438,"size":1819}}}