{"files":{"es2015/index.js":{"checkedAt":1708590277735,"integrity":"sha512-kOOuwXxdIR4cXb5q3+RMwvojBsupPCR5AcANlBJQN91kc2FaEccgZoyspBZ7fvXeJ408KHm+jzV7nuXW54Pysw==","mode":420,"size":17405},"index.js":{"checkedAt":1708590277736,"integrity":"sha512-XzNnTLtCKC2CnpzjOtY4mWFm+9hClYhuyYaCQsOzwYpoXPIsrTJWPGBxgurRQbhy86nWm4YIss9wAzbh1I6t5Q==","mode":420,"size":15735},"es2015/RGI_Emoji.js":{"checkedAt":1708590277736,"integrity":"sha512-e3GMCexSN1vcMhhlpSMPUvA4y+//Fwpx2FZwh26LujSk82q96op8B6wcRGwvT7aBrMDjQPkDyNwvCEEEre583g==","mode":420,"size":14024},"RGI_Emoji.js":{"checkedAt":1708590277737,"integrity":"sha512-/8XTBY2Uue0aayWfiglTY7qhwcmAmJBVLLRNKIf43hRIQEu9HVFcNxMXPKzJrb4qRwOflPuQi9mgKauAXQEaWQ==","mode":420,"size":12976},"es2015/text.js":{"checkedAt":1708590277738,"integrity":"sha512-+famGvN9GSTjqXhaoEoz+gEHeR1UywdmPG6opo7frjdmaC6RS2r68Zjrl8f3OrU6pQC0ZhzavevSV2UmZkFm9A==","mode":420,"size":15796},"text.js":{"checkedAt":1708590277738,"integrity":"sha512-ItpkHDlvmXKxNtShjrB0d0clLPfV2J9hmpKMVHXXk3X7vkLU6RghEC4nHqFE+JJn/zB81GSU/ffWACzpdot72Q==","mode":420,"size":14468},"package.json":{"checkedAt":1708590277739,"integrity":"sha512-2CNLjSUMqPWn/Gyi03pBCCTh+f0T3su+SIzVm/E4relvketxKCVTn4QkX7bxoveEFZyKnRnKiA3CcQZh4ygvMA==","mode":420,"size":1331},"README.md":{"checkedAt":1708590277740,"integrity":"sha512-h+Fr3sG34d5+BZaYsMmRCIFzlFqvuM51YX5agcRKyFwe7VpCk4/1YQ+vE07+/z2deV/lWKgGYdIXQYJ+GI58LA==","mode":420,"size":4513},"es2015/index.d.ts":{"checkedAt":1708590277741,"integrity":"sha512-sCRwTNLVPFUWGy3TX9VPcE/lDNqgyB3ZeBet6cenZ4bXN7RQ4yKD9/yLGD8yYTDXMqKFTSFa8yL2L+FoWKCIJg==","mode":420,"size":97},"index.d.ts":{"checkedAt":1708590277742,"integrity":"sha512-Dq8TlFKi2hh6zFXgjYh5sxseg8OXQwiMRW6rJcMOT6eUZALmGCvsAt69ZUWBnEYNYB99NO6efvfS3SGduqgVSg==","mode":420,"size":90},"es2015/RGI_Emoji.d.ts":{"checkedAt":1708590277743,"integrity":"sha512-HdvoglTJmaMoQkQCzk4BNIL3zoBYtpNuuLKAM+/cPc5QYhS2mu/a8MshEVby6e7z4Tk+N9Kc6PlwcCwKEnB6HA==","mode":420,"size":107},"RGI_Emoji.d.ts":{"checkedAt":1708590277744,"integrity":"sha512-tRTxXtVPfXad1REMyp3FxXnGeyiV8NwokoSWj9Q12uaqexBSicK1JqYIm+DRmKdqkNZiXfbn6FR2dLbm8FsCjg==","mode":420,"size":100},"es2015/text.d.ts":{"checkedAt":1708590277745,"integrity":"sha512-J28REtM6D3AhA+DFHnZNbakj1ppTC9uV+GCvO6mVNrhf0939cS+tf8oPf86GFc8pnqwHr2lQKfA8jYZ5nUseQg==","mode":420,"size":102},"text.d.ts":{"checkedAt":1708590277746,"integrity":"sha512-4AO//mFVrPNs/VrfGuV7jY6Q684Lk+xX+cAsGL6W8Dkgb8SIfFaygaUDd8WJI+iiOlQHhEANob++pNFgTIU3ww==","mode":420,"size":95},"LICENSE-MIT.txt":{"checkedAt":1708590277747,"integrity":"sha512-fWtEu2WGJSgbSBlOWj06B0Ur6h8lZQbdFveiGUHvPw0lnhvNDMYgJkK/H9EpvBh+ajkh04LVaNMSvYPzAjl5oA==","mode":420,"size":1077}}}