{"files":{"package.json":{"checkedAt":1708590281935,"integrity":"sha512-yTrP/wTQcfgVmmAeFpz+ZLTdNO8ghwAK5G1615cKo0XvsFHkXdRuwKsY83LCYrKprsKLdKb+rOkgKCvokmmDFQ==","mode":420,"size":1606},"README.md":{"checkedAt":1708590281936,"integrity":"sha512-EKf4fDpnW2VuHHmsNJXwMp4IXpMx3Q1QP/zbXupxxc7B7Et+q0zN/6+K7CtmnA5H+yr7zeBn74N68Bvl5nRBtg==","mode":484,"size":3764},"LICENSE":{"checkedAt":1708590281936,"integrity":"sha512-UOO2nHn9DAmjyzpwwV0Scu/0jezBkqGLoKZNVJCn7ZV+l7ApYhoDOI/OlCh2TR6tqwtrEPB/7ahRiuplEJnMXQ==","mode":484,"size":1088},"index.js":{"checkedAt":1708590281937,"integrity":"sha512-Ho2lBVsyEuHTyw0nIzMuWYn/LVYTyUtGTgMK6oyS2KW5qKYTbBdKq2AMYPcP16UMuE/x+bDwayLSXyg1XvZKXQ==","mode":420,"size":418}}}