{"files":{"LICENSE":{"checkedAt":1708590271941,"integrity":"sha512-sninKVyQok6a4SaJJ9Z+lCMZXY783aUHhjapGiZ7Ou+aeRutwGvRbKFYhPglcrd5GauRHGx7ikBhTB9PvARr2g==","mode":420,"size":1058},"build.js":{"checkedAt":1708590271942,"integrity":"sha512-PoKrtww+JDGT5DEy156fcDoctCbs21S2nbYrR19jYmkjTICQTw4hzIXLD6o3yb0yQD8K8NMSIAwDLNvQsBjEUA==","mode":420,"size":634},"lib/dependencies.js":{"checkedAt":1708590271942,"integrity":"sha512-bre62BNybbM6/dQTUGv4FCT9MVORcLbz2L0mPmK+E/pxD6y5tDHOil5gYxN8y7qyUkf8kY3Z0WWEwAFgyM99nA==","mode":420,"size":467},"index.js":{"checkedAt":1708590271943,"integrity":"sha512-r6lYByj8Dq+WeoixY8LGXX01n+o24nuop6dkBJB4XamSvGLJ5Pj2XOJM6gt28TkmYXH9SOPCCsG49QPv1BY86g==","mode":420,"size":6988},"lib/internals.js":{"checkedAt":1708590271944,"integrity":"sha512-pUKMxM95sTp8UVJGrjCTVdn6naGvk/hrrwEJljH0N7rU14kmOrVZlK3SpbYm6GWaYOpnl8fsddYwpuxFPf1dJw==","mode":420,"size":166},"lib/sources.js":{"checkedAt":1708590271945,"integrity":"sha512-j7KLkqT7BGfdfkdAW6fsFkkQDfy04sb725KRx1s3DY7uD1sYHMpA8BTWjlbIJhp7B0iKzz/yXyDml0Nw3syhgQ==","mode":420,"size":2837},"wrap.js":{"checkedAt":1708590271946,"integrity":"sha512-Ejovj67fJYPlLxarJgch6K7HTGM28F9EMqMXGMVcsYrwuGYuCkxkLeaKQ3RHvOhs2hagN9uc+7s2jfkK6DavHg==","mode":420,"size":237},"package.json":{"checkedAt":1708590271946,"integrity":"sha512-givjudT1z5QXibXpfkAHI+nPAjqu66OpEwHGfjaJKRxj5TEI/CeFWYd3RTn5nCV2oDMxSKCb9JPL9uOiqNjBKw==","mode":420,"size":675},"CHANGELOG.md":{"checkedAt":1708590271948,"integrity":"sha512-YxwpzOs4s1MvsZuAhkdk7IpFly9xjmyTcu6MAIOjyDTDrmDs9s4VXfSoreoAMoYTSpCKWDfFIUcpwIlY0ZzRSw==","mode":420,"size":1630},"README.md":{"checkedAt":1708590271948,"integrity":"sha512-36Gp8Yp9HNHuN5KDqqWVV6b0jX6U6wNiI16F1Fe8PLfyKASL9AlsUxRuxQH8I/EL7tbGyxmhD+SfEdHOqDUtew==","mode":420,"size":2260}}}