{"files":{"bin/editorconfig":{"checkedAt":1708590275309,"integrity":"sha512-B/toO4h6l8IpfCFJZCc5AmL5ByeJuYMIVf41NgTlHoG3aK4cSWSjnFgEu6CjWVD6/ArY/okCJByLqrbEoCOsLQ==","mode":493,"size":131},"LICENSE":{"checkedAt":1708590275310,"integrity":"sha512-Ajudpfx9tX4N5eQamw8g6QrWr9FyxcXtV1Z9mdIiROlUA4HbR92Jp7OIc5nqqTosEansHGPLTcvFHy775xZ/cg==","mode":420,"size":1068},"lib/cli.js":{"checkedAt":1708590275311,"integrity":"sha512-r80RvmZYrqSXzno6htPUSOOIMN/L6zHnnfXpDLNBMAE2CNlOgnZ9JKaV13Ggnkte12pizStC+viRfWNHYo9zuA==","mode":420,"size":4282},"lib/index.js":{"checkedAt":1708590275312,"integrity":"sha512-WuB2op5jQ0CFVLwKKaGX10axvBMLCEerITSZXFM25gv9NWS1eHVqN1fRkfqecWm/HM0C4f0tBYTvKYYxyN9VWg==","mode":420,"size":16311},"package.json":{"checkedAt":1708590275313,"integrity":"sha512-TqV/r2jcp0vKnqWPbdui5iuddAC/CmeOLvhzZSPbRPALlk+fHenR+Xye1iXYOvCYUaXe3lRpL5aIFPCrIjsMRg==","mode":420,"size":1846},"README.md":{"checkedAt":1708590275314,"integrity":"sha512-oWXajcyO/TxVR2nbhNufZMhwaq71Heyy5ZJAjF0tcBAJ9wXDuj0BnUhwtGe6DyoKdalqpNhFJLtnJDrEqm/YmA==","mode":420,"size":6978},"lib/cli.d.ts":{"checkedAt":1708590275315,"integrity":"sha512-PeiD8MwU25lerVMdE1w8hpPCMlqK+MhCq2NSYzIc9ac0mEWLHgzrm1Knx8N1rHpQDSTzXu5oC6lnjRKA4eNp6Q==","mode":420,"size":728},"lib/index.d.ts":{"checkedAt":1708590275315,"integrity":"sha512-Ne3fc56HVQkNrQgXeL/Xe1CJaUpvRAm9uJ2UFimrbmMV6ho54wEa1db62k/7SdkyI2UXcBbjuPGgUzZkaOqFnQ==","mode":420,"size":3653}}}