{"files":{".eslintignore":{"checkedAt":1708590281236,"integrity":"sha512-IL6DD/EXEP2EjsxvCarWWbDO+7r0jvrOzYvSI3tDdGSyor/zq3KPhyjmJLWHWFvWlkHFizz5CrrSVAUE0mQAdg==","mode":436,"size":9},"LICENSE":{"checkedAt":1708590281237,"integrity":"sha512-ae9woaSNwNypcVwcH1SsOY//SN38etNPDvcuG3vtcwz2nZa2T2x94RV0vu5SIndfpEWMslIDFN10TVZaO2ZXNQ==","mode":436,"size":1112},"Makefile":{"checkedAt":1708590281237,"integrity":"sha512-VEb4pR4u/gQTBbBlErhhME4x9+vPFF5g+CrIiN7TQN37FByAQPIwMyqgdHdTju+Ju3QbG0ytVZRcxEdjUpQ6Xg==","mode":436,"size":546},"test/collection/browser.js":{"checkedAt":1708590281238,"integrity":"sha512-z4PhNX7vuL3xVChQ1m2AB9Yg5AULVxXcg/SpIdNs6c5H0NE8XYXysP+DGNKHfuwvY7kxvUdBeoGlODJ6+SfaPg==","mode":436,"size":0},"lib/collection/collection.js":{"checkedAt":1708590281238,"integrity":"sha512-Xb6ozB85/izH99p03qIpc/WTX4wL1jMSUEhtcXNiK48HUBgs4mxlGXdiGOTZFERDqe/pBvZ0JqWhJqdH0ldS5A==","mode":436,"size":785},"lib/env.js":{"checkedAt":1708590281238,"integrity":"sha512-4uj+e/pLygs/Vvh4iL5dUn+Y2NYv4Q3ZTHLtBdGw+W/MWdfev8gE6tYLOEoMaJWIj7TsH5XBt3+hvWvUqsX0jg==","mode":436,"size":662},"test/env.js":{"checkedAt":1708590281239,"integrity":"sha512-iJxDiebxD/S5aXhLJ+m5PTN5QikE/JujuCcdiag3m7XKC7ZiPd3dQYEHWBk+UspyVQpZd3U3RPPGyh4z454rIQ==","mode":436,"size":443},"lib/collection/index.js":{"checkedAt":1708590281240,"integrity":"sha512-nexgqZm9K1++D7Eqv/nfol+zrCeaqri7FBz7VEXnO5IUV4LZzWG31sCPLGuFAKYpUgMwR7WvgZNycOy/EiFYcQ==","mode":436,"size":247},"test/index.js":{"checkedAt":1708590281241,"integrity":"sha512-u0FmcH/DCy2hTQRd27EU8XevC8QE3bAuXw9uESdE7Mzd169xgphnHx7+sYgG7flcN/5o2nLFElcCE8ApSLECgA==","mode":436,"size":95209},"test/collection/mongo.js":{"checkedAt":1708590281242,"integrity":"sha512-z4PhNX7vuL3xVChQ1m2AB9Yg5AULVxXcg/SpIdNs6c5H0NE8XYXysP+DGNKHfuwvY7kxvUdBeoGlODJ6+SfaPg==","mode":436,"size":0},"lib/mquery.js":{"checkedAt":1708590281242,"integrity":"sha512-bAqouL3wtRXdBtTkDCzpjC3qfcpDHxOhiR+iwA9OsnTv7stT3bTDmVU8jvfWzKuU3I+gCHw/dwigVx4Z6dgMIg==","mode":436,"size":82338},"lib/collection/node.js":{"checkedAt":1708590281243,"integrity":"sha512-5ruZL249k6IVa7rUB5xICETf45uejZ9u33otxTEutRDqJfASmK5AnzPOw//YFgGPuIAqwpv6KFaefeClnoUYRg==","mode":436,"size":3345},"test/collection/node.js":{"checkedAt":1708590281244,"integrity":"sha512-IF5NKm46COMCDupE7sDQgIOPUvaoJItqojJBREhR3LJCCHsscgVdT9Y1YH9pw3MvPWsMvTBLsT2y7hyrJu8utg==","mode":436,"size":584},"lib/permissions.js":{"checkedAt":1708590281245,"integrity":"sha512-/jNcaIf4c+QLx4hXKBrbHdAm9NWzGnDU++0ZFQ3/OixRtMgwdwP023rTuCGGHZ5btDsxHSlZ4BfdN16l+8WEbw==","mode":436,"size":1747},"lib/utils.js":{"checkedAt":1708590281246,"integrity":"sha512-9wLG9C89/Txbld32CvlVCpbAwvI0rweG3XGesNCHJPzZsPSysSGkDmqiwNGRUBbwQBxVpELXpclOgRxXhCgTsA==","mode":436,"size":7660},"test/utils.test.js":{"checkedAt":1708590281247,"integrity":"sha512-gSmxjlGrI8to//elV6VVFlD0aMtLJS55UUWJZOmwi9iV58z6fbQU3HzeJvw82/+SQP+6SLlxBuhDny7J+Z256w==","mode":436,"size":4055},"package.json":{"checkedAt":1708590281248,"integrity":"sha512-xxgB8gQi/DiBD+D+iGOEgBqprpPM/RaL3vLA25vUYwkZPrCvRlAblvz9KrWPDxYg7YiSsgdSCKaBGdLPcbc9zw==","mode":436,"size":1805},"History.md":{"checkedAt":1708590281248,"integrity":"sha512-G8Kw+gm4wzT4MnQFofJ7Iq9AoQsUDxuALwAzMpSsnyAHX+RP74rp/ikhN+dClZD48furhI9337+ToR4WsmnBxQ==","mode":436,"size":9819},"README.md":{"checkedAt":1708590281250,"integrity":"sha512-bUVFkW+bpcN6Ek34ghXR4oJtSde3wRl+CAhrvvFMDLYfHH7VKHWou8TlvBDQYdDLM8QDrEWKW6U19QuqjjgBnw==","mode":436,"size":36718},"SECURITY.md":{"checkedAt":1708590281251,"integrity":"sha512-LFTpgyyv/+z4EpRP3CXS5vAt5z387rl487XU6RNoFHVfhD0dTZqUx1gCfEEm6hgemfH/bLqhL9Gc4iN48wOPzw==","mode":436,"size":125},".travis.yml":{"checkedAt":1708590281252,"integrity":"sha512-CfkT8cmTeuDBCPf2ME5179+XZNVNZCaxQgtno30WUMJrjblIa+k8WKLBVCdHpFMvOWBVBQCsEdaBHu2D8n1dGg==","mode":436,"size":353}}}