{"files":{"package.json":{"checkedAt":1708590275967,"integrity":"sha512-xyB3x7+DHvgA+Wuv5Cs+JTT3HM7yENlYIxVjmNk8N8op5/PsVHt6n4/sDJS0JkeqX+M1luBnGitPmFI2yiNsOA==","mode":420,"size":737},"index.d.ts":{"checkedAt":1708590275968,"integrity":"sha512-fHwEYWUcTAwtW0gJ3vSzB50uqH/t/KdcT5tKa7am3MZgdAoUwiKKQiXJdMnNwz1Yk8nOFiFRxH6/q8IbWXfBuA==","mode":420,"size":549},"index.js":{"checkedAt":1708590275969,"integrity":"sha512-tozMz77t8FloCEmMAEri5pyXOYMNkvnIbUsafyNPeaf02/PwgZkyVuDGFkpZBEckIMvHxzT6tU8TcgNr5B11Wg==","mode":420,"size":1756},"license":{"checkedAt":1708590275969,"integrity":"sha512-nIst73auX/5NY2Fmv5Y116vWnNrEv4GaIUX3lpZG05rpXJY2S8EX+fpUS5hRjClCM0VdT2Za9DDHXXB5jdSrEw==","mode":420,"size":1109},"readme.md":{"checkedAt":1708590275970,"integrity":"sha512-ryRepI/uv2OTRCsXqsu1FEAGtejATQl0ssLVwMLWilGZKT76wPFvqvGf7CAXZLPYUvqmfJ2CsUMV7xdXjplRAQ==","mode":420,"size":843}}}