{"files":{"package.json":{"checkedAt":1708590273411,"integrity":"sha512-4b9/jFwI9V+WD12hCgT6lg3kH/yGTGSv7mIuYf67BYl/gqqazA/EFYKLD/8Bgw/EZ/Bk03JthqYcPNpKEhoOsQ==","mode":420,"size":1012},"README.md":{"checkedAt":1708590273412,"integrity":"sha512-dW20dGVmSZsfpsGIVxcfyzCeFDbgUVQZf66jPzuCanmRpbF30Ofl+fGjhWdEJPoQN3uib0p2qBUti+HIzRohHw==","mode":420,"size":2903},"LICENSE":{"checkedAt":1708590273412,"integrity":"sha512-LxOjLeJx9vIN2aDXqItUryfLa4O834Zuq9zDlclUXKWZ5eDJX0iocXywgyy3qHslpP8YgG1TmDfOQc/vD2T8TA==","mode":420,"size":1121},"zlib.js":{"checkedAt":1708590273413,"integrity":"sha512-3KwF9vpCXeiQl/j0V/AWn/yPsyO/czVTidBDMbKp5h3NVaRXwID9SqQQCeWnian27ibOmwqGxOv/beRCY2zdIQ==","mode":420,"size":181},"child_process.js":{"checkedAt":1708590273414,"integrity":"sha512-Q7EeDT/JwqlTyDi95kojDDRoqDH9vHS7JMf/y6FWhDJ8rb+z8w1z1KxP+BDdtEvUc2vdrmVv5ppOsmLpD4BFCQ==","mode":420,"size":113},"crypto.js":{"checkedAt":1708590273415,"integrity":"sha512-WwptpEDV/jc22HOOAhSrmayzy59gbmWnTpv1NrUGaAT3x+ouxhovLG2CH6EmCwSrdnoBMroCP/e+PALSiChBDQ==","mode":420,"size":135},"fs.js":{"checkedAt":1708590273415,"integrity":"sha512-/R1ch+94vGYPqIePqpjoZ1R4gtJsLrFWlh5uFaUNytcPvCxttckd3XZVWFcfDcfXLs6k8Dw19bF/ng0mFWNE1g==","mode":420,"size":1044},"index.js":{"checkedAt":1708590273416,"integrity":"sha512-HRn/0PhdaFwVML/IuAZID/qRSzxxsvuQ3zzcRk+owxiXiiRL8fSV+7+QPjZKK2Xxi/HxkUCIp3OozepuWR+hlw==","mode":420,"size":206},"readline.js":{"checkedAt":1708590273417,"integrity":"sha512-vuwtX1qoTUbBzZCI9nimWSg1wTN5YvdLaMdQH+5QsdeIzjw8rTzRggzVZc/oUV+58KKhMHOV9gJCeWiPoWkiZA==","mode":420,"size":1681},"dns.js":{"checkedAt":1708590273418,"integrity":"sha512-MV0RXaiUmEG6GPDlLHfRD4oo2gDkG3nhKrWd7WBYHAxxuXQuTo4jwqMougPNGwAVPaCQNU2rcfoisRDLOiZe+g==","mode":420,"size":240},"HISTORY.md":{"checkedAt":1708590273418,"integrity":"sha512-dnxJdyGDCO2Ibt6yh/+juhDcbRC+6a3d62+qTwofnXeaQnJUAwnvsoEto6ELMqk/NekipGLCwBZHf3Ei7QQxCA==","mode":420,"size":1137}}}