{"files":{"package.json":{"checkedAt":1708590293837,"integrity":"sha512-s/ioz9DuMDPsxWxvlycq0ho4SEkxuoWHGs2IuFuwLe7pKVlygOs8EfJNpJ8b9s+FUqA1Y86psA3aN+31prHROQ==","mode":420,"size":1193},"README.md":{"checkedAt":1708590293838,"integrity":"sha512-Ua0Cq3c+cPY2pRau2gBhOATHoUDPUVJqfXDxrv/nm3BJ21Lq1N410Xb67D9X0P3nf3w1Slujdb7t/vkfJjAQEg==","mode":420,"size":455},"agent.d.ts":{"checkedAt":1708590293838,"integrity":"sha512-8c6qAnNfSKW/5k++oYTR55l+roEofolI4PimEjucv4WP+6EBdtMESHBcCWDyaTjcRyraiJ96dLw1C7oxyDlzxg==","mode":420,"size":1065},"api.d.ts":{"checkedAt":1708590293839,"integrity":"sha512-CewyJFz1lbodFwowUm0x3lvpXA6W4iyvqofpqliNx9B3zzgcSNwgrUyoo9O5AcdvrP9Ka+BPqKavrRYbW8WiMw==","mode":420,"size":1455},"balanced-pool.d.ts":{"checkedAt":1708590293840,"integrity":"sha512-l7JOspw7vFMYYZcYR9Fa0UOL5jd7MJCRxiTDKJ2K0fcm/gUH2VtzSAMaF+4Xs/Yi48W+9NuqRd7hN7hggvQBXw==","mode":420,"size":609},"cache.d.ts":{"checkedAt":1708590293840,"integrity":"sha512-g+8WZhBufA+IN+Qytgaj+QP+Oiml4I5EUEGlgib4y/pm9acyDkdNkXoe+Uvhfq3dUsxEm9K46CLydhnnKayMDA==","mode":420,"size":1251},"client.d.ts":{"checkedAt":1708590293841,"integrity":"sha512-K0zLdXloPqiE/fnsG7oU8czyHSwG8czON/NooNtMMGi/YixetKtSTpTtwELUOMG0lu1cjzX0MzuHm+YJkjDONQ==","mode":420,"size":4629},"connector.d.ts":{"checkedAt":1708590293841,"integrity":"sha512-swtwCwGJrrO/sUBeZFdJGY9hCN62Q47kfc+sg4DBfLkpoqaqBh3T32Dhyg2Gb6r48DtrzflWiKGy+hQ0NZnROQ==","mode":420,"size":1029},"content-type.d.ts":{"checkedAt":1708590293842,"integrity":"sha512-0QdEAAB9S2c80xA1nANZRgLjeKWSDZ/121CLg0/Yi2l5yj7gy+DCiPh/n3/ABKNxSEU+9XWbLLQ73csz/+Tulw==","mode":420,"size":561},"cookies.d.ts":{"checkedAt":1708590293843,"integrity":"sha512-7IPEWmdPmHQBJ5Zz3HWis+dA34ON1dPNv1JW5GX5VD4Gx5Zl7hKiGwLbcnyHfW9hWbDWvytTJMQXJWLs6p9z4A==","mode":420,"size":635},"diagnostics-channel.d.ts":{"checkedAt":1708590293844,"integrity":"sha512-Ti2UqHok3P7dyxBqtvVNCTnOJyGqr0J3hvrIhF9Fm67gh0RjWZCILD3MfzinlaJDqdr5Q5vOb6ydPZImZgxFew==","mode":420,"size":1634},"dispatcher.d.ts":{"checkedAt":1708590293845,"integrity":"sha512-k/VjTEb0+YojHTmhRr6PajJO4zn9i179K4bWNAU32YRsIsavyo5Oo1nb+6ByneOm3NvQkGDIIN0o6zNTYT6tuQ==","mode":420,"size":13412},"errors.d.ts":{"checkedAt":1708590293845,"integrity":"sha512-K8ZwFK6p2pOrxSzMjI1Qc0jawMozzfJmLZt61fus4NGdHObZViOlrmT3IH18rwNwjAsKGEH06txuQYG/WIXuHg==","mode":420,"size":3730},"fetch.d.ts":{"checkedAt":1708590293847,"integrity":"sha512-bO6DXRGy75hJLo/tleOi2FDmr//vU8uIXque1pSB+ETzCFkKs1rpl27zEpwSLYbrh/3FKm9jfAUyLSy2jqZPbA==","mode":420,"size":5458},"file.d.ts":{"checkedAt":1708590293848,"integrity":"sha512-K9l7f89iGcQy2VeGuDcuO0BMrGGr9NotKMm/qCjXufWXij9ojLH81oeWJxLLZ+Mg0HAgj7BOu9yvNph6LtFuWw==","mode":420,"size":1707},"filereader.d.ts":{"checkedAt":1708590293849,"integrity":"sha512-idlzr1j0ySNkfSrWsreKoH18GWQvhBRsXOS/coR4XwYlpX9UgHMtKI9whufE7QRwyZ9NldLbx4yhjVAz8hLyGA==","mode":420,"size":1453},"formdata.d.ts":{"checkedAt":1708590293850,"integrity":"sha512-r9v7wSCt4wc6BAn0eEtO2BWpi/wcmNYqEVjjolpp7X+tNnL/sW1eXDnFLHoFBsXthWvjbx6jAwB8FCfiV3Tb5Q==","mode":420,"size":5012},"global-dispatcher.d.ts":{"checkedAt":1708590293851,"integrity":"sha512-ZLbmJz7aVdS+PTcMQBCUYlut7lMP6V7SodwD7a7T1F/b8/D8X6BR7+ull4gEOQy5y3nFvLY4ApGT4atPVS6oSw==","mode":420,"size":276},"global-origin.d.ts":{"checkedAt":1708590293852,"integrity":"sha512-8fGoLU/ZCAadZdWxTjSlFCRaMA+fqQncEWAzcI4fhSmd1qVeJuXji0ASBKWAv8DsoIVDRewvnGy9A+FLdI0CCA==","mode":420,"size":175},"handlers.d.ts":{"checkedAt":1708590293852,"integrity":"sha512-z5qYPJHbfBkSQzGQofnPBpWIu0scbWhYmYtGIed2V8fUPJ9HOYauxP2MrQ+elkcshS4n68imyukbfglJD6kwSA==","mode":420,"size":387},"header.d.ts":{"checkedAt":1708590293853,"integrity":"sha512-ZndPriRc57uhMjH8NqHTg6h/ho/b2CmGVwQWU3di2cHfBXfwHmirJgcwE9rNLxXQ2lP6x1SlHZiudaxFwuyOsQ==","mode":420,"size":133},"index.d.ts":{"checkedAt":1708590293854,"integrity":"sha512-w/x0oz0iW+0y/5u6O7M0MZ45K+hTmwMv3+tcVMdgY55b3iONgbsNeLmxvUZAPgtNAUTyhuCkPZdz1aKJrnLsOQ==","mode":420,"size":2967},"interceptors.d.ts":{"checkedAt":1708590293855,"integrity":"sha512-6Dl4EXB0cD008LeNXInlfYo8BOe1GudfrJk2JV5kc4WKsPJkI+0buaLdGMBPS5XKkA6Nn44ANEQAFc/x4e9Cng==","mode":420,"size":215},"mock-agent.d.ts":{"checkedAt":1708590293856,"integrity":"sha512-xMqppUybC2PCOOO6HWIaGUviCEp7OqbojbLG9HL9lkJq0Z2+Tzxnd19t30WsN5pxr/OS23EoDMPeDyQFXRtroA==","mode":420,"size":2535},"mock-client.d.ts":{"checkedAt":1708590293857,"integrity":"sha512-6FRiixkHn8dzYfp4TQPN7cFVpT37M8e4CYh2Uxo5BuuKVLCrD7dabaTToGH08AhtMI8STZiZLRz8uRatDKoEyw==","mode":420,"size":1002},"mock-errors.d.ts":{"checkedAt":1708590293858,"integrity":"sha512-CXfH7jgp6rn6bCgNwVfFWhmui3q5GyvfgE9DiOVp8M2ooTG/NVoFzclW9o1gLfePtdl84835y/U4hF1s07JMwg==","mode":420,"size":338},"mock-interceptor.d.ts":{"checkedAt":1708590293859,"integrity":"sha512-0LzArxsiLDn5S2oStFkaufxPBrFqhv6HrVKfEXRTxVhjAdDdQLh9hL96GIrs/FTn7ei0D7u9Bqwo+xO6Rusvvw==","mode":420,"size":3892},"mock-pool.d.ts":{"checkedAt":1708590293860,"integrity":"sha512-uw3Nm3tijvmynontqsiH6Tj9DXCfwtLShcO1ZxQOnpoFHmy/q2Mz+869Xju+6BaCTxUsdTRcWK20rViKXpQllw==","mode":420,"size":974},"patch.d.ts":{"checkedAt":1708590293861,"integrity":"sha512-1CqL2w+HhT9xPfy2wNC2yDe07Uc13q6SLyZTBSjns1C1OInoG2OgDSHHY4jHSAKDhl/Y39BTUqMijZgkDx8e8g==","mode":420,"size":1678},"pool-stats.d.ts":{"checkedAt":1708590293862,"integrity":"sha512-h9i2Eq29PJrc5hQfVet4jxMV4jxgRSFOdcxZYmy2VD0Ve7UexmrGrMah7Yxn46p9x3zFymL9rOtFp0k/lEDTGg==","mode":420,"size":669},"pool.d.ts":{"checkedAt":1708590293863,"integrity":"sha512-RU+mIxl8xVOrs4OZ3QB+u0AHggzrm1btYjmXc5WtoWqfx9LkrJUzfHxhenh/9f9zHU3rZ5Upab/fTcS5vKxM1g==","mode":420,"size":1008},"proxy-agent.d.ts":{"checkedAt":1708590293865,"integrity":"sha512-sjedaSUDgTiTXzPg8b2j2MVJzRixXpcJwEgR6d35EKlzulq6yEWPj/ja7x+Ees8usr4fhDtLA/9NXBB5WXv1mQ==","mode":420,"size":836},"readable.d.ts":{"checkedAt":1708590293866,"integrity":"sha512-y4+ZUsaT3HALpniLYg51JawlCcX+B+08zecH0gJXFh5uI2mQkl6waQNp0O7nrxQZJt8qX1NDKi6bQPuR+ScwQg==","mode":420,"size":1622},"webidl.d.ts":{"checkedAt":1708590293867,"integrity":"sha512-ABRQZWtWjia/0Rdjjb86YEskhn9XORxqXNIl9z2qSuLFbS4t5+cUEHyikbErP6l6IyYDnwm3ZhuJF+9h53xYMw==","mode":420,"size":5630},"websocket.d.ts":{"checkedAt":1708590293868,"integrity":"sha512-a0JuVqeRfyOAqKWxmh08IBNOJ/QkUEswBTc31Q1fwbZW33+Bd1+ITxUuL3hmWfbyj1x/sQ8mzKVocTGiZZHPOA==","mode":420,"size":3428}}}