{"files":{"package.json":{"checkedAt":1708590290708,"integrity":"sha512-oHaYdypKbYbl50ERTgLma2yv4EJyYsQc0EHQK9Scic8drAfDvm0TqqexVHyGUCc92/5vx2/h9GGHXaxqT76/QQ==","mode":420,"size":818},"README.md":{"checkedAt":1708590290709,"integrity":"sha512-WtaBXgN1lHV1ySWcWH1dH2zNpsi/9qMvcPPIeVip/RLzE37JCUM6hQ3WKaGOvkQ/cEIpz4dFJPoVCekqD8/zPw==","mode":420,"size":4763},"imurmurhash.js":{"checkedAt":1708590290710,"integrity":"sha512-Td8qL0kz6WUuXN39Uxf5eTU117rZE/mCL62IE7Kt0iTb6QlnFNlKnw6zt2krp9lUrN4VP1eKPTXq2hVCryqc4A==","mode":420,"size":4412},"imurmurhash.min.js":{"checkedAt":1708590290711,"integrity":"sha512-W9LXjd/6yib4OIKWrTDoAojFHmdAmpjWudfe4q2Dkc0ilmOq6LT8D8sZbflVNKM+TKCI8D2fYayUp9e6hOYTYA==","mode":420,"size":1894}}}