{"files":{"LICENSE":{"checkedAt":1708590269322,"integrity":"sha512-P6dI5Z+zrwxSk1MIRPqpYG2ScYNkidLIATQXd50QzBgBh/XmcEd/nsd9NB4O9k6rfc+4dsY5DwJ7xvhpoS0PRg==","mode":420,"size":765},"index.js":{"checkedAt":1708590269323,"integrity":"sha512-9xK3IVCUhbh6gQgCpI7vHE69BidtDijNTwBnHnbjwPn6G7+HLaLJP7WzvPgUYmTAy8jQmv2OO5qkqS+QHfEeeg==","mode":420,"size":8186},"package.json":{"checkedAt":1708590269323,"integrity":"sha512-dEPvfNo9DRTO5Fkn8JUfPNt9BtMJbP+zDMhmpCnJmqnEA0ILecvN3kcg6XxWKetcGaF7Gr4/aVj70sAqmXV4/A==","mode":420,"size":705},"README.md":{"checkedAt":1708590269324,"integrity":"sha512-IM3wLlYJEzSNb50qW2EswRH6qpzUSjn5Mzh52nfqHHbFGRaFVge5c7q7Eb6vtUmbuLM7VVPGdPQJsClsQx6nOA==","mode":420,"size":5987}}}