{"files":{"LICENSE":{"checkedAt":1708590277397,"integrity":"sha512-+6giDj3dbUVfNlZOPJHDilCKddJur7qbH3YSFrH6P7sqAaRzZpTZD+gdTdh/gdMhXIzBGkjz040jHcTzQC1a2w==","mode":420,"size":2011},"lib/index.js":{"checkedAt":1708590277398,"integrity":"sha512-hS1YIG6VhbbdiGq+dH7PHssagP1KHQCA+GXCtoIDGRmajY2z0NNdCc7Xp9PQ3Nt8oDnymf08/EqokMdtF4o3+Q==","mode":420,"size":1315},"package.json":{"checkedAt":1708590277398,"integrity":"sha512-0NIg+UlnM0rsOFrHwvQ9tlmUF8lWYumXgJwI2jp+O6+9R7WWSUlET2zWIuAxUR0aI/YuhLk9O5ZrNaWzjFHU8w==","mode":420,"size":1002},"README.md":{"checkedAt":1708590277399,"integrity":"sha512-p0MY80RHnNl24AbUqvTVrP4RMwqrAI5+RinRMr0U7b2yHQrUcIOpCrS/JG/0qUVoqxI4IZR7ZfWbu/PQ9TPPlg==","mode":420,"size":499}}}