{"files":{"LICENSE":{"checkedAt":1708590274523,"integrity":"sha512-KYRMN3MVTuiy5XkFDHd5PnQmHaQnt3z16nsBDePxZ9YNmq7IFlslpBBlR3UI+zvlbEemzowOYeKil9a0ZkOYxQ==","mode":420,"size":1106},"README.md":{"checkedAt":1708590274524,"integrity":"sha512-OybkXcJeQWCYbybPJoktxeEZZ0klds3mvoHYCblhrMzq6xWRGQqkg91hu4NtOfYNS+3o5hWTJzjNtcmo6r7C/A==","mode":420,"size":369},"lib/identifier.js":{"checkedAt":1708590274525,"integrity":"sha512-qG4ZmuTi/C6RZc5Pf3G//VEy7hzRH7nG42cKMK8R1BH9nIeADN3d9J+XfgurTvJZ9Nxetjm1XXSo93dXgwXfBg==","mode":420,"size":12224},"lib/identifier.js.map":{"checkedAt":1708590274525,"integrity":"sha512-WwFIAxJD1Y4I5ii/3QXNDBx+g3CxCc5TlIvBPukUdE3zRR0i+xLWl9l4jhQkmsipPFgxV4C4mD5+KhOMo+rdXw==","mode":420,"size":25466},"lib/index.js":{"checkedAt":1708590274527,"integrity":"sha512-rGF4OfTHEsHSfwut/nwE8cMlmQYl9BirJUEvc3HOw9r1KJ86UPTDiLwYbYw01frRWMrYgzBj9upRF4VK4zGO4A==","mode":420,"size":1362},"lib/index.js.map":{"checkedAt":1708590274528,"integrity":"sha512-U9uQ8QE1U33xez+NAThGDZdnL18zWanJeKdhvy+xjqcNbVIIgjDgMqLUWopmR+Cqe1iVCw9cGLydbpfAGMG37w==","mode":420,"size":489},"lib/keyword.js":{"checkedAt":1708590274529,"integrity":"sha512-ctIOkwGPZyHcvXJRusvo+QzhIOACyF05DACq6JcHLKj3Alr3tFFtJZvb96aJVm0KmjRbh0UwOtuOzC34PKfnbg==","mode":420,"size":1577},"lib/keyword.js.map":{"checkedAt":1708590274530,"integrity":"sha512-257Ic0jW9QFSD+T0mjBB4wWzxS8BbnjOBJDo50kKCw43/japyMicYkym6TSFbY+qTsxCFBQfEVL0rMiXK+OY9A==","mode":420,"size":3826},"package.json":{"checkedAt":1708590274531,"integrity":"sha512-bfYCmJUoJaeQYWceL1RJyZ3Rkk8b78DXoq71uFSCC3Vtf0qNYVvFEYejohBRh5JUTlkN5WqexGBbM0Xxwpohkw==","mode":420,"size":678},"scripts/generate-identifier-regex.js":{"checkedAt":1708590274532,"integrity":"sha512-PiLU9GuAQiezS05opPWJe6h4cz84B1AMyXtTTxLd0x/jG85tT1s88vJ7U9CCf23n0jXkOjJUWXs9sgJg+nrijg==","mode":420,"size":2006}}}