{"files":{"package.json":{"checkedAt":1708590262382,"integrity":"sha512-PQ+UG5i0jEPHBMJyqsQgs9BF5jPx/UhYKsdQ6wtsmOjwBYTCbAEiec9O2ZCygjp4tPamohgFHFGN4KQMzZV1sQ==","mode":420,"size":946},".travis.yml":{"checkedAt":1708590262383,"integrity":"sha512-SneQRoqjPd8v5Hd/tSLheOEkK2XV2Y6gugwkNnvEgEiznTeSG+Ac/qpjNQLl+/c3fC/kz/aC3LyK72GCHos4Ig==","mode":420,"size":59},"bin.js":{"checkedAt":1708590262384,"integrity":"sha512-d/TbPrFM2r6RtsYvsEN4GxnntJ5QUTN0+w7m8zD1yCtsiIFI6LO9Rguxe1EbUApUsuAyxteocH4rbBTIsrXuyA==","mode":493,"size":251},"index.js":{"checkedAt":1708590262385,"integrity":"sha512-vLTvxVZLA3rJyRZJpIZkcFApQKeoxLb2GhVN6gDe3BUjLODFiz/U0uyD4Gg/ZoU98AXBTweF2eIxaet7scxtBw==","mode":493,"size":5367},"LICENSE.APACHE2":{"checkedAt":1708590262387,"integrity":"sha512-cSQG0iQrnQ1857NzYCk8Zdx0ZqRMloUCN16BCM7f3jatchV3UugZBdO8TSqTtMBmOOfFzACQh0WQgAPJYoht7A==","mode":420,"size":586},"LICENSE.MIT":{"checkedAt":1708590262387,"integrity":"sha512-0XVzfm5qtEgZBVjuJNzYLrZXBkNVRJ2bSZihqDDMUXfpcIn0wI/HJBmWTAdII/9fAtR58L0egNxoUAybbupaYA==","mode":420,"size":1088},"readme.markdown":{"checkedAt":1708590262388,"integrity":"sha512-FWtgXnraF4ufuiaNEkLoCidNu0oyzfVtlP+GcR/cRjESZj+dnct9BU9N/sn7JeYaRn9C1wCvekTx14tLTaT1dg==","mode":420,"size":5722},"examples/all_docs.js":{"checkedAt":1708590262390,"integrity":"sha512-uYpKETQ7qKNiph+c//4Fc0luX3Vd/nC48dnS+F4l2qwy5Bo3Q5rDsiYgiGyk3yv4BRrsmzS6Vi9BlOfLdCN9rA==","mode":420,"size":459},"test/bool.js":{"checkedAt":1708590262391,"integrity":"sha512-HHhPfp8kbZVXRgiRa5pPTSy1geaRc4k4x86ZZiVIXl3qwXCISeJ5Xikr26gMpctSMHIF2mBj56QpMP9j5ENurg==","mode":420,"size":921},"test/browser.js":{"checkedAt":1708590262392,"integrity":"sha512-Kx3Q5Vu+Gofv+rGh2sI5miFTj/3hlYNd2+vx7qC5AWjBdFNWcDPfYp/IuKHnBKeL4qpzk85AoV8eYAPH3FQIMA==","mode":420,"size":482},"test/destroy_missing.js":{"checkedAt":1708590262393,"integrity":"sha512-CaMKz3Q/JzJ4DZm74vDnnYu7R9fJULmDPeaqBALJu44C1faJMMJfHkE7peCapywtvvMMU4jKZ38DBTYoGHBXKg==","mode":420,"size":679},"test/doubledot1.js":{"checkedAt":1708590262395,"integrity":"sha512-Vyq4+q9IDE/Xe9YVH+WHEXr3sz9j5OjdCmINlAVTMCe0zCoO0b1/NzfldS4NqvBPKCW8ZDUtmNEsQ35FgHUbjg==","mode":420,"size":685},"test/doubledot2.js":{"checkedAt":1708590262396,"integrity":"sha512-1rgyHiFRFKV5kCe102Tnnkhfzdm7UYGWCH7AyWG+FFP4c9Si3zUoSQwT+YdDX4PIZ2O3T02pUMjsowoO4zkorg==","mode":420,"size":754},"test/empty.js":{"checkedAt":1708590262397,"integrity":"sha512-dcooLZJF+gSBqKFtczYXncnvVfd0kQo7HdnfYwGGT5t7PmAlzEobWFkViyp2KvFpBMbIIOfegaAi9Vyycc+scQ==","mode":420,"size":1023},"test/error_contents.js":{"checkedAt":1708590262399,"integrity":"sha512-0pM75JpQZkBX2cGvCWBcRP1GFcI2vk5alJHlgwce8L7GayA3Kub7Vrr/lBabWnnZDGQNfJspByR08QOA+L4VgA==","mode":420,"size":865},"test/fixtures/all_npm.json":{"checkedAt":1708590262401,"integrity":"sha512-ZNQ1O5JR2EtdzUahwQvkrX42UswtiYV7WdJ8mm5CzrCaHcZbP8pj868LIujtcaAO0O3pS1D+oKDzV8X4YRD9qg==","mode":420,"size":370195},"test/fixtures/couch_sample.json":{"checkedAt":1708590262402,"integrity":"sha512-dr+TG89QfrBkyqpYr4bHUJrVVVOULXkjKiwd70GhbDaNGFetXSt7JgVoQelkfUjvOnqOkzSLCo3CFg5N+6gEDg==","mode":420,"size":561},"test/fixtures/depth.json":{"checkedAt":1708590262403,"integrity":"sha512-WKFfYvG2VT6OFaOVaSSiq45X0Rg2cbMGhoGA2HtthUQODn/oC4OWeyyiinZvcE6D4XWVh01/4VeE6RWAUTyLVg==","mode":420,"size":231},"test/fixtures/error.json":{"checkedAt":1708590262405,"integrity":"sha512-eMJ1tu9TkH+08gct+nfYGph8Nr8pIbFDlY0ZfkMfO9DsJAgr8AKuWHP4EDNZPBKpbDluY4/HvSNnUQEg0G1s0Q==","mode":420,"size":63},"test/fixtures/header_footer.json":{"checkedAt":1708590262406,"integrity":"sha512-dIhO1ccyg+dUztZuuJZYAmEQXCizkxvj4WzmjvsHZ/1hK/q9QmVgJmFukjGXBDei01nrCVraNNoeVTQAaEKOuA==","mode":420,"size":583},"test/fn.js":{"checkedAt":1708590262407,"integrity":"sha512-n/gJ427kH5jus2PDg6mh+euWaLePhX560Z8DF0sRJ3eNim2asxh4FoehOyu2KnvbByJfaYqP2xHlsVXPBqUONw==","mode":420,"size":785},"test/gen.js":{"checkedAt":1708590262408,"integrity":"sha512-EG7vBO9nT5m+rO98JUrWQ9RAHHMMqZMgMCRRwnSB1f1RmgZ7koz7NCtoAo6OWC6sOSAoa2nR0bnd2sizrYQodw==","mode":420,"size":4242},"test/header_footer.js":{"checkedAt":1708590262409,"integrity":"sha512-+T+yf0IjY1HOHCn/3ncUkMwAnxOl048HN+zJiJkUcVlyG1Bz4wGDUFWCvVxDktRdKUJN1htPa2lrLaQz2ZpSfA==","mode":420,"size":1113},"test/issues.js":{"checkedAt":1708590262410,"integrity":"sha512-lrm654OHTHS5D8m1hP8eYfJGh5LDtQlISrocxddFp5ts40yqerT83xbulFhHhUOG0ATMu6UTVPk1doZ+I9/MbQ==","mode":420,"size":647},"test/keys.js":{"checkedAt":1708590262411,"integrity":"sha512-F6KSjESufIqN87mxeMFV5LZ5oiAVl22jDbr8Oe43jWF9pkDCytE6Gdmag5IiAvPW/rZbQqbidEKW64A+whox2A==","mode":420,"size":2636},"test/map.js":{"checkedAt":1708590262412,"integrity":"sha512-5vBlX1RDRFDPfpbZPVOBBNCwQCn7yeTjxfadamYgzIO+GpL0IpOJDxEXQiS+NognV9ev0mXkSmUk+NTge8h8Gg==","mode":420,"size":767},"test/multiple_objects_error.js":{"checkedAt":1708590262413,"integrity":"sha512-32czlTjLje1h1DNM4RelM+/yM7YMQXeExE1OHGOO/o6TG/CTq7TaB36BlL4aE10Y+DhcXMj+fzT9VxlJUwb0Fg==","mode":420,"size":694},"test/multiple_objects.js":{"checkedAt":1708590262414,"integrity":"sha512-Uu0Ghs4LibdYt/BZXwjYbWAqkwIHpn5yeaPd7vafFGpop+d0fOtBby89EQ/n1fcjhl6sOFpPFibo+l0d6GW/Yw==","mode":420,"size":932},"test/null.js":{"checkedAt":1708590262415,"integrity":"sha512-UnBmJE3VC14IN0VPX2Syh3mMS5cWZPPxBKuTOw5hl0mINZc2U19V/TYZz6lMchdeE2yzT+xtc/iM0GTLBUy/OA==","mode":420,"size":553},"test/parsejson.js":{"checkedAt":1708590262416,"integrity":"sha512-yDarcwajHKX+ftIbxhYSmBRdx603KjC+TehNouEy4023Ngobo2irWIT8hVTCPoQckF6cx2HwnqJ5rQcD4QEoUg==","mode":420,"size":429},"test/stringify_object.js":{"checkedAt":1708590262417,"integrity":"sha512-FrngdJYAtR7302kAUAnAPZIJjPBri46x6yRSCZbhLqa04jQKwKCzYKM3sr51hNBCIga/U4GsV9fTbxpUUqAcyw==","mode":420,"size":1128},"test/stringify.js":{"checkedAt":1708590262418,"integrity":"sha512-53Okx2UlAhksGYM9+FO9lfnPqFraNv4rMdKdwJHh71F+o17/uXpXmbCw053MNjhHh3kRUN8vpoYs4pw+JHZPbw==","mode":420,"size":949},"test/test.js":{"checkedAt":1708590262420,"integrity":"sha512-7c9F6kwHH9fpxJG+lCxRqZ8v0oMRM4Sm+KMbwb3wzj/KI33YsbFqv7vWiN6qZvcKqbhzsyok7oExIi1z3/mgOw==","mode":420,"size":748},"test/test2.js":{"checkedAt":1708590262421,"integrity":"sha512-iGC3s6ItvCrVQQS5rA5Z4viUPkQA6H0D5DmF+AbpiUFsh22EGba63ZjP1Qq/A6kF3kLIxy48QFFb29hx7U7bgQ==","mode":420,"size":556},"test/two-ways.js":{"checkedAt":1708590262422,"integrity":"sha512-2VlONLxTdQlDz+X/Q3EvLxTZErFZDxa8mUQ0MGbydHWVMYANvtzHBrToedSXRXA5RWTUi4lgtXcYDEpovQg2dA==","mode":420,"size":920}}}