{"files":{"package.json":{"checkedAt":1708590291079,"integrity":"sha512-8eLwfmdzOGfWdqvXY9EVxrV6sz24sSWoxPHn3BAYTsA0zhLerc9rGGcaYkedAbbnbw/sTLCD1Jj1sX2ubvqILQ==","mode":420,"size":1514},"index.js":{"checkedAt":1708590291080,"integrity":"sha512-RYzKe9sel4YW7ygY5cosRWNWYrCIyFnnKlZnw6rMpGNYkA5ldITnK8ceIVILmUpGPPX0zMga39fNPJEqmkGk3Q==","mode":420,"size":9043},"license":{"checkedAt":1708590271497,"integrity":"sha512-rnnnpCCaRRrva3j3sLiBcOeiIzUSasNFUiv06v4IGNpYZarhUHxdwCJO+FRUjHId+ahDcYIvNtUMvNl/qUbu6Q==","mode":420,"size":1119},"readme.md":{"checkedAt":1708590291081,"integrity":"sha512-ud5VZOiqKGW3jL8zDcJoDEbM3K/ASZQygtHqDNRtZClOGX8n2ZiQru43SjnQ6V0UCrjagW0uyIQ/AdjftJYihQ==","mode":420,"size":9431}}}