{"files":{"lib/helpers/schema/addAutoId.js":{"checkedAt":1708590301827,"integrity":"sha512-uz1bJhD6NPPB8AUUpV+316uzv4MWcxQ7dwg5byD2ajRP4piP28/Uu3iDpnTU3Hg0YNaoWcO3aH4g4hrU/X8X5A==","mode":436,"size":172},"lib/aggregate.js":{"checkedAt":1708590301828,"integrity":"sha512-hk2sfasw/2jphryhratnCFHZaQZ3Fl/+zuCwLH4/iJI/DfmJDVd5hf3IKVn1apJK7yBoPeKPGNkSRQcQ8ZfP+A==","mode":436,"size":34358},"lib/cursor/AggregationCursor.js":{"checkedAt":1708590301829,"integrity":"sha512-G4+l6BLD2UvSJhumoWJVlONw534I3Ud8dVfkdy063cEQfAbT+2xj7cIX+taS8DKjonRBFIdX/j3fGnMSmm6GKg==","mode":436,"size":9840},"lib/helpers/topology/allServersUnknown.js":{"checkedAt":1708590301829,"integrity":"sha512-9LepfQEMe03rdewhJv782h8DiX2B+yUNKxxS+PmbaFrnUe5bxJ3yx0syyMQ8LF/32xJX7bttjbbYYzFcBDMdTA==","mode":436,"size":395},"lib/helpers/query/applyGlobalMaxTimeMS.js":{"checkedAt":1708590301830,"integrity":"sha512-Nb0JNSuDwHIJeVFnpuairf/qpkx0hhMH3iMYXSJ2QgTWhayiXA9HxcLPqHJ74R0WYh4WLUfUhYjWvtNzU+e16w==","mode":436,"size":455},"lib/helpers/model/applyHooks.js":{"checkedAt":1708590301831,"integrity":"sha512-iFF8uhqLTLtKd8YpiCROfrQobqA300n9wLcwmt+jVY3PNX4ejJjt2B2o1BoBiDju2Z2kIUqTz2W/kWKJwDpLlg==","mode":436,"size":4139},"lib/helpers/model/applyMethods.js":{"checkedAt":1708590301832,"integrity":"sha512-8uf7OatDWXMsSkMKxE5UWqSdE8P/5mxq9xttFR828R7Dj6PCpiM/PTSl7g4JhJNLrQXCq0wK3zGibxHBOf25Cg==","mode":436,"size":1752},"lib/helpers/schema/applyPlugins.js":{"checkedAt":1708590301833,"integrity":"sha512-3GUJ3vgmwmQjxN6/ckwX2TIgE7h8mEVpnx+gzX4yNOrvvS+QChGYe/iyrDzZHqAPH31hD240en1V8mYFIbbZxg==","mode":436,"size":1208},"lib/helpers/query/applyQueryMiddleware.js":{"checkedAt":1708590301834,"integrity":"sha512-8z7eW2tTfdTylCztDRz0LX08kKJ1LKnYU89md0NOSVFzVbB+pGqrDd6CFwraX/JeNMrSE3wYrYinuQdBAQIIBg==","mode":436,"size":2297},"lib/helpers/model/applyStaticHooks.js":{"checkedAt":1708590301835,"integrity":"sha512-MORdESId7IQxJoiocJOOAyvxh1aEGNzbwklDAKBQPZj9G6clnTjUaNEHRsfoKsh/Tm5Iy0NV0kdJH9EjedmFEQ==","mode":436,"size":2374},"lib/helpers/model/applyStatics.js":{"checkedAt":1708590301836,"integrity":"sha512-GbifmdT75WNbp93Xa2g854rFNmzTsCxduyolgMzF7tdznHz321TkyrR90z+KOJ4Sb3AzritSAeXfGlylrIUh5A==","mode":436,"size":241},"lib/helpers/update/applyTimestampsToChildren.js":{"checkedAt":1708590301836,"integrity":"sha512-ASKNYD8V3DzwwAQzyVV8AkUh5konJitChWtR2mWJ5/SIsMfmgGcp5Z1cuWun9vHnCCkEgOTFSrGPDHfDV7N7dA==","mode":436,"size":5600},"lib/helpers/update/applyTimestampsToUpdate.js":{"checkedAt":1708590301837,"integrity":"sha512-4/sZAFd7CFpdM31zwJ61iyiZmVodMfUSlzISPmKQdrkZLzv1ka9NPMapK3HH22tYGoDyzug9M3Cj0M3KPwRLyw==","mode":436,"size":3253},"lib/helpers/schema/applyWriteConcern.js":{"checkedAt":1708590301838,"integrity":"sha512-BNtq2hDTDD8xJri8aM/3KjHxddb4DpyzFflECdkcTvvpcUrW8X7aTDGHaYZLLGVmswib/UAOkPDXyHjK4GD1SA==","mode":436,"size":937},"lib/helpers/discriminator/areDiscriminatorValuesEqual.js":{"checkedAt":1708590301839,"integrity":"sha512-AZusqMHAYlxtnpoZ6Wa2fT4KobZJ09RUEoRErcYRJaxn9uDrWvvDUqqwhk04gYRuxzWY2XYQyj08ZbEAzzbw8A==","mode":436,"size":408},"lib/schema/array.js":{"checkedAt":1708590301840,"integrity":"sha512-gUVTMHLS2lFm+HiPXAqhgdmyXz9hbCavDmvfHpYJz0ZW16uOeq1/6e9u0kgznn2M1JGt4xHNoKLsOKNCUY2zMg==","mode":436,"size":17973},"lib/types/array.js":{"checkedAt":1708590301840,"integrity":"sha512-6TL2bqX0a8WkDLnmDxgrRCDnm1xbksSudJzZ2oiNixjYG4HXy+N7Qs8q5NZ5NglHQDVJ3sT/Gh6mKWw5oU1x1A==","mode":436,"size":2331},"lib/helpers/arrayDepth.js":{"checkedAt":1708590301841,"integrity":"sha512-Xq9DJ77orJfHrA6fhDyw07vefg/u40CF0pPseqIwfgpLj9ZPLS5spZCLcu+zRVSSclGEisMGnbv2PD2xps5L5Q==","mode":436,"size":765},"lib/helpers/populate/assignRawDocsToIdStructure.js":{"checkedAt":1708590301842,"integrity":"sha512-QB2Z9fUGxkhsle6XIpyiEWlmositLyVpcOxB75sNFvuENEC+Th191SzBbs0A4Pw69PyIqYADBUXlXsT7/GscAQ==","mode":436,"size":2965},"lib/helpers/populate/assignVals.js":{"checkedAt":1708590301843,"integrity":"sha512-bVEBjfr56VX5nG9fM6frkVN2v9kP4w4MSuC/0QUaR189w8Ppgh0RdvW6h8XOQ2otSMJDEari53++fLclVr7vxg==","mode":436,"size":9121},"tools/auth.js":{"checkedAt":1708590301844,"integrity":"sha512-i4/wnmt8xLaviQbYlnpKIYrITzhpjplfCFwIRUwFdIIOwdU7RP5wt3A/4SAqVzKRxXYu36G6QrMy9kZ1JGVE/w==","mode":436,"size":617},"lib/drivers/browser/binary.js":{"checkedAt":1708590301845,"integrity":"sha512-qKkdR3yvZQPA6FYw6XeOebV9V+dKkLMqAILTrMmlHS0Xk025VufTQlhFAc4oYR3wQvASxafrrmmeZ6zr0z6PcQ==","mode":436,"size":152},"lib/drivers/node-mongodb-native/binary.js":{"checkedAt":1708590301846,"integrity":"sha512-ibjfejX7EgLHjPr0I9j8XMv7yvBN9unt8PJyJklY9DB3+vBG+3koOm75gXSi6sEMbfcxAw+dRG1be+nSUkeqhg==","mode":436,"size":127},"lib/schema/operators/bitwise.js":{"checkedAt":1708590301847,"integrity":"sha512-HpSI4cRMz6+tk5SK6+zJ0BgBXUGTs8SxCi4qAUMDn8C8fHzXBrS1JD8UkgTbuptfl3lsomOrCcwfC9GyzP7Ukg==","mode":436,"size":622},"lib/cast/boolean.js":{"checkedAt":1708590301847,"integrity":"sha512-YzJpbnhrR1Q/WZzF0PUdoYbJqH4MRBCNS2V2v4rpQDEond53qf11ZthAFmpFCs/z8fFaV4uZIcqb+sYhitbIcA==","mode":436,"size":860},"lib/schema/boolean.js":{"checkedAt":1708590301848,"integrity":"sha512-q9fG1rujEIE91R/wWciG0BT8U1PVKIqD6v9Gxdilwp9DEQUu8XOwo/M33ryfOQCTh2wPadfVPs+J7duZd4iEtg==","mode":436,"size":5863},"browser.js":{"checkedAt":1708590301849,"integrity":"sha512-DwShFHp88UASlx4DffedDBvo9FzRXeKpgXzj9VNyPhE46aoWBeO5ny2xglrvYRumQuKeQKRr3PM9dy21oTOt0g==","mode":436,"size":93},"lib/browser.js":{"checkedAt":1708590301850,"integrity":"sha512-peJvqNI5ZSFK1p/fn9OGYRUc96wwXMj2ltM3oNgLaPgYiN+TCZ0tFcCGojGRzNKYkUb/1gUirmF70HGrc7bBPw==","mode":436,"size":3196},"dist/browser.umd.js":{"checkedAt":1708590301852,"integrity":"sha512-HBfQW/ljO8sAgs5L1lFsb8v/SOexDJmFYhgeH8R7A+ynh31tPrlZPuApx4IUQ25jf5X/8K1/HwYRoW9vsGm60A==","mode":436,"size":562859},"lib/browserDocument.js":{"checkedAt":1708590301853,"integrity":"sha512-Ff2xsrbbXaCWgxCbqJrnp+kN9b9XOeO4b9XckBn8DgBgAbZNZfMldtUF0OHL9zAvLjzU3H1SWUqMRdBlBeO8jA==","mode":436,"size":2707},"lib/error/browserMissingSchema.js":{"checkedAt":1708590301854,"integrity":"sha512-cQG6Qx0dCvUbuOQrXKSG2b8dYkHHdtDBU7rJ0jyziey6Lo+xXoR4RYPqE+rf2858HL+Xqz5Z8ZvFYPYGNvJj7w==","mode":436,"size":467},"lib/schema/buffer.js":{"checkedAt":1708590301855,"integrity":"sha512-dvUy9w3JlzrbP/4xdmh6dsjKU6O+Jtx+SmmwJBxT2ioWI7n8VOjgyQRWEqh/qn1JXAj3PzSbbSJMCOktftVjWg==","mode":436,"size":6609},"lib/types/buffer.js":{"checkedAt":1708590301855,"integrity":"sha512-SYSZA6+pisBOs6j7MUWyQUV4ofog8MxHyereLQVDnFd7IO6ForuuGxKJ5T/V5zhoLXSM0ecCKBqQm5rp3v1GYw==","mode":436,"size":5930},"build-browser.js":{"checkedAt":1708590301856,"integrity":"sha512-HunV3owjpiKvy9wyuuKUFhjwk88mhlsWnQqWvml8+PWXxRj8vAWBg6eD6/8VIS4aN5+fx//Wb0QGWaM24zqEUg==","mode":436,"size":428},"lib/cast.js":{"checkedAt":1708590301857,"integrity":"sha512-uqJz/CYGHMebP7qyA/tUTrDOdbVtmRnoPZRZd9BWSviJGttDNkPUvvowotY4KRD67ub0qIFWoA41pEp7EV7UgQ==","mode":436,"size":12354},"lib/error/cast.js":{"checkedAt":1708590301858,"integrity":"sha512-qsEsPtBQnfF4x1j3eku/kewLpL+0d7pwmTaYG3UpCMYpnREhdsoWkrv3EJrsvO8g5eugESDIiiSzq5cScAd0Ug==","mode":436,"size":3445},"lib/helpers/update/castArrayFilters.js":{"checkedAt":1708590301859,"integrity":"sha512-X1+GAHiCRuLBBycKMk88yc1GF8irj3c99Z06ZAkw/PtWOct7pEnTBwDv9pDgmYKXWGtiZpsw9u4wg1yNDQPljw==","mode":436,"size":2086},"lib/helpers/model/castBulkWrite.js":{"checkedAt":1708590301860,"integrity":"sha512-FZal75C51Iw1vZ4eXLMCNTUBTNwh3rDDrh3XETU/HBIoJJIRdtTj1k0B6u5+QDiGiV4kj502k5ovyq9Jzi43qw==","mode":436,"size":7655},"lib/helpers/query/castFilterPath.js":{"checkedAt":1708590301861,"integrity":"sha512-hjiEye0wbe0ivg78S3WG21IXDAHBzGtwVCIJPyNgjIej+r2TRGvu4ePd1qbe3Z/x6ZVLxoDbixJgpvPHZPG7lg==","mode":436,"size":1341},"lib/helpers/query/castUpdate.js":{"checkedAt":1708590301862,"integrity":"sha512-XilFkCLvtokPd6xB6U9YPBVYTEYHwguTYCDi/ekClMvDw8LKmzpbYz0eGVS4PeaJewheIzubSbhFbfXv6E9HMA==","mode":436,"size":15762},"lib/cursor/ChangeStream.js":{"checkedAt":1708590301862,"integrity":"sha512-aDFIbONap3yoVnKXyGEGR3ewOccxRYCdUCa8zWHE/x9YHf/XlGFMphiMEGlKtsdl6RwhCzacDooskbvyM6z5fg==","mode":436,"size":1125},"lib/helpers/discriminator/checkEmbeddedDiscriminatorKeyProjection.js":{"checkedAt":1708590301863,"integrity":"sha512-pHx5nl2kWgsYEZqQUS3/3QzbSvUeKP1KxU3wqInqv/9yHqbb6qJzDU7tvFMCKR5EbHAkMVIlkRxkhx1mIRsCPw==","mode":436,"size":511},"lib/helpers/document/cleanModifiedSubpaths.js":{"checkedAt":1708590301864,"integrity":"sha512-TsLnlMGaFB4lufVWHKIsjBbJtGBH6LwcBlskKct9MjiZ+UmEX5rrmpNyhi7DHyPQ+PCquQq9fSAW+KTdkITTAw==","mode":436,"size":651},"lib/helpers/schema/cleanPositionalOperators.js":{"checkedAt":1708590301865,"integrity":"sha512-slce3WVbUMXYxiwxlxOMolrSKQX8sExYKTT23A7VfHYtrJsjA5Ldc7vgVNY6t3PE7L99uQ2C4qwPgmqrAuYTOQ==","mode":436,"size":330},"lib/helpers/clone.js":{"checkedAt":1708590301866,"integrity":"sha512-pVxD1P7YXDB3hDMJaU8oh/+arvLOaYGY3MF8afMaAVzctlSsLtyW0dD7WvKA05r8DFYO1NOeRgiIbzO4a+wXgA==","mode":436,"size":3685},"lib/collection.js":{"checkedAt":1708590301867,"integrity":"sha512-o+d2zOpH3cJwpdATne3HCWIfllFu/IEj5IUgi3VzmkOA6QcvPHkakTjgINBSi8AguFr3qOXQqFMPDThKw86veg==","mode":436,"size":6729},"lib/drivers/node-mongodb-native/collection.js":{"checkedAt":1708590301868,"integrity":"sha512-Dt1Qhm1BTzNvbXQW1+/3CGqr5ax+1ZBxS8u44dsoba9t3hSCuYGdvhFtsahS0MCvvPE26kLeDQEm2+M/QhHL/A==","mode":436,"size":13720},"lib/helpers/common.js":{"checkedAt":1708590301868,"integrity":"sha512-kXjK2FCra9jFmGl1WTJ1PeS4muz9dSxy5kkIJ9LKJ8nWE4D1fwdsao8C7+5djXrqax+bIqApGacpFUJNIc7aNw==","mode":436,"size":2532},"lib/helpers/document/compile.js":{"checkedAt":1708590301869,"integrity":"sha512-Pfc07MQmwVRbx4wV2YVWUVUVgyOkH9nh+EOXH3vJJrWmAEDl4c/swzkQNYF2B/ihF9FVvfY3FqML3NfBoxPOBA==","mode":436,"size":5903},"lib/helpers/query/completeMany.js":{"checkedAt":1708590301870,"integrity":"sha512-kXIqiE0q56w+CJ91MrSm8smUM1Mkg7HG96C6WAYCf3qam3+SXjK/8rJ4jYpHTyescyzNrk7L8Y+scAwr97ttdw==","mode":436,"size":1330},"lib/connection.js":{"checkedAt":1708590301871,"integrity":"sha512-noxN2R/LD53EDUprTWtP+RzLelLeFTjV7n0mx/Vm+TZh6+bcXhSrUCFptrVHA0a251ejoUY5LqFJNwrG0ICbwg==","mode":436,"size":50565},"lib/drivers/node-mongodb-native/connection.js":{"checkedAt":1708590301872,"integrity":"sha512-k+VhQNUhYXxsXQtkEbfaXSpADGWCg3i1YnrhtOW6FOcUo0WSNZuw/Vh/8LzqHv0HWMNV0WE2y70+Tire47j7LA==","mode":436,"size":5992},"lib/connectionstate.js":{"checkedAt":1708590301873,"integrity":"sha512-/7Q54HhCYcrpEipNQL2MlghwGFndOrgY6jgIfz/MTSLgL88ZDHxr3QSb5yy1gdE72ZR3SpBqfNL3rTJ+h5HvZA==","mode":436,"size":547},"lib/types/core_array.js":{"checkedAt":1708590301873,"integrity":"sha512-7pT5RcEcy49Tb9cf9v79VOLv02tm3CwARoqLKSORa6yghg6ejfyEQs7+Xeu8cPBH5J4nBbbIXg8cqDkpmStmYQ==","mode":436,"size":25981},"lib/helpers/populate/createPopulateQueryFilter.js":{"checkedAt":1708590301875,"integrity":"sha512-WBkew2iZKfwaEanSGjcvkRUATd8kUdbfTB9WajMJ5Td6ZGuOMbTS8f2cB1+4EDRKqC5SNrntyMY4q2lMyVdBMQ==","mode":436,"size":2296},"lib/cast/date.js":{"checkedAt":1708590301875,"integrity":"sha512-LtrkFszUMYzZ9Vvmc4DIXqjsXUktkP7FyvOUchwC51ibok2GDEdOJfQ+7FxN51kfff2e/3oHkcg/fdiQ/isNcw==","mode":436,"size":1125},"lib/schema/date.js":{"checkedAt":1708590301876,"integrity":"sha512-fep8BR3ldcaB32ClkTsnmcB6LCkNYq2PMJ32qDqyOl6ll8RPvvOYG3qvX3UFv0mwY38RP86bbNZkvXAkC7zWCQ==","mode":436,"size":10441},"lib/cast/decimal128.js":{"checkedAt":1708590301877,"integrity":"sha512-ttd8yOadIWkCHRbUE88ONsrt0ZmF+TObDDbu2sxB9CRTNqhcctxYBCcajDHYnG2R2szju/MNg5xT8kgQkJk4xw==","mode":436,"size":828},"lib/drivers/browser/decimal128.js":{"checkedAt":1708590301878,"integrity":"sha512-zQunLnuEl0v9tamlZzHoxpF4eqEtOWnCyXZhXKn5NV1gEb81kVfdUTG1k50fHx2yDQCUJaStqdVu+7Q/DLxPpQ==","mode":436,"size":79},"lib/drivers/node-mongodb-native/decimal128.js":{"checkedAt":1708590301879,"integrity":"sha512-L/txDBqezveVM96GjNPPiK/qjwn/Y00FznOHGui3MlIUlUehGsEI5vLzv6f2ayw3Yr44J5HzydkQDkzXY2G3KQ==","mode":436,"size":82},"lib/schema/decimal128.js":{"checkedAt":1708590301880,"integrity":"sha512-XwvxvNtElsqDTZhVX5sMS/TNcXqugDX5v1fRZykS7DwbOIiLJ7Me7OjX9ALSBw+8cctLriMqNPFbOMy/nz95JA==","mode":436,"size":4530},"lib/types/decimal128.js":{"checkedAt":1708590301881,"integrity":"sha512-AVSoeIjqEhYvNHw2pp8dm2tiwpn70Q9YOuCBRde7nLziu7NQmmUl4R4VdJawmh94be0inOMtCpf5P8WUWg/0lw==","mode":436,"size":205},"lib/error/disconnected.js":{"checkedAt":1708590301881,"integrity":"sha512-ze6/NI2Uq3eKpBPZE6NAtzY4ULoSWxpL17VGY0w4m5lCgxGA6HuZFkvt/1+lmfpsEtUVD+4YHBvSIR1rT/12Bg==","mode":436,"size":709},"lib/helpers/model/discriminator.js":{"checkedAt":1708590301882,"integrity":"sha512-g/yVGMsEy4bkD3ogbUeLsXK0dduxOkWZUJW0ZeOUxqsxOiQWQ5+h6bDm1pItSEZxmiz1SsytvE5Igm7P8p/f1g==","mode":436,"size":6590},"lib/error/divergentArray.js":{"checkedAt":1708590301883,"integrity":"sha512-TutNLx3D83w6f9CiMribYK0SrpEvUkGqK19DIz+c4wYoiMN1Ccmg+xCuZA0ozCj1j2HkGn6ubmRdNufxcR5PWA==","mode":436,"size":1030},"lib/document_provider.js":{"checkedAt":1708590301884,"integrity":"sha512-Yf4I12pVINnvcQy2TDnjnNlA5iiW540Cgnz0+kYBjeqgyuchYfkPD+hcvQAoLkaaEgqXa9jA+4QQAb/C2eehOw==","mode":436,"size":475},"lib/document.js":{"checkedAt":1708590301885,"integrity":"sha512-RE6Jvt8z6AEkcmUYNVy3i0CznBIXJ9c4XiB3bxHxDtjVeAEduDTv2UJSb/mkqo55RYUDlq/WSPHOKYta0prgHA==","mode":436,"size":123605},"lib/schema/documentarray.js":{"checkedAt":1708590301886,"integrity":"sha512-0+Rxbnwi9e5smpV1dueSij++aAz8fgK3aYKZHL0dvqbWmeWGxoBh7Bgn9QwMXH+6qtar3EJgVrL3jkkOSL/Ktw==","mode":436,"size":16116},"lib/types/documentarray.js":{"checkedAt":1708590301887,"integrity":"sha512-rfeA2nOwK6QPApZx+jl0N0kgGuVAptECTGcjbnVJgDdvr0+jP5mGT5qzQhHN28VbLGBRY2xr42ZmAOOo6nHzvg==","mode":436,"size":12166},"lib/driver.js":{"checkedAt":1708590301888,"integrity":"sha512-TW3J8qkWFsBoiwWwv9juctd8avHOwDmr973RscEgS/CWar95obrl9O52q2DZvkfVFWl2yQQKxQC58Vu2MtKmlQ==","mode":436,"size":161},"lib/helpers/each.js":{"checkedAt":1708590301889,"integrity":"sha512-6sXCULudutWORj6jC5zbDjwg4LP8NAGfuk2N/g5ZduurDe/C+lxp6YmuUc1rN83P/3w0XupjNrGdiH2u+RNJVQ==","mode":436,"size":418},"lib/helpers/cursor/eachAsync.js":{"checkedAt":1708590301890,"integrity":"sha512-lX84z652Kdu8Fufl9diKQB3celZ7HNE1uaulDL+u6Duni1Jh5+J7STv1lcGJiPfuqDo14DoS4uq6vf9VK54NRg==","mode":436,"size":4343},"lib/types/embedded.js":{"checkedAt":1708590301890,"integrity":"sha512-WXYmmZ35Ky7MioqypP50TaY4vF/Cq4wdPjbAKJ6GIMAN6M+pU8M2Gi8799jhzf989cj0QAsCLoEFG0yLxEgabQ==","mode":436,"size":10755},"lib/schema/operators/exists.js":{"checkedAt":1708590301891,"integrity":"sha512-lwkA9oESgkOkfyOiGwnm6jDOr1JgtkqBVBlayiUhDhrZnU3P+MbB9zZs6wgrmDKzfU7WzUjS/PjY+oshPoDscQ==","mode":436,"size":203},"lib/schema/operators/geospatial.js":{"checkedAt":1708590301892,"integrity":"sha512-m6pFqQV6PGhmAvE21z8RwjFRNQ5rK/l7K0DTHRV7M5l4yrI1pRMKNDa66+ZGpSR/PBE/YkCtL/Ha5wo/YZsibg==","mode":436,"size":2354},"lib/helpers/get.js":{"checkedAt":1708590301893,"integrity":"sha512-baDw9xg+f3v/DCRMM8gBK7kLDbdfmDcfawC3oC8VODtwsTVeLqpedcHZGxHHq+fi9Edgx56Nv+O+0hGKVdhcsQ==","mode":436,"size":1262},"lib/helpers/discriminator/getConstructor.js":{"checkedAt":1708590301895,"integrity":"sha512-X5WMGYC0V5ggfn8WhePWGbqBO6hl7d/z51jozad5MQ6Ja+G/G2NaaPW0bZSdhyaGXINBCC8QjYeAiDMOpVA+kg==","mode":436,"size":775},"lib/helpers/getConstructorName.js":{"checkedAt":1708590301895,"integrity":"sha512-CpzRztbqfUC9H+kk+izvGqjRnM4ZeGXRbRmp2Y4OgL+A8b90SBSzdWocyNEJtvPLrWSQVS4JkqDcPfCHcNMe9w==","mode":436,"size":317},"lib/helpers/getDefaultBulkwriteResult.js":{"checkedAt":1708590301896,"integrity":"sha512-nHsX5cwVRVLPDi/FZg7qOi15juOEkRpSAg7aPN5t7J/2s5OjCBS5OQ5odFSfJXsilNJdx2C21MzFx7ApPWtOzw==","mode":436,"size":501},"lib/helpers/discriminator/getDiscriminatorByValue.js":{"checkedAt":1708590301897,"integrity":"sha512-dq+YDEDRFHQka04tz78/YkOkxs0cGOyxigQw74G+t5Ty1Kdgxj0jeDljG8NR3miGzJtS8/lVrGVnQekQ0+yfVA==","mode":436,"size":621},"lib/helpers/document/getEmbeddedDiscriminatorPath.js":{"checkedAt":1708590301898,"integrity":"sha512-savimFlw6cuUXwEskTommuzOymL1KsLjEIY6Eujuedl6EKwgy5Qa9gsg4trU2tXMm0KDBLlRXNUJvWWUfQhkDQ==","mode":436,"size":1427},"lib/helpers/query/getEmbeddedDiscriminatorPath.js":{"checkedAt":1708590301899,"integrity":"sha512-yUD6oKBXe0v9/VM3xl3BfY6K4LcRg+f/HWUjRrxgMwgPxBUYYP2x2bx0T8/8YfQqcXfqFnyqNibbfAu6OutcCA==","mode":436,"size":3017},"lib/helpers/getFunctionName.js":{"checkedAt":1708590301900,"integrity":"sha512-g0CL0PUg8OZnjz3iBjKhhert2R9LIRqCc68WJ1WbeF+OiPFIMG62Nq5tg+4LomCgdz05VdxlCo/Kap1RhiNeFQ==","mode":436,"size":164},"lib/helpers/schema/getIndexes.js":{"checkedAt":1708590301901,"integrity":"sha512-oxOd3gsOMy0ra6Pd3sKEmPkcUIvsSiCb6f8ewMxz83ihDdYHPSDGV05YFfvAmgsT8AAwdU48nvC2nxcJsq1NLA==","mode":436,"size":4898},"lib/helpers/populate/getModelsMapForPopulate.js":{"checkedAt":1708590301902,"integrity":"sha512-M7AOTaBaB7CzFphF9PmMg1ZDhptbTJ0ztGDWR6JNh/iOe2WCoZP3Z+7J3ygYIEq9pcfoNAUeOUfFhyEyz7lB2Q==","mode":436,"size":19483},"lib/helpers/schema/getPath.js":{"checkedAt":1708590301903,"integrity":"sha512-qfBmI3Dfn8mqbw69rHCfQCamm83ccJaaxa8ZCA4cZzrVMTl6nHKZq7rnrO3QGI8mWQNCqNUbDVaoyRmBwfodaA==","mode":436,"size":793},"lib/helpers/discriminator/getSchemaDiscriminatorByValue.js":{"checkedAt":1708590301904,"integrity":"sha512-ijPrcH2bNRAHIPQP86UeStJI0kHtMiTv7KDeCVQhKt9wN53XGlF2fcsizIbucMBmF5kQrnpyURZiABPqZdCYkw==","mode":436,"size":713},"lib/helpers/populate/getSchemaTypes.js":{"checkedAt":1708590301905,"integrity":"sha512-7m2ditPVdxP2Q3PwqSOvsNOPhebcKrGhbRHrEaD2buNdw0unaGUsTY2Tl/vn+9V2DhOfxHBw0uSsd+jjyEf+Xw==","mode":436,"size":6905},"lib/helpers/populate/getVirtual.js":{"checkedAt":1708590301906,"integrity":"sha512-/4ccKKwA+Ep8KseckRUMxOtKZc2tWClrV6Ixx3Ypuo0lp4MUjwEAS3sebKmkKHYH1OoBGDtf1jTZnny3KrCPtg==","mode":436,"size":1916},"lib/helpers/schema/handleIdOption.js":{"checkedAt":1708590301907,"integrity":"sha512-ijmROEaeYondaVnhQE64kc967sDuc+pqJRSU/cjYj+3svKFlMG2FKolG1/xFSQENZ/ALnCbAZY2s/Y+yJBXYSA==","mode":436,"size":412},"lib/helpers/query/handleImmutable.js":{"checkedAt":1708590301908,"integrity":"sha512-NHPjSe9IEjXy29QqNM/8Cctu6ZkVXhXQP3HBPQ3zaZCt/dkFC3yGBhi0cqHQE8kf/QCJkRrXNCc50LqjsDueJQ==","mode":436,"size":661},"lib/helpers/schematype/handleImmutable.js":{"checkedAt":1708590301909,"integrity":"sha512-3RCmFmVEpS657gY4+bNZnykuNl+yKbEcxIGZmedST6zsMyGtTwmi7CRGgSs71HmRzoOROMm0QS79WbbX4aUBzg==","mode":436,"size":1130},"lib/helpers/document/handleSpreadDoc.js":{"checkedAt":1708590301910,"integrity":"sha512-hR8eSjmoLHMON3p9oH644Y8jmmwXfnBXYg0usU8kEOWheY4h2+LvC0z9jnbXb47e/oQs0Y2DMlkoxirdEhkYyQ==","mode":436,"size":380},"lib/helpers/schema/handleTimestampOption.js":{"checkedAt":1708590301911,"integrity":"sha512-h+4YuvKo7RWzynfMNdKP0wh991+riZzvZShEX9jhmhHqNn+Hki4gLrmXUI7EGEAXXqOwafV9dWhTqeD3Dvcmxw==","mode":436,"size":363},"lib/helpers/query/hasDollarKeys.js":{"checkedAt":1708590301912,"integrity":"sha512-B5ySPNHeRFloWe9cFVXxFHQE6cVlb4iq2fE/zuVDIjKpCHPDZdLOLBPVamhIYFlbLJLLjrnbshG7m34qVGhmOw==","mode":436,"size":287},"lib/schema/operators/helpers.js":{"checkedAt":1708590301912,"integrity":"sha512-K8r39QzzEdl0LoUArEby4qA1mSvVPOdx/ex+L7uhouM5kMRDOHm/vBPc4P5O69NLvRyY72SS6oyP2K8tLu303A==","mode":436,"size":495},"lib/plugins/idGetter.js":{"checkedAt":1708590301914,"integrity":"sha512-D4QPUMtPPaChzpwb5sez+hxgOvb/nm+T8kfeNLpilgqS5cjlJSAj2TwVvmrpYqtcnUIiJtGV5wjA/dACYlhd6A==","mode":436,"size":473},"lib/helpers/immediate.js":{"checkedAt":1708590301915,"integrity":"sha512-ichxHvAF6Tz9NiOj9czmWDIawGD8j1MiaFhHH4pEVy1CW0MNq71UcKPbn2hDVGT1JGSzJyGDB48e1mSx0nD5XA==","mode":436,"size":363},"index.js":{"checkedAt":1708590301916,"integrity":"sha512-agnnDydlqyRXgBfL6ZyUI/2OcML8Mt1TOhoSpgnnxwdiVcr7c51VANoY0DO8hJBiC8G+Ex4gcSQhTD7I/lFQPg==","mode":436,"size":87},"lib/drivers/browser/index.js":{"checkedAt":1708590301917,"integrity":"sha512-IqzYHRcHWRNgPgii3ZztazKX+Kpepj7u6Sxygrm4I6Qikf6ZwMR5T1n4E8NpwtL8MjzapjoIBn0T7flxKHJzBA==","mode":436,"size":446},"lib/drivers/node-mongodb-native/index.js":{"checkedAt":1708590301918,"integrity":"sha512-0XAAUMT0cG/fYNuDxH0bJuTYGxVktXoKu4BrQyDPAEg+wTi8jfbDNj3TDXaFO2WU6bN7YW3xcUSnfsmzn182+g==","mode":436,"size":323},"lib/error/index.js":{"checkedAt":1708590301918,"integrity":"sha512-CgkXZkEgv3h3Oj9emPUAQbvByd5nF0aKdDgS89wysx6oeITKk7Q9/OyHpDSmcxD6Uuw1waFY+jIwxl7mj8RJdw==","mode":436,"size":6945},"lib/index.js":{"checkedAt":1708590301919,"integrity":"sha512-vEyxoEXcqkejF7yMzSE2sA6bE9qMb76CzK5xoVG8MFq7+xOL3dqsUAAn+oQ6DGfpHcgGGFkd5JOsWHCEcavK6A==","mode":436,"size":44530},"lib/schema/index.js":{"checkedAt":1708590301920,"integrity":"sha512-PUiTijIWskNK/U4uxGi3bfTb+faMhtqOiyheRCnc+zjZmc7dVN+0mi6u7vKpRf2ZU3URjopFVzzxrmbCRDeTQA==","mode":436,"size":699},"lib/types/index.js":{"checkedAt":1708590301921,"integrity":"sha512-0qdOwfouoZX5hF1wYznaeAmBFXJ8ghcBbkKK9LIebnXgQSb/L6x2IcqkM6oBsaSxV9KC6zTszabrG1JTD1Hpxw==","mode":436,"size":417},"lib/internal.js":{"checkedAt":1708590301922,"integrity":"sha512-+7sXD79yhkT8UkNdH49f4E0ofVI73oOmblPQ076Dk1MQrcrcDDou+945tnGk7a1S0ITT1pMZlnlH/LHWPuosgQ==","mode":436,"size":1063},"lib/helpers/topology/isAtlas.js":{"checkedAt":1708590301923,"integrity":"sha512-MnRSYviboWRDHQ7bE287c1k9fPpI5ry75Hv7yBgjzj0TINd+yGB9X8cvvI8ZF8DGFask1JiMFX7e1twN89WAYw==","mode":436,"size":401},"lib/helpers/isBsonType.js":{"checkedAt":1708590301924,"integrity":"sha512-EQDsFgiq7shyFxWbzEmhjGx5nvMXHunrED3ww3Gjp7T7Us0DCsKS6yVSW9Eev+VpGDlfTbOI/qLYqTxdrm/NIw==","mode":436,"size":212},"lib/helpers/indexes/isDefaultIdIndex.js":{"checkedAt":1708590301925,"integrity":"sha512-6cgjeR3MRpYe/upkQqCj+rOy4nWuvTb9uU4nHpW/ZE1qgBqadZuM2enqBpALv3cgIaWijsfpiopbsxtC6iPhzw==","mode":436,"size":443},"lib/helpers/projection/isDefiningProjection.js":{"checkedAt":1708590301926,"integrity":"sha512-7WLzrs3lccp5o7VyAv0Im46s2NKfNGVRd/+i2b6A+Pa8qPdbEeNsw4axeuDngais0aIU5sHfORrj/LKHqqgulg==","mode":436,"size":435},"lib/helpers/projection/isExclusive.js":{"checkedAt":1708590301927,"integrity":"sha512-h08b8R1iIAW9q7nuomS9XKV6r4JqWf7jW/UXB2ZBMFCGoerVVaH2BeSIGRzO1TRxucctk7nj8WUPQKfLFALwlw==","mode":436,"size":685},"lib/helpers/projection/isInclusive.js":{"checkedAt":1708590301927,"integrity":"sha512-wcd4dOCWvgjPEVNqWWfAADLrBfgApQXtuqBIXyIGFK6Ywq+b+4Uo2VlwZp0/HHnOi14g70F7182S6Oek4FXYNQ==","mode":436,"size":774},"lib/helpers/indexes/isIndexEqual.js":{"checkedAt":1708590301928,"integrity":"sha512-Ro036YVi5fRKVJhxCAO+tZ6QfYkV7j9AjADZ3k0yQoro0wpC/rUF7e2flc6PjovOymiGsQ8U1OAWuDF6BShuXA==","mode":436,"size":3094},"lib/helpers/isMongooseObject.js":{"checkedAt":1708590301929,"integrity":"sha512-SxH7jCsC87iORLeE4xToQn91qaeZiFwU0dJQeTR59H3nllGIZzD1yYdJrhxEcy5IwU6tCcqC5sWaN13Il7T1ww==","mode":436,"size":464},"lib/helpers/isObject.js":{"checkedAt":1708590301930,"integrity":"sha512-cbRNNmxYLzkIXAFs+44bmTgBQ3D2sDY/mTCTzz1784dqlCYJkj/zgaqG44bi/ITdqmglaNGc3GSWrJCgHbcUSA==","mode":436,"size":311},"lib/helpers/query/isOperator.js":{"checkedAt":1708590301931,"integrity":"sha512-g40Iev6ZjpQPs25S5Ei7wiR6aKpJ7jsKhpHSkpIOOiQbqDNoAPEhLeHjiN60VIImi3bEwYBilnl2zdeOwYRuTg==","mode":436,"size":181},"lib/helpers/projection/isPathExcluded.js":{"checkedAt":1708590301931,"integrity":"sha512-iaT3vii9bDAWR3FtW5mSsRFFAcyr5viI4Kxk5Jv3bSxAzcE/JT2h6LC8fE/OOnLYusrgpLqGzXaXw0XtxnMOtQ==","mode":436,"size":731},"lib/helpers/projection/isPathSelectedInclusive.js":{"checkedAt":1708590301932,"integrity":"sha512-0pF1A2Q2Xo/3UMyco32hLQbVBoll6db1S6e4Mx0oyi8hiUDqygig+uXCihPUqiL/KKdQKQ/BW+YYeEvuzTQ3RA==","mode":436,"size":566},"lib/helpers/isPromise.js":{"checkedAt":1708590301933,"integrity":"sha512-t17pmKtrXs0wwvu583oIQYXkkoRlhvWb8N3LeECPOTBz741nurQTl6R504ftS5mQxFDr7Ddjt+BPuD+jWUNQrw==","mode":436,"size":178},"lib/helpers/topology/isSSLError.js":{"checkedAt":1708590301934,"integrity":"sha512-XPZwaqo3e0Abq/vMfJBbCX9SPb+HOSUn91/DR6YKF9rXpzwimgxgxzpAR7oIDN+OE6Q75HF63OnoRYiposflpg==","mode":436,"size":558},"lib/helpers/populate/leanPopulateMap.js":{"checkedAt":1708590301935,"integrity":"sha512-hI6AFnLcwjIm94VGV+nWz/JalLLdD1odbocpjeQs3zYzcmed8S1yHjYNtKZIhzHXrbMPKpsub3lYRA//ABvarg==","mode":436,"size":65},"lib/helpers/populate/lookupLocalFields.js":{"checkedAt":1708590301935,"integrity":"sha512-NFGLShkdTylAQIzhN03rItKsetEl3m6N6SOB4TVnfrWr18leykczlkDH6TAh7XCV5HlbXNXiDWODhYoUYsLsvQ==","mode":436,"size":582},"lib/schema/map.js":{"checkedAt":1708590301936,"integrity":"sha512-ClDm/6q4bhdIKnfBtiWy6pABr7SduS6JK7/Y3958mRMrFXFaXg6zMugSVrFg1quEam2WzGCt5kaFUlHTiHCKIQ==","mode":436,"size":1715},"lib/types/map.js":{"checkedAt":1708590301937,"integrity":"sha512-lERWcRVThhu+TK2V0VhlD6fQO9aY25HpDoGGrMdTqRRoQOMTokz0GTdKDgQjBlfOwSXdbznVmxdDH/9gIMr7Cw==","mode":436,"size":5838},"lib/helpers/schema/merge.js":{"checkedAt":1708590301938,"integrity":"sha512-nBdyl+x3ZsGTXcfM0JFyrlKlLtPBvy8fRrUdX6g1I9Ki/zerPz6TlatnT++KNpHFwCKNwCkQslPSVyeCSPrwXw==","mode":436,"size":733},"lib/error/messages.js":{"checkedAt":1708590301939,"integrity":"sha512-iz9QJWzHVnpekOJ5JJA0I8IpAACtWpozT9ee+zHjhamqikA3QNtllQ6+NZkj8TfKc/KVhyArSpnWNyllyX3PSA==","mode":436,"size":1906},"lib/error/missingSchema.js":{"checkedAt":1708590301940,"integrity":"sha512-OspIheNltnxNGjwFC/XgjQRIYmWYekwtSrOpW8FSyNPX8ShgqboPja5PfcY7YIr7ZrwvF88XmO0K4oAecw0Djg==","mode":436,"size":538},"lib/schema/mixed.js":{"checkedAt":1708590301941,"integrity":"sha512-7WZZyOB6oAJ9wEdYoFmlpdRDLdBeeISg98kAtEgh4lX/6+csirascZSzGWV8MxZ1mTBMAo8+0i3kACMvkXC0qQ==","mode":436,"size":2750},"lib/model.js":{"checkedAt":1708590301942,"integrity":"sha512-x8xzaXaUxYYB0Ix4CCPR9kBIUirNurpdZaJ0Td0BYDqBq5WFBcENcWiCVG4wGcBJ/QZyfXJ9iLJgnasLV9Jv+Q==","mode":436,"size":181542},"lib/helpers/update/modifiedPaths.js":{"checkedAt":1708590301943,"integrity":"sha512-VnE2olwBGYu8edAJ3tkVQFYA0fjMeK9nhTDLommFXSQ+IBu8w/6FwSrZTGzH7HpNKKKj0GAp21X6/rNUBFR39Q==","mode":436,"size":845},"lib/error/mongooseError.js":{"checkedAt":1708590301944,"integrity":"sha512-G82Y1/QimPr7IzCx6Fm9bIedreNZJwMESQt/PZTfW5rjbfqbK1zJ50cMDqADGjGsYdU5k0CBidNcrzmUbZ2Dow==","mode":436,"size":192},"lib/helpers/update/moveImmutableProperties.js":{"checkedAt":1708590301945,"integrity":"sha512-kYbCL+Oj8Te6ecnJTA41gpRBSw9k1BdwRqXjw8kp3OVWOT/rFumaXGoegsDCPoEw5rRJe3QjxWNQ8bcEqcaa/A==","mode":436,"size":1258},"lib/helpers/populate/normalizeRefPath.js":{"checkedAt":1708590301945,"integrity":"sha512-ce4NSUSvQbsKTbd1OEITal/RTTmekGWyDzk/SUeZ0mIErHeO+soJCBS//Vs1DjG1tJfhmhOpmU2GL2QFJA4g3g==","mode":436,"size":1391},"lib/error/notFound.js":{"checkedAt":1708590301946,"integrity":"sha512-3yMb41D7PjNjmqL4j8Bo/NjZv+pi3h+9wJlVWrBjzf0L3PY4VEhk4U7+Puu30cKyjWA/ivDFHqwubi+zu+EwcA==","mode":436,"size":993},"lib/cast/number.js":{"checkedAt":1708590301947,"integrity":"sha512-Tq2340YcpW5n99nMhOmnEzgFxJEwUMkToZLfVSUFHBZQYWHJyHwVm9nhmPBevlzj7+2FIcz3NXGIA50fhnyauQ==","mode":436,"size":998},"lib/schema/number.js":{"checkedAt":1708590301948,"integrity":"sha512-HkJ18iwRfHlStFPlVGFZUBtmc2VuWwQlJTfHM42LpcNvJ9BsufjiBzboFHGTt3jEt0LkT8kPBJu6MrwT7tye6A==","mode":436,"size":10611},"lib/error/objectExpected.js":{"checkedAt":1708590301949,"integrity":"sha512-MY1NJk/B3MO8bMD2vVYqFn0WgM+5cQJFD7eqetvRIOX7zFZRtUSRGOd3Li7JS1rKnV5TSvwaOp25eU1qqvwJ1A==","mode":436,"size":670},"lib/cast/objectid.js":{"checkedAt":1708590301950,"integrity":"sha512-hvtJkCTb5sfkP9Otf0kCLd4BTSe2NUoSJbjVJ4U23vlytWoc6s7BNQtSvmSzaSgWaTRQu6MG7utWQyNolKlVQg==","mode":436,"size":570},"lib/drivers/browser/objectid.js":{"checkedAt":1708590301951,"integrity":"sha512-pxAfqVvn1YjKaKPkaavubnrkv2BLS9yPgrzznxWLFR5HuXX2bY48jnrw60z93H9BtkRnYKEuEhzkNpQmfGBV+A==","mode":436,"size":462},"lib/drivers/node-mongodb-native/objectid.js":{"checkedAt":1708590301952,"integrity":"sha512-TrnZLhPIQ4SjI3r07BEBGnF28KTHzSAGrjQq7WIAJk7R0Gqs9cHVX9B5nUdnlDmiVzGxc0kDroEYXRNzkzAh0w==","mode":436,"size":263},"lib/schema/objectid.js":{"checkedAt":1708590301953,"integrity":"sha512-c88+9N2dXomFzTpEnZjpke4vjx83fprnC93Wk7gjAmo2NrLvMI/TeanEEdMWfeksRinZB3o+EXn1AQ3S5jxcBw==","mode":436,"size":6796},"lib/types/objectid.js":{"checkedAt":1708590301954,"integrity":"sha512-5ooL9mv9wycM1c5pNazusfvIX7ktHQisX2tJnAc4xkXKO6j8oYl5AyvkKnxHHKtbT+39AABimOmE6zW7WWNjxg==","mode":436,"size":546},"lib/error/objectParameter.js":{"checkedAt":1708590301954,"integrity":"sha512-On71+efX8042RU6f/OT1i5iuJhJdv1TVkX+QBrgslvZUn+ID0vLbvHT7ADAUf8pSD9wqe2yVDP4IM1njtKgr9w==","mode":436,"size":668},"lib/helpers/once.js":{"checkedAt":1708590301955,"integrity":"sha512-8Wcsso1irvBVpI84a0LyE/x6QiCSlkw7JaJFjBZFH8ec2HZI/9jxm8s7q7kj8SIIIGLP2m5CUgYeq6hx6c82Kw==","mode":436,"size":198},"lib/options.js":{"checkedAt":1708590301956,"integrity":"sha512-lk6pjUPq/Me8gYZmx0IJz9dI8lJWYEu+iXs546YHtoFaU6PR/D1Aw97F5idBB4e1U/UMbRvF86h1MrnBA14/1Q==","mode":436,"size":232},"lib/error/overwriteModel.js":{"checkedAt":1708590301957,"integrity":"sha512-FCR8muT889nIQr+feuZ0tzmSxtsfi64fBCxu0Veful+o71fS1pSUdMtlsZ1GCFKiK3eEKHeH5liDUB+xl/BRdg==","mode":436,"size":468},"lib/helpers/parallelLimit.js":{"checkedAt":1708590301958,"integrity":"sha512-l62m4n/DnZFX+V9MOLf/KI16Dj8kirxGk7Q/e1Qm7B+3FG3VWns4badyTZkaWn955n2rza/U48lQYyFVbdQ12g==","mode":436,"size":980},"lib/error/parallelSave.js":{"checkedAt":1708590301959,"integrity":"sha512-EG7Qe49fct2rJaVeZwVDBqG3RW98jyWuaYku5dfthGpL/f4USpH1XJ3CL02IGhVFaxJVcTlzgcrFO2GcM5mV2Q==","mode":436,"size":523},"lib/error/parallelValidate.js":{"checkedAt":1708590301960,"integrity":"sha512-+Ex+DZkUyw0iqIqyNbvfu8Gv/Zm9hqua4RpjJEnT642l+GfW1AOFm7AHfeKY3AB4rQ/1UgUGexLHYSjakmAMiw==","mode":436,"size":560},"lib/helpers/path/parentPaths.js":{"checkedAt":1708590301960,"integrity":"sha512-PyCdlQRD9P7i8BApS3yFoK3cDf70CGsAEv+u8tYhYxsv6OjZln/SZVg/lnB6WNwA4/Kobs3GsnYjswep7fo2Aw==","mode":436,"size":265},"lib/helpers/projection/parseProjection.js":{"checkedAt":1708590301961,"integrity":"sha512-Ml3Xb6OJc/MT5joW8hVVq0qBdaLviq8w7RFGiwdeGnQh8KTG2BzJH+xV69K/V6QNlW9WS21a4GbGVDcIjTkxYA==","mode":436,"size":685},"lib/options/PopulateOptions.js":{"checkedAt":1708590301962,"integrity":"sha512-Y8W1IDzn14DQwDGY90IcEZ6w2fyW1voBlH0upeyDox45mNsfYXjvijXzildW8UN0lOCk21695wi8agwvUfFDdw==","mode":436,"size":828},"lib/helpers/printJestWarning.js":{"checkedAt":1708590301964,"integrity":"sha512-92z1e2Ks+xSxTYxCJYdV+sVVTrYN8qWhIMFoKUb1tmfTavZ+cPiW2Pvr42JQjgRwuFs+3S5GVXoMzU85wu9KnA==","mode":436,"size":713},"lib/promise_provider.js":{"checkedAt":1708590301964,"integrity":"sha512-7W2U72rrzeV2DJZle3GvOohCXkT4yBYRNiFQYPNc+oiCZmsHshQt/g5K7gTZ+f7X/QOwQ2FIszH4NdFOobnYJQ==","mode":436,"size":677},"lib/helpers/promiseOrCallback.js":{"checkedAt":1708590301966,"integrity":"sha512-770sCPBpQBYhDJbvyfQCK+XckyRTdGwAn6ykRcaLdhrxcmDcHdN/c0rypygQjGGvS0oDTZWgdLuShE2PC2aFGg==","mode":436,"size":1285},"lib/options/propertyOptions.js":{"checkedAt":1708590301966,"integrity":"sha512-viLeGWd2AROjUr8dmEqdJZzsXTTWUtR8QhPge7jUax/EwXjUKQtDpL1JwLgQLusV3voJozDL3NfbtkDpg6SUKg==","mode":436,"size":127},"lib/query.js":{"checkedAt":1708590301968,"integrity":"sha512-+XqPKJyCBCUz/xUYiDklnmg9fX4jug42Fv5q8HNeL5G0QKvnmtaStDLNSfr1gGpWhHnCN37tTlYTSaQwbrMSBA==","mode":436,"size":170720},"lib/cursor/QueryCursor.js":{"checkedAt":1708590301969,"integrity":"sha512-jqWb9L+mF+3rJb4Pq3QkecOo2rNYNx8TWgH+DfoiaZOVdDF2vEixqU6GiQoZwvjnc9Hu3KLmJPynLtp49xaXWg==","mode":436,"size":13612},"lib/queryhelpers.js":{"checkedAt":1708590301970,"integrity":"sha512-iTly83zfa6sKYEhZKmAkBkCp0XtTx7c49OliFcH3cd2EK15GU+k27eOzZ4Pvx/NWEc5vrxgRFCxLFGl8AkKhaQ==","mode":436,"size":8753},"lib/drivers/browser/ReadPreference.js":{"checkedAt":1708590301970,"integrity":"sha512-X4y1C6LpWJhii0RVgoJ5KusMuSi4rvUmSaowqDVi9z62ff5nnMqPmLjy2FJRFHRPoNxwQP7Z+NPfsP7t2QfYqQ==","mode":436,"size":66},"lib/drivers/node-mongodb-native/ReadPreference.js":{"checkedAt":1708590301971,"integrity":"sha512-yPx8XQA/d0M+uTvwOQQHTbaj9T7yCw7vdqkWahry5xUNVVkevk82k9aYc3lI8zd6vu6X5I3ASGbsfUAWuFN4Fg==","mode":436,"size":777},"lib/helpers/populate/removeDeselectedForeignField.js":{"checkedAt":1708590301972,"integrity":"sha512-Y4f0UY6qGADD8F/vn/UZyGHSezY8yjYWPX0jy+9vEvCWu6Rh3lN7P0MUbVG39Gxi2NVgR6TnF/3p98vE5xeavQ==","mode":436,"size":743},"lib/options/removeOptions.js":{"checkedAt":1708590301973,"integrity":"sha512-hEYmg/HCMwLQZ5ZQgVt6UyRvYgjIT0pn9OQ/fuPZjbTP3TvCRpm3N5tSNdar6fx2fzxsKwgLTbdOqhAsry5VIQ==","mode":436,"size":220},"lib/plugins/removeSubdocs.js":{"checkedAt":1708590301974,"integrity":"sha512-Ln7pj9J5GMqrZkV2LdOnHjQiS2XUDDPuVqALjxrriXlOL+kSIuGZmAXm/DPu7v8Reqdd+Ly7+W2Vx7FY6XSCsg==","mode":436,"size":642},"lib/helpers/update/removeUnusedArrayFilters.js":{"checkedAt":1708590301975,"integrity":"sha512-JAz04htiJnIGi54sihx5lcFE4h2guNk09ixaz0QLhJJj1ZD3TWuII+nneSfUC0KyJmX0o5k5xO0LhT0Y4bJ6hg==","mode":436,"size":1149},"tools/repl.js":{"checkedAt":1708590301976,"integrity":"sha512-zx1rEtKCjv0fdYu+sgS0QX0Ljkcs3/e10/PtryZpUZGKIlmuMa4e+PcnuySbqzXNjVNPLonXpA9HksGqquTIjw==","mode":436,"size":751},"lib/helpers/query/sanitizeProjection.js":{"checkedAt":1708590301977,"integrity":"sha512-+Z1Rh7nwNVon4zByTe1eqJvw22dYGCjG1K3LFJMfqLMoxYqhUYShApW0tCyW7H88DV4eZFXhFPkaKTv7nxO1rQ==","mode":436,"size":295},"lib/options/saveOptions.js":{"checkedAt":1708590301978,"integrity":"sha512-40uR1Z2VBj+ICMzQZ8nRCt0++dlAkqHMdesRdhIECQrR89sBKNpMHLEcw0IuINV2xsIZhvvA/EpG3yb0G2Eibg==","mode":436,"size":216},"lib/plugins/saveSubdocs.js":{"checkedAt":1708590301979,"integrity":"sha512-3tquoTzDzy0nLA+5nDCZZYrwR+z22YfetLKIqHEKLcLAEliTZlJ5VvwCIzvgAatDIbY03ir9W/+pQUPu0uQVFg==","mode":436,"size":1412},"lib/schema.js":{"checkedAt":1708590301981,"integrity":"sha512-SmxFCYhdjHA4ZEs13L38QG53PcqeRJOYBJgnzQXF4KQPLikwqI0RSBPHV7IueHdJhNSm1evJ/5ld5C98iD0xAg==","mode":436,"size":65673},"lib/options/SchemaArrayOptions.js":{"checkedAt":1708590301982,"integrity":"sha512-WuTcp13DwUuyn6NRmJo8vBJqEB5+Nr8oM0zRRajPSSHaIU0s+6g8sco8fCAxRcPyakOCCEKbEUWHcHLbysnxug==","mode":436,"size":1348},"lib/options/SchemaBufferOptions.js":{"checkedAt":1708590301983,"integrity":"sha512-zmIZ9BJxaLrXmztbZD/7YGvob2i4an/F9FmTHm9vuu3/aLFZ15o+wvxzeSZmiQEoy9cZMFpzXU/Z4u6PpbG2ew==","mode":436,"size":743},"lib/options/SchemaDateOptions.js":{"checkedAt":1708590301984,"integrity":"sha512-VcbImLCZcJKZRRRpCa3+gddXN85rytfif9jnHTN0TI8MNlLMW3H1hS5U8UTrIca2wO/+sRFqeM79Bih5TzMecg==","mode":436,"size":1264},"lib/options/SchemaDocumentArrayOptions.js":{"checkedAt":1708590301984,"integrity":"sha512-vK0GuzYZ8YAPnrfM80yPA3MpVldMb1wdHTIMO47F86F4hK52bQM5gp928lw/3uzn8Lm0pOShzoujK1/xy3CRVA==","mode":436,"size":1775},"lib/options/SchemaMapOptions.js":{"checkedAt":1708590301986,"integrity":"sha512-nA7ITkBIvMpJ9DbITbrUAblQ3A9g9F4kB/VYeLxbeoGSOA8UIbNfUcxhKq5pwYmlw7Y1l4HhWHoX+DYcvFPFBg==","mode":436,"size":1109},"lib/options/SchemaNumberOptions.js":{"checkedAt":1708590301986,"integrity":"sha512-1/fygUvK+zDjAzGYbTYWyVzKEAnQb7/ww+bqGa/OqsD8G8yy8tJFrfkpyin3szF27/MOZyK7yjggoJUJWa1ZzA==","mode":436,"size":2152},"lib/options/SchemaObjectIdOptions.js":{"checkedAt":1708590301987,"integrity":"sha512-UmrzlPAsrzO5SXiWD27Wl/pX4B95CyPT2tLYgY73iK2ELXKzR6oYn+KRfOqd+FOlMHzx/WTmXgiB6utiBzeIcA==","mode":436,"size":1381},"lib/options/SchemaSingleNestedOptions.js":{"checkedAt":1708590301988,"integrity":"sha512-IlcGCMk0JVI01Hpa7co8IzteezY2bA38v31w9T3KHMiRncTc2LYa8zJ37DJCagfWyOWH4lffAEr1DIWLLwsGUA==","mode":436,"size":1026},"lib/options/SchemaStringOptions.js":{"checkedAt":1708590301989,"integrity":"sha512-Kphxmy8bgHUwQ8I22gXz8CnPIZ1WwvnDyNZGBoOz1B+Q9vDIfZg+FGyuqIgUhhtF15lmlyMzYzFYavc2rvjgsw==","mode":436,"size":3428},"lib/schematype.js":{"checkedAt":1708590301990,"integrity":"sha512-KPXLJIGeYyOmzaJ0CpQ/1fS0NY0P1vLGIP8ybyTjU3ECJ2USppVrC3ZixoWZWLohzVpnqNaBDd7VJTc8PJ88og==","mode":436,"size":48221},"lib/options/SchemaTypeOptions.js":{"checkedAt":1708590301991,"integrity":"sha512-oX6J5BXr9qyCMT7YGb9CpiHiJa6L+86X2WK8lcZIvfO1J8jn7y5XsQ7pk0PtMc1F/SOzY1DS+Y6IEk1wzDSwVg==","mode":436,"size":5703},"lib/helpers/query/selectPopulatedFields.js":{"checkedAt":1708590301993,"integrity":"sha512-fo0LO5TS2cNhJtBCfPG/wnRFkm2F2PJwp7QXPm7rKIvBVvBgsfau+WakzuOjcIxeuIRdsfZgmpKp2kq1cEVsNA==","mode":436,"size":1211},"lib/error/serverSelection.js":{"checkedAt":1708590301994,"integrity":"sha512-g59K6eejlhQKhcFj/zaKdT6Dqw3tN5QSGZyQyDrGw2ACKqXfiTHCfMKrxt3n3J2tbOmIbj8SwYpNxEGLM3MWjA==","mode":436,"size":1896},"lib/helpers/setDefaultsOnInsert.js":{"checkedAt":1708590301995,"integrity":"sha512-FtJ5Har6z5l0ZUm2hPguYRAp4sILQuWdsihQLrUUKSSshXQc/od8V0i4n/kSrZJR2o9kIGzdqXC/e1L9sEBy9A==","mode":436,"size":3638},"lib/helpers/path/setDottedPath.js":{"checkedAt":1708590301996,"integrity":"sha512-oEzrS1eciNn4LY/VyTy2SMCiQjUVJlLgqGAALqMR4/si75XfwYauVAzHoFRnEG1sVlyvfBsG3/sQA6xLrSC/1w==","mode":436,"size":311},"lib/helpers/timestamps/setupTimestamps.js":{"checkedAt":1708590301997,"integrity":"sha512-ApgcfeNwDV58oi5X8uyEyZ5ILGBO1EQ1QJFhk2USQgHBkTci0ZJvEPeZOWesbqwoAHubLLzB5t7/bkQod11h/g==","mode":436,"size":3609},"tools/sharded.js":{"checkedAt":1708590301998,"integrity":"sha512-AlCN4ykDdZCKqq2/chAub8vaL2oPZYOuKsvazD9Fuib8161JFIrAnQp0lDnkDY+Rzo4CNnXi2++p4IVmn/mqRA==","mode":436,"size":935},"lib/plugins/sharding.js":{"checkedAt":1708590301999,"integrity":"sha512-qx8M8Qic1SjqsN22QZFdBQIuORgiZSN3nHCSD/LNI+3oI8fJej+zRmVH5fCZU4fhKj2xyrU19UFRZC/lVN+huQ==","mode":436,"size":1666},"lib/schema/SingleNestedPath.js":{"checkedAt":1708590302000,"integrity":"sha512-NCRvU5VObFkzoApiWLY8mcGrLrMBsrFepEgwLmtuQaCG+uheFYrgskYmLjtiS6DipRszt9WlP0QiZb5TW5ly+A==","mode":436,"size":9257},"lib/helpers/populate/SkipPopulateValue.js":{"checkedAt":1708590302000,"integrity":"sha512-TfyrmIT/tJ5OgxMTTsTzJLc66DumbLU3DiLIl0HFLyqj+myqel5+Iwe1RMrNElCgOO0N4xdymxoYXKh28GvpKg==","mode":436,"size":191},"lib/helpers/specialProperties.js":{"checkedAt":1708590302001,"integrity":"sha512-dxCRsRz8R7xmCwt5EGpwqp5XmCa+UaWUhKZSQ4pocG/5w911BgYrEy3Ly8MMo4/iCdwQzZCqt7oCaEJ7ThnI4g==","mode":436,"size":83},"lib/statemachine.js":{"checkedAt":1708590302002,"integrity":"sha512-W84edCFvzivA7L3AVbpQsD3f1AkJ2ThLSls5QPZh7dOGt9+B9G1MmdPg23fAOe/tiKJsrcuRhsVlG61NeZjxPA==","mode":436,"size":4425},"lib/error/strict.js":{"checkedAt":1708590302003,"integrity":"sha512-hUyKSA9TmzTcrnA/Q6ofMf67mhlXvYyx2CkzZRjfDmtpr1uZu3TlvbJDwFHciOenAJI5MiB0W+2uclkrEstXHg==","mode":436,"size":670},"lib/cast/string.js":{"checkedAt":1708590302004,"integrity":"sha512-Q0j4jUDK39bBzOTpX/KkNBMxtI4UzzSnGV0i5uWj5Zh8lUwVIEAK08+SS9plAbZN2c32mFfwYHfi1xvgJeCZ6Q==","mode":436,"size":995},"lib/schema/string.js":{"checkedAt":1708590302005,"integrity":"sha512-tCGFMYFAJItxauniOfQLDBq7xQrEZehW/lebHbJo7EuyDjYq34yXZfxFHxdDmUVB55Yg/qlD3fCd8zzNAVSjUg==","mode":436,"size":18222},"lib/helpers/aggregate/stringifyFunctionOperators.js":{"checkedAt":1708590302006,"integrity":"sha512-EyVVQ/B/SBLU6nZlKdcyq1SkYju8v8OmES4favcjzN59NLYy29yqo7JBD6SyZ6zwDyiq7FXiXkj6xjOCk776+w==","mode":436,"size":1427},"lib/types/subdocument.js":{"checkedAt":1708590302007,"integrity":"sha512-RKj0/meWctzf045ojaXG1p5ujHr2cJ/io05wJufnXQ36Qx2H6GOCYjViQAPVYlY0pLIFg6gnUjRZ1ofe2GjfKg==","mode":436,"size":7572},"lib/helpers/symbols.js":{"checkedAt":1708590302008,"integrity":"sha512-32Nd1kPdgPUcVhcZPPaDj0OS06JcNxnbZfOFQ6/H7VrwWpVpZeiV1Vf2Mq4CoNdphdfzciVCmNPt20Z6Qq7+HQ==","mode":436,"size":1095},"lib/schema/symbols.js":{"checkedAt":1708590302009,"integrity":"sha512-nbbRlPCGKbCh1+lTHtAGGsHdiw0v8IIccNgYmupgpgE5Rgw9iP7FU8qJbHkVOva9bkisHkB2k19X0CcpxL5rcg==","mode":436,"size":152},"lib/schema/operators/text.js":{"checkedAt":1708590302010,"integrity":"sha512-cV0VkobteiG4Uck76vC8FEvnSniQD38FXAjBfJ6OWLHC40cKzpSus2CqitQzugPn7SSIyX7jncDpYOSHoMk96Q==","mode":436,"size":1134},"lib/helpers/timers.js":{"checkedAt":1708590302011,"integrity":"sha512-HeoSPq+jALMm7Tv2ULRATODV94rCbVskQTAeiCrWB8Rq1O1pdYKwvDbd/8qrFuBY09PlslqzfOgjGknPyTOdwg==","mode":436,"size":47},"lib/plugins/trackTransaction.js":{"checkedAt":1708590302012,"integrity":"sha512-f+T+4bf9jTi1ziiXTGNRMRjAgdyNB0B50qmlGbDUqKQfOCDCBmLiYw2sJKLlMfp5sNwzOTZcVPTICa2544/5/A==","mode":436,"size":2874},"lib/schema/operators/type.js":{"checkedAt":1708590302013,"integrity":"sha512-dUAXE63Ad1jxFr7Rcg6RLRlwtJnI9QgQAm22LPLGYq9EBERvjX9EtXGVpyIYnUdHHvazwze2aGtbEy8fzKW+OA==","mode":436,"size":447},"lib/helpers/update/updatedPathsByArrayFilter.js":{"checkedAt":1708590302014,"integrity":"sha512-GQsCqw4D/UiravN0rmr2JpZSibcCbvbhokLeR88FFtq4OB0u9bzG3MhhHJEJ1sKejZCClJDACqM9ERdTonB+Sw==","mode":436,"size":728},"lib/helpers/updateValidators.js":{"checkedAt":1708590302014,"integrity":"sha512-9H1FtIVC3scyKwFKILzXE8UB+sp1bjIYhhKOlOEGrLskGhXT/T0so+Thqh1pg2IfSYwGsxwAVT2k1mAuAvBzeg==","mode":436,"size":7764},"lib/utils.js":{"checkedAt":1708590302015,"integrity":"sha512-dCJ8wpq7EhZYz0P9kqy48tXbUaxkKM05n1H1LeWbojcsiO28LDk3LAnVBC8FkIsWO2JmMsVDiZ3XxvXYJfl1vQ==","mode":436,"size":20117},"lib/plugins/validateBeforeSave.js":{"checkedAt":1708590302016,"integrity":"sha512-aT10xPQyQCXMFGdZaMtrk3UuwcNKC15fBdRAIv8x1iMaephvKZlxi0DCvNwG77AwMRhYdXUjh9jBmb3A3sHvmQ==","mode":436,"size":1258},"lib/helpers/populate/validateRef.js":{"checkedAt":1708590302018,"integrity":"sha512-LKTmDjTuDRAGwjMiUBIhgrr1YKWMzH+ZdtuZ0Po/Uii0kPL0/y+xvzFuT4MzNLLbs9yzghW/4WFgxsUM3eawxg==","mode":436,"size":383},"lib/error/validation.js":{"checkedAt":1708590302018,"integrity":"sha512-3M4/oWviquRd3TY/H2mhz0P/rBc3MghS6vEV6Dr92xumDGDahk0YFwfUEek7jLcKm1AwM6eoSM5Bxq0uaxy7Vw==","mode":436,"size":2133},"lib/error/validator.js":{"checkedAt":1708590302019,"integrity":"sha512-fHl+gN6X0b1DwN42XXK5ysSjXMH0Vk+Lz4506vFsihJ5PGQCtLo92vi8tzwAgmOQtYe/AmEzL+QAF3Q2DWK8xw==","mode":436,"size":1899},"lib/validoptions.js":{"checkedAt":1708590302021,"integrity":"sha512-fjorBFH3PDuJ3CrSUO2pheHTT3H/s6Po6TUtVlp8LdBXL3OAcYEp0B2N9/eL3fA6Ckcy1QAYUhm90lE4vGxFLg==","mode":436,"size":642},"lib/error/version.js":{"checkedAt":1708590302021,"integrity":"sha512-oZnSC7Pc5+yjuh9g3MOi/c//ZCAy1xtIPDOIVpLBUB+/bAdmNFBnEtkMSh14V5IUAzzzJFencXaStMdgXp/4sA==","mode":436,"size":771},"lib/options/VirtualOptions.js":{"checkedAt":1708590302022,"integrity":"sha512-OGnABu0rqllMLIzI/37k2s/D48U8Zv/6W8WopaGrPhKxLqmhE0kJRmpsTRwDpmKpiQVwWe4wnwlAHBAG9uZRqA==","mode":436,"size":3632},"lib/virtualtype.js":{"checkedAt":1708590302023,"integrity":"sha512-gRMXLcCYTM/ZzcLPDJKc1taHtPysB3jvOcM3ZmUn8sQwoFb5ynVqivbYRYK2xJsecZge91XVLPOnxBEcF1QqXA==","mode":436,"size":5740},"lib/helpers/query/wrapThunk.js":{"checkedAt":1708590302024,"integrity":"sha512-m9LzJHUZBXJrVFFjEogdAuks26xSV+x5F346JonuI/w7BNd5iGbpzNIAJF5hgUxd2fuIMcLTT0wUZv1h2LGjgA==","mode":436,"size":526},"package.json":{"checkedAt":1708590302026,"integrity":"sha512-6ouJRoY8yY8wSoKBBBdHqwtkUZN3k45kS6WqEvBRNV+xcla2MAXVkX2gZjVD5XZxIYy9/dwNSsQy5Bui/aVckA==","mode":436,"size":6192},"gh-13988-notes.md":{"checkedAt":1708590302026,"integrity":"sha512-F2OWBmr55xwr+ZPfyoFOcyEd6ServrQCccnU1sVbMqf2mdGxaS5gu72bBkALBpaNy3AQxJywCz5myd4SdMyXPg==","mode":436,"size":120},"History.md":{"checkedAt":1708590302028,"integrity":"sha512-QoNJp9B5DJgW7CtMxuuejeantZZsbbOV/BqpSOahkHwL+j4XsKcYBxKCjUpPPziJVAod+Pptmmi9ytD2wju+Yw==","mode":436,"size":374698},"LICENSE.md":{"checkedAt":1708590302029,"integrity":"sha512-bscAWRLdU++MkQRXfNDCkp/c7NYcCn0bOxTK4Mjpqx7M9BYISwx8BLhFnxfKtEdTw4G+H0mWUpwpygJXJgdBVQ==","mode":436,"size":1130},"README.md":{"checkedAt":1708590302030,"integrity":"sha512-Y8F2dezA3xipRolus7PuGdiNOEkutOv7L8MSQorehHA9n/EfBqBI7Q016hZhdAqvmJrSlT2DTUGTwkv/KmvriQ==","mode":436,"size":13035},"SECURITY.md":{"checkedAt":1708590302031,"integrity":"sha512-LFTpgyyv/+z4EpRP3CXS5vAt5z387rl487XU6RNoFHVfhD0dTZqUx1gCfEEm6hgemfH/bLqhL9Gc4iN48wOPzw==","mode":436,"size":125},"lib/drivers/SPEC.md":{"checkedAt":1708590302031,"integrity":"sha512-hOmp/saAjVdFaxSf01FzYOFLAB81rpiU11qcD307FkTFa9pX6GANqdBUajzCOFZAVte9q8NOUCOcT92NpFVyFg==","mode":436,"size":21},"index.d.ts":{"checkedAt":1708590302033,"integrity":"sha512-1eMjjN4N9iQo0zcsfSU71qvOGRgo/JBQ3d/ZYbuR7s5UlPxa/D9u+fiGBanaxkrA56XoinT8AeCoh7xcG12eCQ==","mode":436,"size":141231}}}