{"files":{"package.json":{"checkedAt":1708590286280,"integrity":"sha512-j+goaCQuCo4dzLXTaYDdgWi03DtZ84GxR1jE0jIxFiXGQncD8y4E6xMZxMjZa+nzOEXYVMRT4fPLUPMr3sghGQ==","mode":420,"size":1322},"README.md":{"checkedAt":1708590286281,"integrity":"sha512-o7lK1mDoY9RtBEwTTE0Eci9gIE2cytCpxjlH+EDarCjPYPpXqravX6TEaA06KxbN6Vwx6Ppaii1f4UDnnTlwjg==","mode":420,"size":21434},"LICENSE":{"checkedAt":1708590286281,"integrity":"sha512-WK3bhIHPdiOH4KruvUG99g+o8WQN91zFyk7KpedAbxEqwt1p/hCLdUCIYy8pKHE3x5bXf6b8QVcshYwHMOnYhA==","mode":420,"size":1082},"index.js":{"checkedAt":1708590286282,"integrity":"sha512-uzcuKKy70sjadSd8KIg5h28ix8hZu8y2sE04AwTf27/j4CWudn1XHv75Oz1v1kR+GXC/Ec0tTD7jaspbwjVtUQ==","mode":420,"size":26801}}}