{"files":{"package.json":{"checkedAt":1708590293105,"integrity":"sha512-OK0e7FnmNHtoAll+90UDRk2M/Uu3Kc2hZ5wZd4JuraUqM8YcAmf1LLwGvb25rWQ5M+ft8F5E2qtNIMjztctjiA==","mode":420,"size":1272},"README.md":{"checkedAt":1708590293106,"integrity":"sha512-057mAQ3Wa30i5oeGmjumFkbgp1W4HvL4lpuNIucqvAQradCrB1KVtyimzGpARAhyhaS6aVjvFKXMyLgD3VInTA==","mode":420,"size":4123},"LICENSE":{"checkedAt":1708590293106,"integrity":"sha512-oRecjj+Ty0QSZ1pSaJ5E309i5W/dqJJLejf+9/BRvhDgBb2bg8doXR4cnOwgxzR7dqUML/CI+C+rhz8e+NN3JA==","mode":420,"size":1087},"index.js":{"checkedAt":1708590293107,"integrity":"sha512-4VOkJED8mjP8lBobieTgWHXFoMIt9eBzksAFJSyC8EuaPfPAWDbz71PrPucCT47du0TN7rIhf4lYjMPEoouBLw==","mode":420,"size":350},"index.d.ts":{"checkedAt":1708590293108,"integrity":"sha512-jCPGKFqaiXyy/hAoUB5NEGGpoWioaaoA5/hKkaDjDXnmJEnLLgmW/G6j0X6hFoExh5C/9dg4JBP1mf7qPagEOQ==","mode":420,"size":109}}}