{"files":{"LICENSE":{"checkedAt":1708590266341,"integrity":"sha512-K8oUvDsqpjIBgTY/s/cQHHjXpRJdpfWRxIl7KZZIZr4hTrKA0Bb0iUdpmddNmDmmhIF/CNkgYgEiK4wauPVVeQ==","mode":420,"size":1113},"index.js":{"checkedAt":1708590266342,"integrity":"sha512-oTLS/9+N/uWUU0raQCL2NaHVHAjn2Z6N14pTSRvLWWTRCC8Xps6ICwUj+HUvnw7Vjs7FiJTgmih5dEDPL9UAzA==","mode":420,"size":2067},"package.json":{"checkedAt":1708590266343,"integrity":"sha512-mMAF0Dkor4PWkMGoCDyoV3sjSLl0GeF41/njszQYAo0uRwPteMu0ccuewf3onELz1zoPqHtIA1vaNIx8MH17pg==","mode":420,"size":1492},"README.md":{"checkedAt":1708590266344,"integrity":"sha512-H1KzuedCYN6/yB+dan9XWFqfJWYpS9O5tDnsqItShfIVh4gD9gkdSVzmV4E+PvoOUzsEfVAmJ9t5Kp+xC28x9A==","mode":420,"size":4590}}}