{"files":{"LICENSE":{"checkedAt":1708590274320,"integrity":"sha512-KYRMN3MVTuiy5XkFDHd5PnQmHaQnt3z16nsBDePxZ9YNmq7IFlslpBBlR3UI+zvlbEemzowOYeKil9a0ZkOYxQ==","mode":420,"size":1106},"README.md":{"checkedAt":1708590274321,"integrity":"sha512-kz9HPypjOU8B+TyCubidXRG6DI7GyLahi/YPu20OliYHeYbcYI02kVciATOW8I2bLjAGd/GMk0jMME2OfFc8cg==","mode":420,"size":446},"lib/asserts/assertNode.js":{"checkedAt":1708590274322,"integrity":"sha512-dZVhgB7YCAXfBtwAM145Y63E8KU3rZHgm6TXwEHDelIdhEOpA95b66LB5biAkQcdsAK02SQ0qLkjHVsbXr0SsQ==","mode":420,"size":465},"lib/asserts/assertNode.js.map":{"checkedAt":1708590274323,"integrity":"sha512-5Re6gLcCxlfIyFXl0f/WLSc1jStPO8Aq4hFTvBYvZ47LZeTUr0L0Twzb2le0fjD498M8UGjv1ixC6egQeFfMiw==","mode":420,"size":826},"lib/asserts/generated/index.js":{"checkedAt":1708590274325,"integrity":"sha512-+uMoakPRW3hUF0UuzdHNX9dvyY+J11Z9NXaRR9liEbBnvWT44sgzYqJDt19X5577RUeBwmUk/a5oKNjmiX62Rw==","mode":420,"size":45025},"lib/asserts/generated/index.js.map":{"checkedAt":1708590274326,"integrity":"sha512-P3hVFsF4mDbGJOSmLgCnJtyo/YapaiieOCcrFyPPsoI4ITjBJaMTCLRTBqAhfxHOG3XUrsY2NepbWaAd7430Vg==","mode":420,"size":99773},"lib/ast-types/generated/index.js":{"checkedAt":1708590274327,"integrity":"sha512-KhTqZ+ckTTJjsStK25EeRKU3dum+cND8xk6ESydR9WVKechkpBAB8PDnGRp6Cuc14RPp0Cn6EuFtLEkozyZ4RQ==","mode":420,"size":36},"lib/ast-types/generated/index.js.map":{"checkedAt":1708590274329,"integrity":"sha512-KcNB6VQUTblhXh4/bfaik/Zoa3on8fvWptRsT8clte+Fq9sVK47AdkuIDmfmwh3jaKVMMMpqoYRDDcTNYPw1CA==","mode":420,"size":220667},"lib/builders/flow/createFlowUnionType.js":{"checkedAt":1708590274330,"integrity":"sha512-kTM0VJr0e4Me73SPRmZ3AREI3dUDkRoTL+LeV4fpLy1Uw+OtGSU8f/8McGJ6nCtH5X740HN2oyUwMdSQDhkYNA==","mode":420,"size":534},"lib/builders/flow/createFlowUnionType.js.map":{"checkedAt":1708590274331,"integrity":"sha512-J+T/l8zyz6iMx4u+riuXem7lqYagEjDDKvVB3cS5W0wzLDxaHB7oMcumHvBafMujYRY2L7Ev8MzruFrJRsyG7w==","mode":420,"size":1197},"lib/builders/flow/createTypeAnnotationBasedOnTypeof.js":{"checkedAt":1708590274332,"integrity":"sha512-YixxxoV3pwpfbe8Zp+yefBiT+T9vo/6sERejRvbnTJWvTIL8Kw2unNK7xdHy45lq+N5UHhtyAjcGgya/ElnlCA==","mode":420,"size":1058},"lib/builders/flow/createTypeAnnotationBasedOnTypeof.js.map":{"checkedAt":1708590274334,"integrity":"sha512-Ak7RgdK4JdH1vfaItp1KFfBwWWcGzvG9j/lLLL+mgayqyOHvxnjvaOt3Xn9mIjY6MWmHfhP3yUzNq6mgXm2SAw==","mode":420,"size":2646},"lib/builders/generated/index.js":{"checkedAt":1708590274335,"integrity":"sha512-L4/d9oN9eiMeObkV+pzaVf+CK5UAJd9LLBp6x4GQWQon2bHqDO134G5cY/ZqYNfuKUo/eFuQkPiVNzH5Ls1Pbw==","mode":420,"size":51582},"lib/builders/generated/index.js.map":{"checkedAt":1708590274336,"integrity":"sha512-aMiG2/oK6Iq+BBRJd3i55sxKJqQEBHj9HZ6FXR9h0XnmhPRjPyCfzYXTaFOeR/eO+98+eTGvOu0+A2t6UFCkWQ==","mode":420,"size":110843},"lib/builders/generated/uppercase.js":{"checkedAt":1708590274337,"integrity":"sha512-9bea4hwiQHN2VChAd+VP5Vz9EJBSYXIvi/us08AxmrOHD0UdCYLcHT4z1Gqp+kcwIzlOubdAZ/5MzfgRZfUxaw==","mode":420,"size":35515},"lib/builders/generated/uppercase.js.map":{"checkedAt":1708590274339,"integrity":"sha512-FASUeE1QNnSvlDgC63vSZ/myrFpIgAl4Br7232zfvanwRtaE8gcyEEPIvUxYcaRSB2o1fiFmTuPZsrZqcVCmOQ==","mode":420,"size":12731},"lib/builders/productions.js":{"checkedAt":1708590274339,"integrity":"sha512-2zr/8BnnBga2ND88zIQpCm2mDIvjPwXRFmQvCSVj2dMaipwemrq5xJzSXRRGKYXcAS8dE0IOjwDmBiA6mUUcCQ==","mode":420,"size":333},"lib/builders/productions.js.map":{"checkedAt":1708590274340,"integrity":"sha512-hqrcRyAfVsHRm+UTayyPQd/3n7aLIMCbmEwosW8OdDDAkrZUqKRan+neLqVGxfbi7gleDNs/xR2fGCjkdms4kA==","mode":420,"size":511},"lib/builders/react/buildChildren.js":{"checkedAt":1708590274341,"integrity":"sha512-Bpk40tEWwyMRo5QJOqEXRpj6t7W45i5V7YWlXJe+zgdiPsfUNyU1s4zyVZx4yIO7q7NZMG1ssSZY5qxDCZqg3A==","mode":420,"size":769},"lib/builders/react/buildChildren.js.map":{"checkedAt":1708590274342,"integrity":"sha512-WTSJcsOXlL149h+CCq1pTYVUssNfTW2HLsOvzYOf6oHnxpOaXIkG6x9tI1d/GdQmDXy5Dd6KLCn2EXe0YNBX3w==","mode":420,"size":1781},"lib/builders/typescript/createTSUnionType.js":{"checkedAt":1708590274343,"integrity":"sha512-mtTD56dfd2ENZQGTkCj/mx5ykWev3wEZ2A8/BgudhKM54KXUnhLZUwoeW3FChrUVptrnunVmSHGSH3IrleHTeg==","mode":420,"size":729},"lib/builders/typescript/createTSUnionType.js.map":{"checkedAt":1708590274344,"integrity":"sha512-a4jZGONej6ZS4ZJ+f75Jsq+0ZoVxjnKx7cFiozUE44LaItzO5rh3XSfTel6cmk7Q7K1kF5G4EEeeY78r8CUBJA==","mode":420,"size":1613},"lib/builders/validateNode.js":{"checkedAt":1708590274345,"integrity":"sha512-JgTmsihJVlkrCwMyUZ51zC4kp4Z7+eF5079/G7SdRPjRkYDIytv0j61wVQBx1cu/o5RjpSTkzGTmstrYtcZLFw==","mode":420,"size":421},"lib/builders/validateNode.js.map":{"checkedAt":1708590274346,"integrity":"sha512-uGkeQlC+63AU0Dy600SnmiiSaJ5m7+fCG/6VOT+9r+OKUG3pU2Oz78IACZHzew/Z8BheO+mecMZO90vDtABoZQ==","mode":420,"size":974},"lib/clone/clone.js":{"checkedAt":1708590274347,"integrity":"sha512-5kC1EGWG63J1QkXD/ZWcQkxXwAUhSmtJKKP2fg/fPL40ZlQe6ecKr44JIXyWCuPTZFbHT9ZeC/FB27Xt93zzeQ==","mode":420,"size":256},"lib/clone/clone.js.map":{"checkedAt":1708590274348,"integrity":"sha512-I1W++AOKF9pY0OEuEBSj9JPy/Z7b4/8g8Bl98w0HP8mGXssgzbEAQQ1rHdOuVkOQQsmk7UYJ6X5WFgEWY2ujQw==","mode":420,"size":611},"lib/clone/cloneDeep.js":{"checkedAt":1708590274349,"integrity":"sha512-GnKXinyJg1pSGMANOiTZVVkXv5LGTwlNsBAvMry783shV/BITuij2f8I0v6avq4ljzFz5U65d/ck5YnNznD4dg==","mode":420,"size":261},"lib/clone/cloneDeep.js.map":{"checkedAt":1708590274350,"integrity":"sha512-M1HdMM/+YJR7JvoocrB0uER6+k8isFc5ZlWklbQQcvG1k4YNBUVjJOu3SnaQ41rCBVPg4+TS2cv5svi8/pQjpw==","mode":420,"size":619},"lib/clone/cloneDeepWithoutLoc.js":{"checkedAt":1708590274352,"integrity":"sha512-YVtT2Id8KcPjkXPhGwVJTSeIbfE9rcAn2YZXmFNfIXA8d3Y8eq1ZsQwiAYx6PCxCi+oGa+sjx+6q3OpfD8+m3g==","mode":420,"size":303},"lib/clone/cloneDeepWithoutLoc.js.map":{"checkedAt":1708590274353,"integrity":"sha512-m+4c5R50hffNXcO/6Dv994O0upyK0MwmqgairWaKQG6TH0k7Q4UusyNHPqnuKr/QITgX+KBQnN2/bCss+KPOkA==","mode":420,"size":719},"lib/clone/cloneNode.js":{"checkedAt":1708590274354,"integrity":"sha512-SURzR8Sm6aQ0i7O+VU2yAQ+r4Kh8za1AnAfWvxCPavwY6AAZGa7Jj8lZha6QvFNzu+e7HS1AAjca911zD6HiPA==","mode":420,"size":3098},"lib/clone/cloneNode.js.map":{"checkedAt":1708590274354,"integrity":"sha512-k+yj4eQMoosObX543BhzuX/aw0bv+FcZrZiPaKd3A2tylZp0CVDcuZmWaQCKX1+n51q+ZSqfD5lA3xtjeWfY2g==","mode":420,"size":8604},"lib/clone/cloneWithoutLoc.js":{"checkedAt":1708590274356,"integrity":"sha512-nFdTkqA9soBqdXTK4zDisal6M+gZPA8YBPsiw6JP0An77I8Ff3cWA2HAGdTcU5q9vD0Dq9NOkhov86MEBJY6Dw==","mode":420,"size":292},"lib/clone/cloneWithoutLoc.js.map":{"checkedAt":1708590274356,"integrity":"sha512-HoibV7Ex5I5vVEidjIGQex3VN+ZPVptgL9cvX4hHhPmUaZmHUc+qHosw1wlYdFpHzWF/c8/iUa3IEqJRgYaGFQ==","mode":420,"size":626},"lib/comments/addComment.js":{"checkedAt":1708590274357,"integrity":"sha512-D46geXfn2xv4fFdxNWJZ5VS2tFsLhAjsDwLlj4VdBhGLBMQc1gwawqrk2giJDN5WcKaSfEbSM+DNFDK7ppWv5A==","mode":420,"size":374},"lib/comments/addComment.js.map":{"checkedAt":1708590274358,"integrity":"sha512-XK210J2qnSX/woBWtxw+yWKcQ1MkoDH4ukJSg0TcLSt7pxSwrSc+dQgbZQv4+pQ+jEtRUazDXvVlUaq8WaHFkw==","mode":420,"size":882},"lib/comments/addComments.js":{"checkedAt":1708590274359,"integrity":"sha512-0bCRJHRAJVD3mlLDhQ+3apfujqcX0hRxNCn5xHVSEBf05CX7r74+QHW95YpdzLI8dKBjcEbQlsndu1+UzviYBg==","mode":420,"size":476},"lib/comments/addComments.js.map":{"checkedAt":1708590274360,"integrity":"sha512-5byUPVeKFgHsxN+jcP+DfTmmEHlAPPmuk90L0owjrbBAeqccnJvn2vOmZeft8YibIh5mSNzVfkDqYlDLKKuu6g==","mode":420,"size":1184},"lib/comments/inheritInnerComments.js":{"checkedAt":1708590274361,"integrity":"sha512-blh8djDXzmCW8rajTo7Nh+vWE3YqmnF9PAAl7amhYGxs5AEK6v9jPlyzN4hYT27ZZtsCS/RxTMkdGwGJ91VUWw==","mode":420,"size":323},"lib/comments/inheritInnerComments.js.map":{"checkedAt":1708590274362,"integrity":"sha512-+jNwTfIjZoHULVfguf9tFZ6fixlDoIFWGEMyycWWF0wni/9M/Va62AImWBvCwDwudi7ynV9/D2t1Qj6k/DmQYg==","mode":420,"size":560},"lib/comments/inheritLeadingComments.js":{"checkedAt":1708590274363,"integrity":"sha512-9jrcljff7Y56SYyAZ+EZ+q2XFukr4cwDKLiQgQrWjr3zSbuSlocKsTCl1LAE8wSXZAr9WB3Ta6SZdTSuaTed4A==","mode":420,"size":331},"lib/comments/inheritLeadingComments.js.map":{"checkedAt":1708590274364,"integrity":"sha512-v7zMLrpGx15dm2elpPzpFqbzDoBs34s3vhkDte+BaBzy0PZ4Xuxy5h8fJw0DErxsBJMH4N39BhVXq7k17D3wdA==","mode":420,"size":570},"lib/comments/inheritTrailingComments.js":{"checkedAt":1708590274365,"integrity":"sha512-GbRNdVPfnVx6wWoygbHPJgBwdK9wcuesiii5b4hDw2C466Ml8YSgw7I15YNNwyqoKlSXi8JIXkjwDGvZAyKsZA==","mode":420,"size":335},"lib/comments/inheritTrailingComments.js.map":{"checkedAt":1708590274366,"integrity":"sha512-6wcNkYafVaeiEczlTOYriLzvTKwXyEkTsUtoS6MjtUSDmVhNeboLmSk5l+Quu6GqR+4QdoTyhl855HR0/B0Zzg==","mode":420,"size":574},"lib/comments/inheritsComments.js":{"checkedAt":1708590274367,"integrity":"sha512-Wzp2mGA48JlQ5PTxtxglDlBwYPx9nKgqV50XXUzQRiwiVL2NOzFmg8NOeW+EtU+rvht6BoZpCQiwLRtY+0bfkQ==","mode":420,"size":595},"lib/comments/inheritsComments.js.map":{"checkedAt":1708590274368,"integrity":"sha512-ZGl1sHtIPuoKsn/QYn/YiAV0AA0X/k3IAunGNDg7MC6XEk7ARBpJ+Mfph1oP9paRSaeej2Slcs4mNQFnpz1GQw==","mode":420,"size":1179},"lib/comments/removeComments.js":{"checkedAt":1708590274369,"integrity":"sha512-KTofcb3TNaTtp1JEVSgjSve3CYytC2HhHA/0WcYeye0Ya8bt7celkrfHyIKFFb7ELWOMoT2sisVcpW19IdlfPA==","mode":420,"size":321},"lib/comments/removeComments.js.map":{"checkedAt":1708590274370,"integrity":"sha512-2Dm9okmlKBUtpbLuApeLERC+1kasazmti5RZRak+5vGNB7mqYt/wKLShwRXS1DMF6xMTJBQV58OeI9TH695GBw==","mode":420,"size":675},"lib/constants/generated/index.js":{"checkedAt":1708590274371,"integrity":"sha512-KPvToE37SWx8rKW4LlWrH93HwlFk5+zYxjJGqw7FmeBY+WML0vcYlk+HSQqQGPTm+M2iF3aUUBfuXuFN9Hx3Rg==","mode":420,"size":6216},"lib/constants/generated/index.js.map":{"checkedAt":1708590274372,"integrity":"sha512-7KBgE++qv/HgYKVmrkfYkf7tJv3kVYIRMNBypDZOS3iBH3660nkXgNJnlz521x+weyFS2yFo80WVDm/w3opH7A==","mode":420,"size":8456},"lib/constants/index.js":{"checkedAt":1708590274373,"integrity":"sha512-2a+YG/px7kt/YEBLpvkhWlDotSDVv2AxB2tWGwg/Z4zqQvNn6q0SRHd8BQ/b/6E1hRLfedG71vXRpQtTr3Vgcw==","mode":420,"size":2851},"lib/constants/index.js.map":{"checkedAt":1708590274374,"integrity":"sha512-s6Xf96FOvOUDh3+iT0lNY5S/WMc4a4yDg7mHvFOT3DntQ50Ofn7gyVB6MG7MzU0wj2CRg87nKeclPA+l0cnOFA==","mode":420,"size":4535},"lib/converters/ensureBlock.js":{"checkedAt":1708590274375,"integrity":"sha512-O8qHm01YFRg3MSlI1wDKfMcIZ20r+Fk4FfOgrIbISh5YEhB2ZMbnOB4ZGJMQGiT++Kn8tUj59AAjGi4i1+tXdQ==","mode":420,"size":333},"lib/converters/ensureBlock.js.map":{"checkedAt":1708590274376,"integrity":"sha512-7AZt3mkJ+p2bL+2rTRiRnYUZw7gNHWPM/4gi0sH0SwBriPwI4XUmkk6p9SKrrbKRlH8oCHxBQMOUIYpF47kjkg==","mode":420,"size":1006},"lib/converters/gatherSequenceExpressions.js":{"checkedAt":1708590274377,"integrity":"sha512-3WAJR4tfsW4CIjQe5BMyEbCZaKwSwDWbmcbO2vnuSgNENVO8LRemtfg+v+TQmyAn0EzXcuYiRqyWdkCgVt3eZA==","mode":420,"size":2373},"lib/converters/gatherSequenceExpressions.js.map":{"checkedAt":1708590274378,"integrity":"sha512-qIowEYDyO+g+ymGN1TO+Mek7Nf3ERFzocs9Zq3mwmwauEbiMgB5Cr/PNUrrFc81atqCxeYk1EdhqkR6o5NBP5A==","mode":420,"size":6055},"lib/converters/toBindingIdentifierName.js":{"checkedAt":1708590274379,"integrity":"sha512-k9xnRaoKTnKpswyDF6Q+Tnse9HaHkTaP/rUqMWmTu/Yr+RHicwO0jCDKxGAS6FvPcWZQ/md8LBMRBlcEbJE9+g==","mode":420,"size":393},"lib/converters/toBindingIdentifierName.js.map":{"checkedAt":1708590274380,"integrity":"sha512-KBHAtZ2j75C7oGHpM4ZGpPt4U4DAXRc8MZLm+f2jo3UH5EWfLZtdOusycq1FpYf44ogGUyTp+d4umvM/AapU8g==","mode":420,"size":657},"lib/converters/toBlock.js":{"checkedAt":1708590274381,"integrity":"sha512-FNNRtKXsbRRsqOl4wuEG+SfQ4652IcjyerRaaM+r+0ZVU7163TArkVqlId01SeUXiVaYOtIN3uLUAZZgYM8zfQ==","mode":420,"size":758},"lib/converters/toBlock.js.map":{"checkedAt":1708590274382,"integrity":"sha512-n4BVaWg5XDBdCoI1ubQNpDj6kDzazac0srjPKDwiRkcJPANN4XYkVOXv4maOs31eQ7Nq8i2YV/94nC0j0AtdzA==","mode":420,"size":1693},"lib/converters/toComputedKey.js":{"checkedAt":1708590274383,"integrity":"sha512-ZlT3KFY0IU0BDZr4aVTOvhNtQDC+nho9JErFYYrvZXaABE70+6oGL2yF9WYjcp5NbjgpIpnAlGfPZccLzumU6A==","mode":420,"size":450},"lib/converters/toComputedKey.js.map":{"checkedAt":1708590274384,"integrity":"sha512-zdGRizE8k9pxn7xZVvZKL6JIU8t4FHGjaJlz0d9ObiFTXJ4tRRCgKFWGHIv5LKHWLcKqHiwa7jBpsW3AlQxF0g==","mode":420,"size":1203},"lib/converters/toExpression.js":{"checkedAt":1708590274385,"integrity":"sha512-PH9AqrZVhI6pzSueIITiXZ5rEw15PiUZwZgVBd3PNvF9ETTbrcPYJQNW16zH1lpebPULpKwP0eWvNNU3pyvnAA==","mode":420,"size":710},"lib/converters/toExpression.js.map":{"checkedAt":1708590274386,"integrity":"sha512-WdVUjDFG4HseDm+xmH086rJxUoT3L+opCHYjzK7zVhcsteqf1JupU/n1t8+h4ePpVorfErOUqm9fTzbK2Wl7Jg==","mode":420,"size":2380},"lib/converters/toIdentifier.js":{"checkedAt":1708590274387,"integrity":"sha512-HIRHYCspww86wAJrg/xG0jEsNk+/1OGi9aDDgUQfqRYPOzhRuyKNX6QxynKrZbWpJhrhJephrSYTwHPFWHTGCA==","mode":420,"size":737},"lib/converters/toIdentifier.js.map":{"checkedAt":1708590274388,"integrity":"sha512-cQa4gSECLFh5o6hUr6o/GE8zgWiPRVnkgn6fsfRWgWmOKgcu6bls+4vGlhY+ivglwbMtY76Zpqob014ff63K1g==","mode":420,"size":1633},"lib/converters/toKeyAlias.js":{"checkedAt":1708590274389,"integrity":"sha512-KR6333ImCk+bs/XNKJAC3kee3bLL7tDCbhMVlcS5tbXM8ZloIfGUotsZ55n4ygsgwqfHH6HvUOHkbzGe6laLtA==","mode":420,"size":1047},"lib/converters/toKeyAlias.js.map":{"checkedAt":1708590274390,"integrity":"sha512-pkMIm+JyXdAS3xzCUk886jiX5AOTaDj22pcmgzL7Xtm62yD8BhPijPNltANtv9WKCo00/LR7t3eOKa9BbVrebg==","mode":420,"size":2651},"lib/converters/toSequenceExpression.js":{"checkedAt":1708590274391,"integrity":"sha512-SkFttfCyXFHxTvRKdLHJHzgxJ0JzCMozMK8xbr97EKQjP/Ww5Q9QubeE1U2kMZINn8rK8KsbHr36tUGpoHckPg==","mode":420,"size":549},"lib/converters/toSequenceExpression.js.map":{"checkedAt":1708590274392,"integrity":"sha512-8EVVGLZZJah4uiWpXBinLcE9c23VUiN3UDs5aostOkPE9loY1VyW9x3BL6t1VSACUkBzEz0c1JsbAzjPqes/PQ==","mode":420,"size":1794},"lib/converters/toStatement.js":{"checkedAt":1708590274393,"integrity":"sha512-uEXgAwt8toFyKOM5ZyL20Mxhw4Q+O4RWOQKl/NkQRjmnXmWuWZS4XR/YmVKsvIEQHR+x+4R8sQbmN/zleANV7A==","mode":420,"size":997},"lib/converters/toStatement.js.map":{"checkedAt":1708590274394,"integrity":"sha512-JcIZ0HPk6ljHqRuX8SrOODyUPB+rJvxykOivpz5wCqqGOQTxx7OJssxkcFxuLg1f0CkpXMcpLSDkE+bw/YJgGA==","mode":420,"size":2957},"lib/converters/valueToNode.js":{"checkedAt":1708590274395,"integrity":"sha512-We0RCeDlCwmI/R42I2pjkMxIfnFKXKshM+6pJ+vYFfbW2C4ByT09t1Ccf1EMj/fA0K1UeaiF09TXP+P/Hgn7QQ==","mode":420,"size":2447},"lib/converters/valueToNode.js.map":{"checkedAt":1708590274396,"integrity":"sha512-8ACHyshHGQxOEW3Yr/2FRLxcv2chF6xXfK9vLyppnEUXVKd3Qf2EaH/lfQsGEovA2kUogoMz/Fc/4te6tcinSA==","mode":420,"size":6970},"lib/definitions/core.js":{"checkedAt":1708590274397,"integrity":"sha512-JzI2T+O8swln7mNNJU7A6dpkF2+v3oPqavH6Fnxo54U+2Ui36SS7OgvqZqDfnffjIwGczZFK6J83pZ8vXWLoZg==","mode":420,"size":55631},"lib/definitions/core.js.map":{"checkedAt":1708590274398,"integrity":"sha512-NPXmee7A7EZkPMkU3K+B8Ww4rRMXioB/Y8hLjzl4vz1lQmTWpnTBemgW1hUuByE8w9UHfW63tZxYrHMCG3JaEA==","mode":420,"size":120428},"lib/definitions/deprecated-aliases.js":{"checkedAt":1708590274400,"integrity":"sha512-6mFBNY+GYHU51FRZJ2vIoTTtkIXx8WV+VukXjfm/400h+vvW0u0yH2tRuQwVqEscz0Na9ZiDfE8B8G6VnLC3ag==","mode":420,"size":275},"lib/definitions/deprecated-aliases.js.map":{"checkedAt":1708590274401,"integrity":"sha512-VIo6V65jUD9SY+CmmHei+vB2Ha/0ek1huDfqibjcGEolq5vw2K5iX+5yQFKKex6v815uJFxjIsztV/OBcxssKg==","mode":420,"size":343},"lib/definitions/experimental.js":{"checkedAt":1708590274402,"integrity":"sha512-6MSZPBZ9E7V0C7IM9nPU0Ks5iJ/sUgWZD/fNEQ76RIQR60KJuBDUY7rI5uZve8OkWOUH5Ho31jTKAUMMWrx5Lw==","mode":420,"size":3232},"lib/definitions/experimental.js.map":{"checkedAt":1708590274403,"integrity":"sha512-+L2O2tQcFwYbuOn9uozY6AL7dJhxw9pHLmcE+i32VyoSCrnS/V4G5psglaeKa3NMHyb/z8u3rV+QqU/Nh8u1oQ==","mode":420,"size":7236},"lib/definitions/flow.js":{"checkedAt":1708590274404,"integrity":"sha512-TpLHNyENPfeWzYgApYoFIcyQYMJBuSAAbghOScEBG1fzbnKlKCco2UZ3NhtG2Ek3FOks356z2BNGdUxi1fmP4A==","mode":420,"size":16164},"lib/definitions/flow.js.map":{"checkedAt":1708590274405,"integrity":"sha512-7hHVkQ9JZ2ZOM7+l7vmYO52WkMxxi1obx5lskGX1oY0UNCHvF9Z3dFIcA2VnXp6kUlGPNS5AVjQrVrC4hDqtJw==","mode":420,"size":32679},"lib/definitions/index.js":{"checkedAt":1708590274406,"integrity":"sha512-cjJ33a4QvzgKys54ibV8ZAIxKpcFslQ+c1ve6wrgbWfRqfBxtjJJIkOCul68vao3XzusUI6kiwp0pEsBGcZOxw==","mode":420,"size":2761},"lib/definitions/index.js.map":{"checkedAt":1708590274406,"integrity":"sha512-992SdtZoABQRGRxj9tHGc22kC81J7gtx4Yc7IYdqclSaLoUPdwly4wtprXLt/AcrZ7yy68NmLR1m5QtlV0SdwA==","mode":420,"size":2891},"lib/definitions/jsx.js":{"checkedAt":1708590274407,"integrity":"sha512-pkFMIFnyVrp745apdbTWhbfSM2R3O4d2gDbgBmJ0Sbp41Y66wh9iR/kpV+84XssrwbEjjubC1c24ysZZp4mHcg==","mode":420,"size":4382},"lib/definitions/jsx.js.map":{"checkedAt":1708590274408,"integrity":"sha512-svBn4cpHnMrorqJtfWKxImTZVs58Cjs+BEhCNEyHgTGl1kYXS7HK6ms9JApzatc91m1g0wDmTYCsexhDO133Ig==","mode":420,"size":9542},"lib/definitions/misc.js":{"checkedAt":1708590274410,"integrity":"sha512-I1aZwQrb1fXUrCj40SSNcNW2MFEGfqB9Wx2kHFKZFiI1uR9DtWqjf/yKG7s3IjjJQwNqco4pkpQZRSap28cepg==","mode":420,"size":675},"lib/definitions/misc.js.map":{"checkedAt":1708590274410,"integrity":"sha512-ivbh/FDOVM+9y3JplcC6dImafmYS1f0tUaUI27jsNOn/8tUga4c4mCKged4QzS4EK85jREjsordrDc0ZGu8IRA==","mode":420,"size":1669},"lib/definitions/placeholders.js":{"checkedAt":1708590274411,"integrity":"sha512-P66DQdF4uCEodnuYVNJ6L/h8wotLg+QpUcr0BKRDg3aEmH/ndklV6CY3+u5ek+cfGIKVGr2rye+A06Xmk+N1pg==","mode":420,"size":1049},"lib/definitions/placeholders.js.map":{"checkedAt":1708590274412,"integrity":"sha512-3gX+s7W8oAeWcYrRyV7m0rK7jXS32/Ow1oNaEjZ7rsGzP/8kDZvRaiQ7SNp9hzE6odHtAKww+CGrpAv2JnLAzw==","mode":420,"size":2059},"lib/definitions/typescript.js":{"checkedAt":1708590274413,"integrity":"sha512-apl0KD2TLauMsjjHZGvqIShdqM62iNSPQIMmGktPSRSw7mHFTCeXM3dDicwNZvKbFXgJ+QQkOCzNOZkjEKJiew==","mode":420,"size":15694},"lib/definitions/typescript.js.map":{"checkedAt":1708590274414,"integrity":"sha512-IFgmenWh/IptQSPEgYNyGMLx8/rDaXV6vyemSJUtlgui0oojmwSY7WqgcRLuPetKNJ8yVe6rBMzIHigB/RG/sg==","mode":420,"size":33600},"lib/definitions/utils.js":{"checkedAt":1708590274415,"integrity":"sha512-bmfY43oHjSyb67ggkBKk3nPHRbwB0tLb2HrkrzhoOHDq48k8Gig83LiCpopdAOPcvUct1N9BBwrYqGyGF6akrw==","mode":420,"size":9019},"lib/definitions/utils.js.map":{"checkedAt":1708590274416,"integrity":"sha512-dMKC+5F/yfSE8LXgGy1TbOTm4TgZnH76DxAhhWucxn+sJtQ9dxtDTC8racfDwMoqJKny/mFYjl14Icfgh2l1Bg==","mode":420,"size":21142},"lib/index-legacy.d.ts":{"checkedAt":1708590274417,"integrity":"sha512-JhFu6FA0kmwQkmY99gHBr1b+hcfuS9MTq0UF0zc0u65+3Ntb76avW7y1R+xDGkLvkbvO9Zd5zE3HxGgMBtsMpQ==","mode":420,"size":169314},"lib/index.d.ts":{"checkedAt":1708590274420,"integrity":"sha512-WzrgdsE5+3eGvLU7LG0sYkaw+GQ6WVCJY0o6VcVlX4NaOQkncjgU4wSG4uyijxat3mcx0VAre/KBZpGaSaDnDQ==","mode":420,"size":615029},"lib/index.js":{"checkedAt":1708590274421,"integrity":"sha512-8ieJjoRTWJsT2hGWyH3s1Ab3fN2YpSXcWq8YW+7qMMniPZGNu2kzog4+aFmCcKQBCfBlEcnlA8+TZWRK9nMoXQ==","mode":420,"size":17033},"lib/index.js.flow":{"checkedAt":1708590274422,"integrity":"sha512-QIeT8MNtAbdwUlqF+VvSnlgRWlShoR1fcOlanHIasKFUz46sXOpFAd7QEKyrebzMlHwoUQtMedLwq/hGpUcjrA==","mode":420,"size":177927},"lib/index.js.map":{"checkedAt":1708590274423,"integrity":"sha512-i12wHnDTLZwvaXlOO4d4WeVJ6sQjBtndyFzcivYAodE6cMPjyuq5DRC+XGBU8H+UIfQY0xDDT45m0cgC8JJvhg==","mode":420,"size":13013},"lib/modifications/appendToMemberExpression.js":{"checkedAt":1708590274424,"integrity":"sha512-a2EPLnIgcZWYHtFNvkOQk+hsEf/Vg91Wvo5ekHZUILXQRWuaxS+FJpe7o5hV8zQ/vEcfLT4Kiv/sZLBapDPniA==","mode":420,"size":480},"lib/modifications/appendToMemberExpression.js.map":{"checkedAt":1708590274425,"integrity":"sha512-rXO1BGltTxI4UMHNCEF3KgHUqG8LfpYECX/bqJE9Vs6JXnLcRhiujsehgQm3cP8IODrMfG1ux9mDAHSjZ4yLzQ==","mode":420,"size":1096},"lib/modifications/flow/removeTypeDuplicates.js":{"checkedAt":1708590274426,"integrity":"sha512-uWsfejec+MiJ3ohQsBI3akAdbcJWxBQyY9cQkV8bA5qH9UubMrtmEZh37E1C2Nr2b3zaaC2lFFZMfh0t1SxLAw==","mode":420,"size":1873},"lib/modifications/flow/removeTypeDuplicates.js.map":{"checkedAt":1708590274427,"integrity":"sha512-EfORcMk84Ip8Vt5pzZ3ruuC73gz8BL1L6DJ8RnPPOdhWIU7I4EtB1wNbpZErMHUbwM01K5KchAClxx9ef4dP3Q==","mode":420,"size":5012},"lib/modifications/inherits.js":{"checkedAt":1708590274428,"integrity":"sha512-PT4lUAPP8qwKXpaAFej8GkrurIRMjm4XvwhKiIsNGoa0C9M3m80IthRUmUDRK1+g5DPqUSl8HL4+QtXNRtGWnQ==","mode":420,"size":741},"lib/modifications/inherits.js.map":{"checkedAt":1708590274429,"integrity":"sha512-Xvq0pP00ACUZ0BDWVngewCLT3qzeLEbBXri7ocvZJaCXOEnSJ3VQJ6r5ONIqdivwz5PVLBQBjG802jgBBbL+LQ==","mode":420,"size":2131},"lib/modifications/prependToMemberExpression.js":{"checkedAt":1708590274430,"integrity":"sha512-iNzNV02iyhajDCwFuiTE34WlsJXzmioY6OhTWV7hbXnsHAFhahA0/JmurZKWwraLRxNMaQu41h0O07vE+eIZ/g==","mode":420,"size":552},"lib/modifications/prependToMemberExpression.js.map":{"checkedAt":1708590274431,"integrity":"sha512-knLe59FN2gLs1J6fAc90g3GkbnvDuUkeBkikopE925Cmk/u/2wO5bw3MKwKI2uMmA2qSHdFxAOyfzVa7sgxFWQ==","mode":420,"size":1163},"lib/modifications/removeProperties.js":{"checkedAt":1708590274432,"integrity":"sha512-0nrzOeIHvtZGn8aEceiOu/u9xYVTi3lVScdplyiop+HRS9rc/Bd270FANauyBNe2VbGuRdbS9RPfd05CbagYzQ==","mode":420,"size":797},"lib/modifications/removeProperties.js.map":{"checkedAt":1708590274433,"integrity":"sha512-nJcxcVAG4ikhocqR06b3F/VLTEyffiAQrkC9K8kMqXIw9pY2kyPA3Oq+2dOu9udBl9PaJCOsCJP8g+7Wdnv6Qg==","mode":420,"size":2373},"lib/modifications/removePropertiesDeep.js":{"checkedAt":1708590274434,"integrity":"sha512-S3A9QeIWILjVDr2EYQ4Utpbh6W0QeX9aPNI1622mqkiWY1/j60UCVwK0HM6ZlrhP+MFFF889Ez4FVI3z+eWphw==","mode":420,"size":418},"lib/modifications/removePropertiesDeep.js.map":{"checkedAt":1708590274435,"integrity":"sha512-+Ye+lbNAOc+QNOVDrE4KEivrQcioCTEK/g5voEDIpernfkBELxY+3pCv90/acAQQgGzN1EY8T7SNfw/8mOIivA==","mode":420,"size":787},"lib/modifications/typescript/removeTypeDuplicates.js":{"checkedAt":1708590274436,"integrity":"sha512-EJG8wV1IYDU8H06txz0UOiNVi21OxQGFPVrkldke38BtvnunLSaBuzzn7eo0NMOU4AqO4TPpW3oiAbaE9nzLSA==","mode":420,"size":1869},"lib/modifications/typescript/removeTypeDuplicates.js.map":{"checkedAt":1708590274437,"integrity":"sha512-mAkLIV4Vvq6gr4cWfT9fIrYp+m/+KHvsoMeIizcEZ/d5lrJJtQ7dPH9ehwQkh9SmJRtEN76xISVKKFhyA6CN5A==","mode":420,"size":4945},"lib/retrievers/getBindingIdentifiers.js":{"checkedAt":1708590274438,"integrity":"sha512-Y1Z5AcWABX/i56JLuxnXaMZXMMVlztEH2gvO7NQpoam399MbXnxjQnptLcooGhGDPIFUy52+ptRVq8ovT82DTA==","mode":420,"size":2796},"lib/retrievers/getBindingIdentifiers.js.map":{"checkedAt":1708590274439,"integrity":"sha512-CUGOsv+CgDgsG6lcMnYSLQ6EB+pcPwYxDJDzudbmS9Boq+OvNIIgy17kkoZFPm622ba5NTXPP94fhTysR7b/Zg==","mode":420,"size":8592},"lib/retrievers/getOuterBindingIdentifiers.js":{"checkedAt":1708590274440,"integrity":"sha512-DqhqvRMwoF8RGXU2EUzZERHgkzcJTVpVWxfxBdK/a1W7/HWCex5BZVUTCtFKK2QE4YNZLlFL+bjcOQBdrFV9gA==","mode":420,"size":419},"lib/retrievers/getOuterBindingIdentifiers.js.map":{"checkedAt":1708590274441,"integrity":"sha512-CD1Ft8GaMhuBLTmhZjtyhdOgSuojm1TyqxAPo0bfhx7jw/bo+hAItRpLuARJ/nIM2hHH/Nwqxau/w6Fo7Qmtog==","mode":420,"size":1111},"lib/traverse/traverse.js":{"checkedAt":1708590274442,"integrity":"sha512-VvGyH5NzhOdnEUi9Q4630C7Tw3N4FRfL+X7nrsaB/0LVZiyKlwMX2IaZYI8t12is5mKR9sj4s+fzJ9xwtK7onA==","mode":420,"size":1227},"lib/traverse/traverse.js.map":{"checkedAt":1708590274443,"integrity":"sha512-2nUA+lqvCmg3v5oXCX+hPMMJ011scIqpyNMRdgxBguRgmI6jucdJoGowidlsABFkHKA5VRdWQHkEip+MlXtc5g==","mode":420,"size":3525},"lib/traverse/traverseFast.js":{"checkedAt":1708590274444,"integrity":"sha512-1UVnPEpfu375uZ6ZjAXQsYpHZcRFBuKkFiOeBfRMYW+MvXGh8eb5xl2omBego05JR4Tot8aaeRJnJ51nSUyixQ==","mode":420,"size":622},"lib/traverse/traverseFast.js.map":{"checkedAt":1708590274445,"integrity":"sha512-kaWs4MP1VJeO0NO9cTqF9j9pNwfTsdJQvTIgeoqb3uFWvGL0vzL7oEHKw10hIHuiFCpC/IBjYtK2nOQOXLsEhw==","mode":420,"size":1672},"lib/utils/deprecationWarning.js":{"checkedAt":1708590274446,"integrity":"sha512-3V1NTpU9N1yYb+gQUz8bkBtsKSUyD6lNyq4nU0E1HEkvn1pu/30WVjnfOBhGglK2izirz+MuHEIjN2fhA3qllA==","mode":420,"size":1201},"lib/utils/deprecationWarning.js.map":{"checkedAt":1708590274446,"integrity":"sha512-grZis2iTl32u02nTb5vmjIeoOm9tb7hjwjFMrzKVG1VXkpFrGVWrs3oNSpFtQF3p/45jgnp3nqy9vrcXhleFNQ==","mode":420,"size":3069},"lib/utils/inherit.js":{"checkedAt":1708590274447,"integrity":"sha512-Ba2Crq9y2mxcedJcXmicyrku9Lg79cJq0i3em5jLEzmfgq03OZy//hdZU37liomCyifdw7D0XS1c8Id2JjFcXQ==","mode":420,"size":304},"lib/utils/inherit.js.map":{"checkedAt":1708590274448,"integrity":"sha512-PHJWWFzwXYq45KsE0Y+hPG4lXgDbRm+EJdD5vXiAPTLl5Rifuj7cnZMP/uh7vf72ZGePFpALBLVNNx87p0HNog==","mode":420,"size":874},"lib/utils/react/cleanJSXElementLiteralChild.js":{"checkedAt":1708590274449,"integrity":"sha512-2VIEKwcemPzGdrn3e98cU+FrWQ3TOmmzLMLkgN6dF1c2BfBxTUm3FpQpqOdV9fRGj9Wths9nzdZ7CTQSsiEbLA==","mode":420,"size":1180},"lib/utils/react/cleanJSXElementLiteralChild.js.map":{"checkedAt":1708590274450,"integrity":"sha512-YFsEQnp/6PE87CJMGaJYXYYwJYNTwn3qM9OORUWrlM15naCOxUgSkjGm1UVa6qfKqFE675ect7rh/4DXa1+tgA==","mode":420,"size":2835},"lib/utils/shallowEqual.js":{"checkedAt":1708590274451,"integrity":"sha512-RfZWFCQsa9+2muAt98U90e2bX51vq6evoH8ng4KFlxDO5C94kL0BcNAznh551lsUZJdEbPW6Ofc8YdiLjLI8Uw==","mode":420,"size":350},"lib/utils/shallowEqual.js.map":{"checkedAt":1708590274452,"integrity":"sha512-66Sdcfzwoq/hBWOcLv53XTXArwa2iRWQqkxL6S9P3FKSJY82q4YU3MmrEPfJoFITwT3sIEvUQ05yWc6yqtGCDQ==","mode":420,"size":795},"lib/validators/buildMatchMemberExpression.js":{"checkedAt":1708590274453,"integrity":"sha512-H7NShV2MsxO1F4d3PQXOQ+dgM7yE01KJ4bmicxHktnT4DydT4KcRYusLOmdsoiZdtlj7/4VkowYJOc3viuSb3w==","mode":420,"size":409},"lib/validators/buildMatchMemberExpression.js.map":{"checkedAt":1708590274454,"integrity":"sha512-2HbB3WDVNrz3rAKIndUQAETc3v6TZ7equCaIuWqcEUUTqk3BAZBSfwQVSNuVAGNEFliVy1VwqBTIme/xeJ5zIg==","mode":420,"size":1063},"lib/validators/generated/index.js":{"checkedAt":1708590274455,"integrity":"sha512-nh/no8OguN2Fm2hOq2vbqpu7/NOxW42pGAOxYW5YKtkdS0e1o4KBQyfAL+16BViKFkOoIfnEcA0qCph4lP34xg==","mode":420,"size":94873},"lib/validators/generated/index.js.map":{"checkedAt":1708590274456,"integrity":"sha512-stSi/Wh81c0e1O5uZsp+YpNNvb3q9N4jLUJkJR2a7qquA7b/cOU/hK1+lnc8Xr0xjPhHQczXpshR7Qy8XOtz+g==","mode":420,"size":200453},"lib/validators/is.js":{"checkedAt":1708590274457,"integrity":"sha512-pZ0dxh5tAYjqHUyABRVck69keXDnaxdvjDw/xKRDsjwqakxE2Q3AvAEwyB/BEno7QYb63/daGulAGw/zDNeFzw==","mode":420,"size":778},"lib/validators/is.js.map":{"checkedAt":1708590274458,"integrity":"sha512-SqCsUdq5SVzRKZ5uw08Bxy5SQ0Ftk6Dq7opRIu0+x4Uh1lXtV+9YvFDu3LGm3MZa71jFa/EAIiYCiUD5IDOfTg==","mode":420,"size":3036},"lib/validators/isBinding.js":{"checkedAt":1708590274459,"integrity":"sha512-MPt5IYlvifDZ+zZSeESieUJX8TkhsnNxNYhz6v4EMiI35QHFvoFf+ScB+zTpKN+eltdRJkzUyCtI97YtYwInHw==","mode":420,"size":780},"lib/validators/isBinding.js.map":{"checkedAt":1708590274460,"integrity":"sha512-mGk+QB3YOGag/rSiswewNFEUqZNR7v1662M/rpmFdzu/NNIoxoriETMuPd0vmgP0e66NGHcYGTz/RxkOefoJ/A==","mode":420,"size":2116},"lib/validators/isBlockScoped.js":{"checkedAt":1708590274461,"integrity":"sha512-3I4YIZDCka99L6WAWTB7XZ4SilO2dsQ0uLlYL7fLsb7iZJu1jLHa7XrKKXodcC/8gdxnrh90HC5qNdTr+vNgRA==","mode":420,"size":390},"lib/validators/isBlockScoped.js.map":{"checkedAt":1708590274462,"integrity":"sha512-en1n8dCM8sY5la4RwAZw744mXOSlHkTsGPkjgqMIuhDyAjoRRw81QDgszZCH4//6lBNJn6NBvXcnDH6VSh/SRg==","mode":420,"size":797},"lib/validators/isImmutable.js":{"checkedAt":1708590274463,"integrity":"sha512-MTW0u664u73SjRfUc2o65u2MnnP9VY/k7THwCbpCve0/mQHn+9rmUaHEn7G8C94wNrbilXwZIjejf/3+zItKLw==","mode":420,"size":487},"lib/validators/isImmutable.js.map":{"checkedAt":1708590274464,"integrity":"sha512-0baZKOqhdCMCd0Yb0S5zaQsRE6zZlQODiOCGr8qvVpK8URo0ITc3dks/RjIvcr8ePlH0yjopNBTAswl84crtvQ==","mode":420,"size":1046},"lib/validators/isLet.js":{"checkedAt":1708590274465,"integrity":"sha512-hki/CCsetYyMJG0f4efy76+AArax5wO4XWhhPr54BSHVbz/Oe9LVfJArriEWFrjMatucqC9PHDjD8Qn/UGZFbg==","mode":420,"size":371},"lib/validators/isLet.js.map":{"checkedAt":1708590274466,"integrity":"sha512-S1tCGFkYtAwvS7GrK5q7o66Lhbd9kzWcsbNDpnHedz1KDCXSEj8WXkRpQlUpdbnwc8vWqF7eblT/dJIv0fRdew==","mode":420,"size":892},"lib/validators/isNode.js":{"checkedAt":1708590274467,"integrity":"sha512-iE7bR+aKyfs7wh0qBo+/Rp1w2zu6igfWVmWKu9IbUTZBej3OroJGplzQHcd3D/28hkPYNzAzECWA7Oeg7C1iKA==","mode":420,"size":270},"lib/validators/isNode.js.map":{"checkedAt":1708590274468,"integrity":"sha512-pDUxBYww+AxAJlGzrRTXL9/EjaK0ZOU+pM2k0Ab5Oic/sCOQgEU6FrYuo3gICMBCVNC6CuPzDwioWHfKLKcuvw==","mode":420,"size":518},"lib/validators/isNodesEquivalent.js":{"checkedAt":1708590274469,"integrity":"sha512-hNUrihT0bH46xcz5xuq4fm8zC+6UhP2DI/1wcrlAg47vjYWMdeHLnBRF6MWPoeZPVTt7wYDdj2Z7Jf/3vHsagw==","mode":420,"size":1481},"lib/validators/isNodesEquivalent.js.map":{"checkedAt":1708590274470,"integrity":"sha512-4xzz0sttJooy3XvVulStqpLDoJs5SBP6zrIZQS/dC9bDInenCC7xMeRlkzaqTK7vEKNLfVbs6/PewZnh7NXoFQ==","mode":420,"size":3473},"lib/validators/isPlaceholderType.js":{"checkedAt":1708590274471,"integrity":"sha512-kGQp/KAEUXkoGLPbT999IORPFcd7wVCJ7HA9IFjeo10xZwKTVNetocgbifVi3JkJMe64io98nDP01wdZvX4/ew==","mode":420,"size":509},"lib/validators/isPlaceholderType.js.map":{"checkedAt":1708590274472,"integrity":"sha512-2UK8H/cViaNp99YWSCvE32UuZWkp7QK3/I7IhycbgTeW9IIfkpP7P4BqE3Jy1sGVgNyGCmkacGVWTLkKi9wZJw==","mode":420,"size":1094},"lib/validators/isReferenced.js":{"checkedAt":1708590274473,"integrity":"sha512-pdY/AMFPFEO6DeoBS3R6X9+6PYk8c9E2Vbhds/7kXS8G2bLwHafj0bkT4BZirqYpoia2k6B1aRL7AlSgxhUgrg==","mode":420,"size":2598},"lib/validators/isReferenced.js.map":{"checkedAt":1708590274474,"integrity":"sha512-0d2a0GVR3Ahvk3nyk0rudV1opCAiiDHXApyEbz0iR3UfOEwC+1pgZl3AXV/aiszRSANv3jVvM2jN/SKmLJU9lw==","mode":420,"size":7012},"lib/validators/isScope.js":{"checkedAt":1708590274475,"integrity":"sha512-yl6bhvWteFX4fGfbrKAW8pZjv9OCwVBK+Y9Cl2/tViAycT6MML7witKcbudtd/wVZbHCD8ZiWjVN43j1iJWXcg==","mode":420,"size":534},"lib/validators/isScope.js.map":{"checkedAt":1708590274476,"integrity":"sha512-TVl0167AU5EtMfSJ5EEDJIBv7/OFDRT4hQ4sLB7n41hYg/OG1f8dzDPXKIo1wTz2asK6X7EtkdyTuTjs+Rpfnw==","mode":420,"size":1470},"lib/validators/isSpecifierDefault.js":{"checkedAt":1708590274477,"integrity":"sha512-Pv430LnzWmBR0wtK1N1+7FzqhY4wEMxH+84mL4s+ZahUPvmgeIaqXgMJCpF5aSVNQJpNfb+nqkERooqnyNRA/g==","mode":420,"size":410},"lib/validators/isSpecifierDefault.js.map":{"checkedAt":1708590274478,"integrity":"sha512-Z//SAmeI6aEWBKPBEecJPL2oVNW3Ow+IFkA50rxCbl1tb6s4VGv5IMG1oSsmCguCQKPYn1hTzGRGAJ4aguqf0Q==","mode":420,"size":978},"lib/validators/isType.js":{"checkedAt":1708590274480,"integrity":"sha512-gAigf1NH70OVK3g2Wmkc3cTvyvKf2zdOvL43qf2KUuZNy2N0dwVywThKYRxFur4GiEuBPb4VbujuLSLWk6z4rg==","mode":420,"size":590},"lib/validators/isType.js.map":{"checkedAt":1708590274480,"integrity":"sha512-nnyES3yXUW3j48bMe1Ib1ci7UqhY+k3oIKi2A8Ht4Gvyeh4gMeyoB6NJKbHuhct7kwPz0uka2AXr79JLDILR7A==","mode":420,"size":1883},"lib/validators/isValidES3Identifier.js":{"checkedAt":1708590274481,"integrity":"sha512-H1/NzljRUJcW+nTqTNPmjlHaXRuvIE37KlDLgjp7eHW2zCstdD0yq4KL0BsR6pIRuRZpKpw+xEISQ//1UPlUHA==","mode":420,"size":649},"lib/validators/isValidES3Identifier.js.map":{"checkedAt":1708590274482,"integrity":"sha512-Pl/Tp8OEwq8V0JIavIAyyRAkQtiStt9f30gHtW7prAGAHoy4er/kBaluE1+4TPzPihqTF2R25kksv8t0i2ze2w==","mode":420,"size":1472},"lib/validators/isValidIdentifier.js":{"checkedAt":1708590274484,"integrity":"sha512-BQZJBUVPIycTZtoTt2uthiHygCUbBBMvIGUufkagJh0hyrt/vEaqjMKru2sUBMqn3FQeXEntIy2CGZhvZyqMIA==","mode":420,"size":584},"lib/validators/isValidIdentifier.js.map":{"checkedAt":1708590274485,"integrity":"sha512-yKRgdx/O1I9bGESoVzK+dQWQ0T5AHTfIJyVzivhZNvZeVp9mlwGn3kYMIxCyfBtuEgbkyg2jiiR58zTemD+YUg==","mode":420,"size":1175},"lib/validators/isVar.js":{"checkedAt":1708590274487,"integrity":"sha512-dAaiqJZBHxkm5SP2RjtBQuvLOFMuPcnBbhiAf5axGVM6rToCHD2ZL7N7kgDKbtksSbZNXzAdo7foafBu8A6mfA==","mode":420,"size":370},"lib/validators/isVar.js.map":{"checkedAt":1708590274488,"integrity":"sha512-4x2N+olBXK8R62298rpdAtWO50ALz9ZpudGtSwbZlVg92cjy+QKkeIFsloM6RTJPGzp8Z/a2+8glMdsbFvYA5Q==","mode":420,"size":879},"lib/validators/matchesPattern.js":{"checkedAt":1708590274489,"integrity":"sha512-uduhtBS1Ai/cszZ3lID5L0xUpCfHNBhSilEdRU8+pwUVrUpZT5Sk7TDicsHZgHGsSWA1XXdGINqqF+xDAptGuw==","mode":420,"size":1103},"lib/validators/matchesPattern.js.map":{"checkedAt":1708590274489,"integrity":"sha512-amC2j0kqo7AofBiGaCRJsYSB3f3qcmL30jl1+3POTpVre7kWTHXXXphccMxBOzFBdKIldFfxL3VzUea5aA0zWQ==","mode":420,"size":2982},"lib/validators/react/isCompatTag.js":{"checkedAt":1708590274491,"integrity":"sha512-Ocb2zo90fcQUs7rw4++YEhT+n+JjYlxa//dP6x6Bd49qeBwQaQcZ5tzqvQ/N4d7wO9HWIPSeKua1NWhtIBuQtA==","mode":420,"size":232},"lib/validators/react/isCompatTag.js.map":{"checkedAt":1708590274492,"integrity":"sha512-kR72fBBG3LFWbsmMK05pPZMlMTPn28TWihLdKZBfpcbizCC7sC/o6nBAlmLF6UYf/5RW2h9dKLwZIIPHcqIlLw==","mode":420,"size":421},"lib/validators/react/isReactComponent.js":{"checkedAt":1708590274493,"integrity":"sha512-vmxvz3V+3gOOiF4yolN47QuUd8vl3o7bkycC7LJK/QKodLsm5IGUUfvPUySdt+68scFsde6YgSrrq1ZbzDq4MQ==","mode":420,"size":368},"lib/validators/react/isReactComponent.js.map":{"checkedAt":1708590274494,"integrity":"sha512-A8bI+NeWBTTJJfjwS7XX7k3T/3MabAxYjQ3El3LxqA67JTdgCBx2MUYIHWFZU93DTUNEavCs+TebysKMoh0l5w==","mode":420,"size":571},"lib/validators/validate.js":{"checkedAt":1708590274495,"integrity":"sha512-asGWZosuTrYCde+yc/mZKOPmQ9Qeg21opjwDRwHEDI8NMKRji0d8GzSWa2J62do11xkRi4kR9TuRVHjIimMbYQ==","mode":420,"size":868},"lib/validators/validate.js.map":{"checkedAt":1708590274496,"integrity":"sha512-/30NTv+q8lNhzykv75dcAUdB11lGcCfB8nHAt7pXNaklD5+sBmqOQfs5JMn5CywJ0j3Fww1IIbnbGPoYfCcf8g==","mode":420,"size":2100},"package.json":{"checkedAt":1708590274497,"integrity":"sha512-gdgTE90O03ooGGdY/LsfDJelEzj1Wn9MhMGDm7zP5L3MCjv++sUvvcbcuGCXLIo/45DGggJh+xmsFWaqIjml/A==","mode":420,"size":1083}}}