{"files":{"LICENSE":{"checkedAt":1708590287977,"integrity":"sha512-UOO2nHn9DAmjyzpwwV0Scu/0jezBkqGLoKZNVJCn7ZV+l7ApYhoDOI/OlCh2TR6tqwtrEPB/7ahRiuplEJnMXQ==","mode":420,"size":1088},"index.js":{"checkedAt":1708590287978,"integrity":"sha512-iv5nLoCPdPFygZSQ3PYCF1ZCbPebSkfwVhrwQswTcWOYkBVSSvmBmAYxmvRA2hrkaR8f6y26fMceLY5M5P5sFA==","mode":420,"size":3562},"package.json":{"checkedAt":1708590287978,"integrity":"sha512-NuQSfVlOxomeMsTLdYj4scC8vp8E40yoULSB5y3MTQJXFLOS4R1yvv5yRNh4jn63PCdH3VnirBxLSdqXbzO10Q==","mode":420,"size":1830},"CHANGELOG.md":{"checkedAt":1708590287979,"integrity":"sha512-WSauQe8dhodUyU2FVOEeATp7yTy+lbLFvgT9Elk8W5Vd6x9apatb3hEknt0q2jaeiLwsicr0OiYmjHp9L/rTQw==","mode":420,"size":4571},"README.md":{"checkedAt":1708590287980,"integrity":"sha512-T9JY6EFRJAvN1Bh2gX7HyegmU72RNjvCV4Xu5196qJwKwMX/m653jwnPR8ZrTLj/uB4gjDaqgdXzuTPmUUmJaA==","mode":420,"size":11769}}}